path,label,photo_id
data/squares/empty/018_g1.png,empty,018
data/squares/empty/038_e2.png,empty,038
data/squares/empty/020_f3.png,empty,020
data/synth_squares/img/sq_03390_r.png,r,synth_052
data/squares/empty/074_g4.png,empty,074
data/synth_squares/img/sq_00698_Q.png,Q,synth_010
data/squares/empty/054_b6.png,empty,054
data/squares/empty/015_e4.png,empty,015
data/synth_squares/img/sq_03193_k.png,k,synth_049
data/synth_squares/img/sq_03611_k.png,k,synth_056
data/squares/empty/047_c1.png,empty,047
data/squares/empty/074_e1.png,empty,074
data/squares/empty/053_b5.png,empty,053
data/squares/empty/001_g4.png,empty,001
data/squares/empty/008_a3.png,empty,008
data/synth_squares/img/sq_00591_P.png,P,synth_009
data/squares/empty/058_d5.png,empty,058
data/synth_squares/img/sq_01211_K.png,K,synth_018
data/squares/empty/011_f8.png,empty,011
data/synth_squares/img/sq_03328_p.png,p,synth_052
data/synth_squares/img/sq_02830_P.png,P,synth_044
data/synth_squares/img/sq_00527_n.png,n,synth_008
data/synth_squares/img/sq_03366_B.png,B,synth_052
data/synth_squares/img/sq_00761_N.png,N,synth_011
data/synth_squares/img/sq_03481_r.png,r,synth_054
data/squares/empty/001_d3.png,empty,001
data/synth_squares/img/sq_01506_N.png,N,synth_023
data/squares/K/028_g3.png,K,028
data/synth_squares/img/sq_00982_N.png,N,synth_015
data/squares/empty/067_f3.png,empty,067
data/squares/empty/057_c8.png,empty,057
data/synth_squares/img/sq_00226_R.png,R,synth_003
data/synth_squares/img/sq_03158_B.png,B,synth_049
data/synth_squares/img/sq_03161_b.png,b,synth_049
data/synth_squares/img/sq_01823_N.png,N,synth_028
data/synth_squares/img/sq_03547_N.png,N,synth_055
data/squares/empty/057_b2.png,empty,057
data/synth_squares/img/sq_00154_n.png,n,synth_002
data/synth_squares/img/sq_02714_Q.png,Q,synth_042
data/synth_squares/img/sq_00372_B.png,B,synth_005
data/squares/empty/010_f5.png,empty,010
data/synth_squares/img/sq_03411_k.png,k,synth_053
data/squares/empty/056_e5.png,empty,056
data/synth_squares/img/sq_00275_r.png,r,synth_004
data/squares/empty/010_d2.png,empty,010
data/synth_squares/img/sq_00168_empty.png,empty,synth_002
data/squares/r/009_d5.png,r,009
data/squares/empty/015_b1.png,empty,015
data/synth_squares/img/sq_01540_b.png,b,synth_024
data/squares/B/000_b7.png,B,000
data/synth_squares/img/sq_02572_p.png,p,synth_040
data/synth_squares/img/sq_00413_k.png,k,synth_006
data/synth_squares/img/sq_03362_B.png,B,synth_052
data/squares/empty/006_b3.png,empty,006
data/synth_squares/img/sq_03633_empty.png,empty,synth_056
data/synth_squares/img/sq_02108_q.png,q,synth_032
data/squares/empty/040_d7.png,empty,040
data/squares/empty/059_c8.png,empty,059
data/synth_squares/img/sq_02423_q.png,q,synth_037
data/squares/empty/023_d5.png,empty,023
data/synth_squares/img/sq_00505_r.png,r,synth_007
data/synth_squares/img/sq_03294_R.png,R,synth_051
data/synth_squares/img/sq_00429_b.png,b,synth_006
data/squares/empty/010_g2.png,empty,010
data/squares/k/047_f5.png,k,047
data/squares/empty/061_e6.png,empty,061
data/synth_squares/img/sq_03670_p.png,p,synth_057
data/squares/empty/021_c6.png,empty,021
data/synth_squares/img/sq_00455_q.png,q,synth_007
data/synth_squares/img/sq_03330_empty.png,empty,synth_052
data/synth_squares/img/sq_02389_p.png,p,synth_037
data/squares/empty/056_d1.png,empty,056
data/synth_squares/img/sq_00016_empty.png,empty,synth_000
data/squares/empty/055_b4.png,empty,055
data/synth_squares/img/sq_03776_P.png,P,synth_059
data/squares/N/036_c5.png,N,036
data/squares/empty/019_g6.png,empty,019
data/squares/empty/053_f3.png,empty,053
data/squares/k/044_f4.png,k,044
data/synth_squares/img/sq_00812_k.png,k,synth_012
data/squares/empty/073_e5.png,empty,073
data/synth_squares/img/sq_03336_q.png,q,synth_052
data/synth_squares/img/sq_01484_Q.png,Q,synth_023
data/squares/empty/016_c4.png,empty,016
data/squares/empty/064_g3.png,empty,064
data/squares/empty/055_a4.png,empty,055
data/squares/empty/027_g2.png,empty,027
data/synth_squares/img/sq_01917_empty.png,empty,synth_029
data/synth_squares/img/sq_02148_r.png,r,synth_033
data/synth_squares/img/sq_00856_N.png,N,synth_013
data/squares/N/059_a2.png,N,059
data/synth_squares/img/sq_00290_Q.png,Q,synth_004
data/squares/empty/000_a6.png,empty,000
data/synth_squares/img/sq_01271_k.png,k,synth_019
data/squares/empty/004_a3.png,empty,004
data/squares/empty/066_f2.png,empty,066
data/synth_squares/img/sq_02319_empty.png,empty,synth_036
data/squares/empty/043_f7.png,empty,043
data/squares/empty/073_g8.png,empty,073
data/squares/empty/021_b3.png,empty,021
data/squares/empty/024_e3.png,empty,024
data/squares/p/052_d4.png,p,052
data/synth_squares/img/sq_01045_B.png,B,synth_016
data/synth_squares/img/sq_03275_N.png,N,synth_051
data/synth_squares/img/sq_03031_r.png,r,synth_047
data/squares/empty/011_d2.png,empty,011
data/synth_squares/img/sq_03136_Q.png,Q,synth_049
data/synth_squares/img/sq_02433_empty.png,empty,synth_038
data/synth_squares/img/sq_03289_Q.png,Q,synth_051
data/squares/empty/048_c1.png,empty,048
data/squares/empty/047_h1.png,empty,047
data/squares/B/037_d3.png,B,037
data/squares/empty/069_e1.png,empty,069
data/synth_squares/img/sq_02311_R.png,R,synth_036
data/squares/B/004_b8.png,B,004
data/synth_squares/img/sq_00906_P.png,P,synth_014
data/synth_squares/img/sq_00075_Q.png,Q,synth_001
data/synth_squares/img/sq_03554_b.png,b,synth_055
data/synth_squares/img/sq_03545_q.png,q,synth_055
data/squares/empty/006_f8.png,empty,006
data/squares/empty/044_b1.png,empty,044
data/squares/p/056_f7.png,p,056
data/squares/empty/041_d5.png,empty,041
data/squares/B/046_b8.png,B,046
data/squares/empty/053_c8.png,empty,053
data/squares/empty/006_e4.png,empty,006
data/squares/empty/000_a1.png,empty,000
data/squares/empty/034_f1.png,empty,034
data/synth_squares/img/sq_01856_Q.png,Q,synth_029
data/squares/b/013_c3.png,b,013
data/squares/empty/027_g1.png,empty,027
data/squares/empty/013_f2.png,empty,013
data/synth_squares/img/sq_02944_Q.png,Q,synth_046
data/synth_squares/img/sq_00650_B.png,B,synth_010
data/squares/empty/041_h6.png,empty,041
data/synth_squares/img/sq_03408_B.png,B,synth_053
data/squares/empty/059_b5.png,empty,059
data/synth_squares/img/sq_01348_B.png,B,synth_021
data/synth_squares/img/sq_03574_Q.png,Q,synth_055
data/synth_squares/img/sq_03746_B.png,B,synth_058
data/squares/empty/062_c6.png,empty,062
data/synth_squares/img/sq_00547_p.png,p,synth_008
data/squares/empty/032_b3.png,empty,032
data/synth_squares/img/sq_00057_N.png,N,synth_000
data/squares/K/022_f6.png,K,022
data/squares/empty/034_h6.png,empty,034
data/synth_squares/img/sq_02105_n.png,n,synth_032
data/squares/empty/073_b3.png,empty,073
data/synth_squares/img/sq_02687_Q.png,Q,synth_041
data/squares/empty/074_a5.png,empty,074
data/squares/empty/033_d1.png,empty,033
data/synth_squares/img/sq_02629_B.png,B,synth_041
data/squares/empty/021_b2.png,empty,021
data/synth_squares/img/sq_00637_P.png,P,synth_009
data/synth_squares/img/sq_02143_empty.png,empty,synth_033
data/squares/Q/018_d8.png,Q,018
data/synth_squares/img/sq_01095_P.png,P,synth_017
data/synth_squares/img/sq_01898_N.png,N,synth_029
data/synth_squares/img/sq_01501_B.png,B,synth_023
data/squares/empty/053_c5.png,empty,053
data/synth_squares/img/sq_01204_N.png,N,synth_018
data/synth_squares/img/sq_00881_empty.png,empty,synth_013
data/squares/empty/024_b6.png,empty,024
data/squares/empty/025_c4.png,empty,025
data/synth_squares/img/sq_02896_empty.png,empty,synth_045
data/squares/empty/008_f7.png,empty,008
data/squares/empty/010_c4.png,empty,010
data/synth_squares/img/sq_02248_n.png,n,synth_035
data/squares/empty/056_c1.png,empty,056
data/synth_squares/img/sq_00437_p.png,p,synth_006
data/synth_squares/img/sq_03648_n.png,n,synth_057
data/synth_squares/img/sq_01847_Q.png,Q,synth_028
data/squares/empty/064_g8.png,empty,064
data/squares/empty/055_d1.png,empty,055
data/squares/empty/015_c7.png,empty,015
data/squares/empty/016_a7.png,empty,016
data/synth_squares/img/sq_02775_P.png,P,synth_043
data/synth_squares/img/sq_02639_p.png,p,synth_041
data/synth_squares/img/sq_00603_empty.png,empty,synth_009
data/synth_squares/img/sq_01203_q.png,q,synth_018
data/synth_squares/img/sq_02327_P.png,P,synth_036
data/squares/empty/033_h5.png,empty,033
data/synth_squares/img/sq_02943_B.png,B,synth_045
data/squares/n/064_a5.png,n,064
data/synth_squares/img/sq_00487_K.png,K,synth_007
data/squares/empty/001_b1.png,empty,001
data/squares/empty/028_b5.png,empty,028
data/squares/empty/042_h7.png,empty,042
data/synth_squares/img/sq_03749_B.png,B,synth_058
data/squares/empty/024_c5.png,empty,024
data/synth_squares/img/sq_02385_n.png,n,synth_037
data/synth_squares/img/sq_00764_Q.png,Q,synth_011
data/squares/empty/058_f4.png,empty,058
data/synth_squares/img/sq_02414_n.png,n,synth_037
data/squares/empty/010_g1.png,empty,010
data/squares/empty/020_b5.png,empty,020
data/synth_squares/img/sq_01574_r.png,r,synth_024
data/synth_squares/img/sq_01671_P.png,P,synth_026
data/squares/empty/068_d2.png,empty,068
data/squares/empty/041_g8.png,empty,041
data/synth_squares/img/sq_00518_P.png,P,synth_008
data/synth_squares/img/sq_01990_P.png,P,synth_031
data/synth_squares/img/sq_00926_r.png,r,synth_014
data/synth_squares/img/sq_01199_k.png,k,synth_018
data/squares/empty/006_h5.png,empty,006
data/synth_squares/img/sq_01829_q.png,q,synth_028
data/synth_squares/img/sq_00238_Q.png,Q,synth_003
data/synth_squares/img/sq_01675_P.png,P,synth_026
data/synth_squares/img/sq_03091_n.png,n,synth_048
data/synth_squares/img/sq_01994_n.png,n,synth_031
data/synth_squares/img/sq_00151_p.png,p,synth_002
data/squares/empty/004_h1.png,empty,004
data/squares/empty/003_a6.png,empty,003
data/synth_squares/img/sq_03339_k.png,k,synth_052
data/synth_squares/img/sq_03218_n.png,n,synth_050
data/squares/empty/011_a3.png,empty,011
data/synth_squares/img/sq_01897_n.png,n,synth_029
data/synth_squares/img/sq_00744_b.png,b,synth_011
data/squares/empty/011_h2.png,empty,011
data/synth_squares/img/sq_00867_empty.png,empty,synth_013
data/synth_squares/img/sq_02170_r.png,r,synth_033
data/synth_squares/img/sq_02821_p.png,p,synth_044
data/synth_squares/img/sq_00866_q.png,q,synth_013
data/synth_squares/img/sq_03386_Q.png,Q,synth_052
data/synth_squares/img/sq_02398_K.png,K,synth_037
data/squares/empty/004_c1.png,empty,004
data/synth_squares/img/sq_01334_r.png,r,synth_020
data/squares/empty/060_f5.png,empty,060
data/synth_squares/img/sq_03595_N.png,N,synth_056
data/squares/empty/046_d1.png,empty,046
data/synth_squares/img/sq_03616_n.png,n,synth_056
data/squares/empty/019_b5.png,empty,019
data/squares/empty/007_h7.png,empty,007
data/squares/empty/005_a5.png,empty,005
data/synth_squares/img/sq_00302_n.png,n,synth_004
data/squares/K/038_e4.png,K,038
data/synth_squares/img/sq_03102_q.png,q,synth_048
data/squares/empty/035_a8.png,empty,035
data/squares/empty/067_g2.png,empty,067
data/synth_squares/img/sq_00412_q.png,q,synth_006
data/synth_squares/img/sq_01465_r.png,r,synth_022
data/squares/empty/026_h4.png,empty,026
data/squares/B/001_b8.png,B,001
data/squares/empty/025_c2.png,empty,025
data/synth_squares/img/sq_02565_N.png,N,synth_040
data/synth_squares/img/sq_02601_empty.png,empty,synth_040
data/squares/p/009_d3.png,p,009
data/squares/r/004_c5.png,r,004
data/squares/empty/009_b2.png,empty,009
data/squares/empty/043_h3.png,empty,043
data/synth_squares/img/sq_02757_B.png,B,synth_043
data/squares/empty/030_e3.png,empty,030
data/squares/empty/049_c5.png,empty,049
data/squares/empty/041_g6.png,empty,041
data/squares/empty/031_h5.png,empty,031
data/squares/empty/005_c2.png,empty,005
data/synth_squares/img/sq_02526_K.png,K,synth_039
data/synth_squares/img/sq_02555_N.png,N,synth_039
data/squares/empty/066_b3.png,empty,066
data/synth_squares/img/sq_03758_K.png,K,synth_058
data/synth_squares/img/sq_02430_r.png,r,synth_037
data/squares/p/062_f6.png,p,062
data/synth_squares/img/sq_00625_P.png,P,synth_009
data/synth_squares/img/sq_01356_P.png,P,synth_021
data/squares/empty/061_g2.png,empty,061
data/synth_squares/img/sq_00106_R.png,R,synth_001
data/squares/empty/048_g6.png,empty,048
data/squares/empty/059_h5.png,empty,059
data/squares/r/007_b1.png,r,007
data/squares/empty/068_h7.png,empty,068
data/squares/empty/048_b2.png,empty,048
data/squares/empty/045_g6.png,empty,045
data/squares/empty/048_b1.png,empty,048
data/synth_squares/img/sq_00220_q.png,q,synth_003
data/synth_squares/img/sq_03444_B.png,B,synth_053
data/synth_squares/img/sq_01099_R.png,R,synth_017
data/synth_squares/img/sq_00342_b.png,b,synth_005
data/synth_squares/img/sq_03309_b.png,b,synth_051
data/synth_squares/img/sq_00122_K.png,K,synth_001
data/squares/empty/070_f6.png,empty,070
data/squares/empty/021_h8.png,empty,021
data/synth_squares/img/sq_01319_R.png,R,synth_020
data/squares/empty/056_d7.png,empty,056
data/synth_squares/img/sq_00556_k.png,k,synth_008
data/squares/empty/060_a3.png,empty,060
data/squares/empty/002_d4.png,empty,002
data/squares/empty/014_a2.png,empty,014
data/squares/empty/053_b2.png,empty,053
data/squares/B/039_h8.png,B,039
data/squares/empty/048_f7.png,empty,048
data/squares/empty/027_h4.png,empty,027
data/squares/empty/027_c4.png,empty,027
data/synth_squares/img/sq_02238_r.png,r,synth_034
data/synth_squares/img/sq_03830_R.png,R,synth_059
data/synth_squares/img/sq_01973_K.png,K,synth_030
data/squares/empty/047_e2.png,empty,047
data/squares/empty/043_a4.png,empty,043
data/synth_squares/img/sq_01140_b.png,b,synth_017
data/synth_squares/img/sq_01870_b.png,b,synth_029
data/squares/empty/062_h8.png,empty,062
data/squares/empty/065_h2.png,empty,065
data/synth_squares/img/sq_00452_N.png,N,synth_007
data/squares/empty/067_h1.png,empty,067
data/synth_squares/img/sq_01134_empty.png,empty,synth_017
data/synth_squares/img/sq_02577_K.png,K,synth_040
data/synth_squares/img/sq_02885_P.png,P,synth_045
data/synth_squares/img/sq_03229_empty.png,empty,synth_050
data/squares/empty/039_e4.png,empty,039
data/squares/r/048_d3.png,r,048
data/synth_squares/img/sq_03375_P.png,P,synth_052
data/squares/empty/065_d6.png,empty,065
data/synth_squares/img/sq_02616_n.png,n,synth_040
data/squares/empty/035_d3.png,empty,035
data/synth_squares/img/sq_00552_b.png,b,synth_008
data/synth_squares/img/sq_03061_Q.png,Q,synth_047
data/squares/empty/031_f7.png,empty,031
data/synth_squares/img/sq_03434_q.png,q,synth_053
data/squares/empty/009_g8.png,empty,009
data/synth_squares/img/sq_00496_k.png,k,synth_007
data/synth_squares/img/sq_00166_P.png,P,synth_002
data/squares/P/035_a4.png,P,035
data/squares/empty/020_c1.png,empty,020
data/squares/empty/052_e7.png,empty,052
data/synth_squares/img/sq_00364_k.png,k,synth_005
data/synth_squares/img/sq_03254_b.png,b,synth_050
data/synth_squares/img/sq_02470_K.png,K,synth_038
data/synth_squares/img/sq_01640_p.png,p,synth_025
data/squares/empty/046_c5.png,empty,046
data/squares/empty/044_h5.png,empty,044
data/squares/empty/068_f8.png,empty,068
data/squares/empty/071_b1.png,empty,071
data/squares/empty/068_b3.png,empty,068
data/synth_squares/img/sq_00882_empty.png,empty,synth_013
data/squares/empty/063_a4.png,empty,063
data/synth_squares/img/sq_00617_b.png,b,synth_009
data/squares/empty/043_b5.png,empty,043
data/squares/empty/023_h7.png,empty,023
data/synth_squares/img/sq_00837_r.png,r,synth_013
data/synth_squares/img/sq_02346_n.png,n,synth_036
data/synth_squares/img/sq_03836_R.png,R,synth_059
data/synth_squares/img/sq_00486_empty.png,empty,synth_007
data/synth_squares/img/sq_02859_empty.png,empty,synth_044
data/synth_squares/img/sq_02375_k.png,k,synth_037
data/synth_squares/img/sq_02648_empty.png,empty,synth_041
data/squares/empty/042_c5.png,empty,042
data/synth_squares/img/sq_03026_N.png,N,synth_047
data/squares/empty/001_d2.png,empty,001
data/squares/empty/067_a7.png,empty,067
data/squares/empty/064_a3.png,empty,064
data/synth_squares/img/sq_03052_R.png,R,synth_047
data/synth_squares/img/sq_03300_k.png,k,synth_051
data/squares/empty/032_h7.png,empty,032
data/squares/N/059_b2.png,N,059
data/synth_squares/img/sq_01785_K.png,K,synth_027
data/squares/empty/005_c4.png,empty,005
data/synth_squares/img/sq_02844_b.png,b,synth_044
data/squares/empty/020_e5.png,empty,020
data/synth_squares/img/sq_02308_R.png,R,synth_036
data/synth_squares/img/sq_03674_p.png,p,synth_057
data/squares/empty/005_f8.png,empty,005
data/squares/empty/033_b5.png,empty,033
data/synth_squares/img/sq_02343_n.png,n,synth_036
data/squares/empty/069_d5.png,empty,069
data/squares/empty/003_f4.png,empty,003
data/squares/empty/045_d7.png,empty,045
data/squares/empty/003_g4.png,empty,003
data/synth_squares/img/sq_01537_N.png,N,synth_024
data/squares/n/040_b7.png,n,040
data/squares/empty/074_e6.png,empty,074
data/squares/empty/038_b3.png,empty,038
data/synth_squares/img/sq_00975_B.png,B,synth_015
data/synth_squares/img/sq_02513_n.png,n,synth_039
data/squares/p/035_d6.png,p,035
data/synth_squares/img/sq_01584_R.png,R,synth_024
data/squares/k/067_d3.png,k,067
data/squares/empty/009_h5.png,empty,009
data/squares/empty/053_d3.png,empty,053
data/squares/empty/061_b1.png,empty,061
data/squares/empty/061_a2.png,empty,061
data/synth_squares/img/sq_00962_k.png,k,synth_015
data/synth_squares/img/sq_03563_q.png,q,synth_055
data/synth_squares/img/sq_00119_n.png,n,synth_001
data/squares/empty/032_f4.png,empty,032
data/squares/empty/008_d4.png,empty,008
data/synth_squares/img/sq_00341_k.png,k,synth_005
data/squares/empty/052_f3.png,empty,052
data/synth_squares/img/sq_01031_Q.png,Q,synth_016
data/squares/empty/037_f1.png,empty,037
data/squares/k/014_h1.png,k,014
data/synth_squares/img/sq_01280_B.png,B,synth_020
data/squares/empty/033_b3.png,empty,033
data/squares/empty/069_c6.png,empty,069
data/synth_squares/img/sq_02882_Q.png,Q,synth_045
data/synth_squares/img/sq_03425_n.png,n,synth_053
data/synth_squares/img/sq_03338_q.png,q,synth_052
data/synth_squares/img/sq_01673_k.png,k,synth_026
data/squares/empty/007_e7.png,empty,007
data/squares/P/018_f2.png,P,018
data/squares/empty/024_h2.png,empty,024
data/squares/empty/010_d6.png,empty,010
data/squares/empty/028_a3.png,empty,028
data/squares/r/007_g2.png,r,007
data/synth_squares/img/sq_02668_empty.png,empty,synth_041
data/synth_squares/img/sq_03231_p.png,p,synth_050
data/squares/empty/044_b2.png,empty,044
data/synth_squares/img/sq_01241_R.png,R,synth_019
data/synth_squares/img/sq_01920_Q.png,Q,synth_030
data/squares/empty/008_h3.png,empty,008
data/synth_squares/img/sq_02634_P.png,P,synth_041
data/synth_squares/img/sq_03747_n.png,n,synth_058
data/squares/empty/014_f7.png,empty,014
data/squares/empty/046_d2.png,empty,046
data/synth_squares/img/sq_02204_b.png,b,synth_034
data/squares/empty/042_c2.png,empty,042
data/synth_squares/img/sq_00130_R.png,R,synth_002
data/squares/empty/050_e7.png,empty,050
data/squares/empty/031_g4.png,empty,031
data/synth_squares/img/sq_02013_r.png,r,synth_031
data/squares/empty/000_h1.png,empty,000
data/squares/empty/031_b4.png,empty,031
data/synth_squares/img/sq_00654_b.png,b,synth_010
data/squares/p/021_g7.png,p,021
data/synth_squares/img/sq_02072_n.png,n,synth_032
data/squares/empty/007_f5.png,empty,007
data/synth_squares/img/sq_01637_q.png,q,synth_025
data/synth_squares/img/sq_00423_k.png,k,synth_006
data/synth_squares/img/sq_00054_N.png,N,synth_000
data/squares/empty/004_a6.png,empty,004
data/squares/empty/034_d5.png,empty,034
data/squares/n/073_e1.png,n,073
data/synth_squares/img/sq_01223_k.png,k,synth_019
data/synth_squares/img/sq_00495_p.png,p,synth_007
data/synth_squares/img/sq_02786_R.png,R,synth_043
data/squares/empty/020_e3.png,empty,020
data/squares/empty/057_c3.png,empty,057
data/squares/empty/026_f8.png,empty,026
data/squares/empty/013_g5.png,empty,013
data/squares/empty/030_g1.png,empty,030
data/synth_squares/img/sq_02878_Q.png,Q,synth_044
data/squares/empty/023_f7.png,empty,023
data/synth_squares/img/sq_01738_n.png,n,synth_027
data/squares/empty/069_a2.png,empty,069
data/synth_squares/img/sq_01553_r.png,r,synth_024
data/synth_squares/img/sq_01783_q.png,q,synth_027
data/squares/k/020_d7.png,k,020
data/squares/empty/011_f2.png,empty,011
data/synth_squares/img/sq_00990_P.png,P,synth_015
data/squares/empty/029_e2.png,empty,029
data/synth_squares/img/sq_03360_Q.png,Q,synth_052
data/synth_squares/img/sq_02782_k.png,k,synth_043
data/synth_squares/img/sq_01001_Q.png,Q,synth_015
data/squares/empty/018_a4.png,empty,018
data/synth_squares/img/sq_00205_p.png,p,synth_003
data/synth_squares/img/sq_03150_p.png,p,synth_049
data/synth_squares/img/sq_00052_empty.png,empty,synth_000
data/squares/empty/001_c2.png,empty,001
data/squares/b/070_c7.png,b,070
data/squares/empty/032_e5.png,empty,032
data/squares/B/065_b8.png,B,065
data/squares/empty/014_d1.png,empty,014
data/squares/r/039_d8.png,r,039
data/synth_squares/img/sq_01460_R.png,R,synth_022
data/synth_squares/img/sq_01227_n.png,n,synth_019
data/squares/empty/048_a6.png,empty,048
data/squares/empty/047_h5.png,empty,047
data/synth_squares/img/sq_03000_N.png,N,synth_046
data/squares/empty/014_g2.png,empty,014
data/synth_squares/img/sq_00318_N.png,N,synth_004
data/synth_squares/img/sq_03548_q.png,q,synth_055
data/squares/empty/019_h3.png,empty,019
data/synth_squares/img/sq_00081_K.png,K,synth_001
data/synth_squares/img/sq_00224_K.png,K,synth_003
data/synth_squares/img/sq_00508_p.png,p,synth_007
data/squares/empty/054_b5.png,empty,054
data/squares/empty/013_d2.png,empty,013
data/squares/empty/021_c4.png,empty,021
data/synth_squares/img/sq_00296_B.png,B,synth_004
data/synth_squares/img/sq_02425_n.png,n,synth_037
data/synth_squares/img/sq_00672_P.png,P,synth_010
data/synth_squares/img/sq_01765_k.png,k,synth_027
data/squares/empty/031_e7.png,empty,031
data/squares/empty/005_f1.png,empty,005
data/synth_squares/img/sq_02428_R.png,R,synth_037
data/synth_squares/img/sq_02527_empty.png,empty,synth_039
data/squares/empty/018_e3.png,empty,018
data/synth_squares/img/sq_03685_q.png,q,synth_057
data/squares/empty/016_a5.png,empty,016
data/squares/R/023_a4.png,R,023
data/squares/empty/042_b5.png,empty,042
data/squares/empty/022_f1.png,empty,022
data/synth_squares/img/sq_01910_P.png,P,synth_029
data/squares/R/023_d8.png,R,023
data/synth_squares/img/sq_03431_k.png,k,synth_053
data/squares/empty/015_c1.png,empty,015
data/synth_squares/img/sq_03215_P.png,P,synth_050
data/synth_squares/img/sq_02699_K.png,K,synth_042
data/squares/empty/050_d5.png,empty,050
data/squares/n/017_d7.png,n,017
data/squares/k/004_h8.png,k,004
data/squares/empty/019_c7.png,empty,019
data/squares/R/007_e2.png,R,007
data/squares/empty/060_g2.png,empty,060
data/squares/empty/035_b1.png,empty,035
data/synth_squares/img/sq_03037_N.png,N,synth_047
data/synth_squares/img/sq_00726_r.png,r,synth_011
data/synth_squares/img/sq_00986_p.png,p,synth_015
data/squares/empty/048_h2.png,empty,048
data/synth_squares/img/sq_03631_R.png,R,synth_056
data/squares/empty/037_c8.png,empty,037
data/squares/empty/026_a6.png,empty,026
data/squares/empty/041_g2.png,empty,041
data/squares/empty/055_b6.png,empty,055
data/squares/empty/060_e4.png,empty,060
data/squares/empty/005_f4.png,empty,005
data/squares/empty/037_b7.png,empty,037
data/synth_squares/img/sq_01556_B.png,B,synth_024
data/synth_squares/img/sq_02643_p.png,p,synth_041
data/synth_squares/img/sq_00433_n.png,n,synth_006
data/squares/empty/004_f6.png,empty,004
data/squares/empty/008_c5.png,empty,008
data/squares/empty/050_e2.png,empty,050
data/squares/empty/062_h5.png,empty,062
data/squares/empty/060_g4.png,empty,060
data/synth_squares/img/sq_02843_empty.png,empty,synth_044
data/squares/empty/046_e1.png,empty,046
data/synth_squares/img/sq_03899_N.png,N,synth_060
data/synth_squares/img/sq_03775_n.png,n,synth_058
data/synth_squares/img/sq_02033_B.png,B,synth_031
data/squares/empty/009_a6.png,empty,009
data/squares/empty/057_f4.png,empty,057
data/squares/empty/039_a5.png,empty,039
data/synth_squares/img/sq_01259_K.png,K,synth_019
data/synth_squares/img/sq_03073_Q.png,Q,synth_048
data/synth_squares/img/sq_00251_k.png,k,synth_003
data/synth_squares/img/sq_02725_p.png,p,synth_042
data/squares/empty/035_d7.png,empty,035
data/synth_squares/img/sq_01959_q.png,q,synth_030
data/squares/empty/062_d5.png,empty,062
data/squares/empty/067_a2.png,empty,067
data/squares/empty/059_a3.png,empty,059
data/synth_squares/img/sq_03707_Q.png,Q,synth_057
data/synth_squares/img/sq_00639_N.png,N,synth_009
data/synth_squares/img/sq_00344_p.png,p,synth_005
data/synth_squares/img/sq_00884_N.png,N,synth_013
data/squares/empty/005_d6.png,empty,005
data/squares/P/022_g7.png,P,022
data/squares/empty/021_h3.png,empty,021
data/squares/empty/036_h5.png,empty,036
data/squares/K/001_c3.png,K,001
data/synth_squares/img/sq_00367_B.png,B,synth_005
data/synth_squares/img/sq_03883_P.png,P,synth_060
data/synth_squares/img/sq_02964_R.png,R,synth_046
data/squares/empty/008_a2.png,empty,008
data/synth_squares/img/sq_00408_N.png,N,synth_006
data/synth_squares/img/sq_03739_p.png,p,synth_058
data/synth_squares/img/sq_01282_B.png,B,synth_020
data/synth_squares/img/sq_00835_Q.png,Q,synth_013
data/squares/empty/069_b5.png,empty,069
data/squares/empty/061_h2.png,empty,061
data/synth_squares/img/sq_00215_empty.png,empty,synth_003
data/synth_squares/img/sq_00234_K.png,K,synth_003
data/synth_squares/img/sq_02961_Q.png,Q,synth_046
data/synth_squares/img/sq_01981_B.png,B,synth_030
data/synth_squares/img/sq_02036_Q.png,Q,synth_031
data/synth_squares/img/sq_01609_k.png,k,synth_025
data/synth_squares/img/sq_03816_n.png,n,synth_059
data/synth_squares/img/sq_00156_b.png,b,synth_002
data/squares/B/033_e7.png,B,033
data/squares/empty/024_h5.png,empty,024
data/squares/empty/071_g3.png,empty,071
data/squares/empty/053_c3.png,empty,053
data/synth_squares/img/sq_03833_k.png,k,synth_059
data/squares/empty/034_c2.png,empty,034
data/squares/empty/058_a8.png,empty,058
data/squares/empty/026_e2.png,empty,026
data/squares/empty/056_e2.png,empty,056
data/synth_squares/img/sq_01162_B.png,B,synth_018
data/squares/empty/068_d5.png,empty,068
data/squares/empty/007_b2.png,empty,007
data/synth_squares/img/sq_03237_k.png,k,synth_050
data/squares/empty/029_a7.png,empty,029
data/squares/B/017_f4.png,B,017
data/squares/empty/011_b6.png,empty,011
data/squares/empty/044_e7.png,empty,044
data/squares/empty/046_f2.png,empty,046
data/squares/empty/013_a8.png,empty,013
data/synth_squares/img/sq_03709_B.png,B,synth_057
data/squares/empty/024_f8.png,empty,024
data/synth_squares/img/sq_00834_Q.png,Q,synth_013
data/synth_squares/img/sq_00391_n.png,n,synth_006
data/synth_squares/img/sq_01091_N.png,N,synth_017
data/squares/empty/068_b5.png,empty,068
data/synth_squares/img/sq_03228_p.png,p,synth_050
data/synth_squares/img/sq_02435_q.png,q,synth_038
data/synth_squares/img/sq_01288_n.png,n,synth_020
data/synth_squares/img/sq_02754_K.png,K,synth_043
data/squares/empty/025_h3.png,empty,025
data/synth_squares/img/sq_02393_r.png,r,synth_037
data/squares/empty/001_h2.png,empty,001
data/squares/empty/057_a2.png,empty,057
data/squares/empty/043_f3.png,empty,043
data/squares/empty/001_c7.png,empty,001
data/synth_squares/img/sq_01884_P.png,P,synth_029
data/squares/empty/050_e1.png,empty,050
data/squares/empty/011_b5.png,empty,011
data/synth_squares/img/sq_00398_b.png,b,synth_006
data/synth_squares/img/sq_00647_p.png,p,synth_010
data/squares/empty/061_e3.png,empty,061
data/synth_squares/img/sq_03321_b.png,b,synth_051
data/squares/empty/016_b7.png,empty,016
data/synth_squares/img/sq_00029_N.png,N,synth_000
data/synth_squares/img/sq_01666_empty.png,empty,synth_026
data/synth_squares/img/sq_02655_N.png,N,synth_041
data/squares/empty/039_f4.png,empty,039
data/squares/empty/010_b6.png,empty,010
data/synth_squares/img/sq_02916_p.png,p,synth_045
data/squares/empty/016_g3.png,empty,016
data/squares/N/021_a2.png,N,021
data/synth_squares/img/sq_02269_empty.png,empty,synth_035
data/squares/b/014_e1.png,b,014
data/squares/empty/048_e6.png,empty,048
data/synth_squares/img/sq_03430_K.png,K,synth_053
data/synth_squares/img/sq_03483_q.png,q,synth_054
data/squares/p/031_a6.png,p,031
data/synth_squares/img/sq_02682_p.png,p,synth_041
data/synth_squares/img/sq_01622_k.png,k,synth_025
data/squares/empty/047_a2.png,empty,047
data/synth_squares/img/sq_03044_R.png,R,synth_047
data/squares/empty/012_d5.png,empty,012
data/synth_squares/img/sq_03173_Q.png,Q,synth_049
data/synth_squares/img/sq_00343_r.png,r,synth_005
data/synth_squares/img/sq_00108_n.png,n,synth_001
data/squares/empty/064_g1.png,empty,064
data/squares/empty/029_c6.png,empty,029
data/squares/empty/057_g7.png,empty,057
data/synth_squares/img/sq_02060_Q.png,Q,synth_032
data/squares/empty/032_g1.png,empty,032
data/squares/empty/046_a5.png,empty,046
data/synth_squares/img/sq_01565_b.png,b,synth_024
data/synth_squares/img/sq_01077_k.png,k,synth_016
data/synth_squares/img/sq_03559_K.png,K,synth_055
data/synth_squares/img/sq_02407_empty.png,empty,synth_037
data/synth_squares/img/sq_03612_empty.png,empty,synth_056
data/squares/empty/043_g1.png,empty,043
data/synth_squares/img/sq_01656_b.png,b,synth_025
data/synth_squares/img/sq_02279_B.png,B,synth_035
data/synth_squares/img/sq_02763_b.png,b,synth_043
data/squares/empty/056_g8.png,empty,056
data/squares/empty/000_b6.png,empty,000
data/squares/empty/074_a8.png,empty,074
data/synth_squares/img/sq_03745_b.png,b,synth_058
data/synth_squares/img/sq_02800_r.png,r,synth_043
data/synth_squares/img/sq_00774_R.png,R,synth_012
data/synth_squares/img/sq_02337_empty.png,empty,synth_036
data/synth_squares/img/sq_03866_B.png,B,synth_060
data/synth_squares/img/sq_02194_Q.png,Q,synth_034
data/synth_squares/img/sq_03350_empty.png,empty,synth_052
data/squares/empty/005_h5.png,empty,005
data/squares/empty/049_a5.png,empty,049
data/synth_squares/img/sq_03459_b.png,b,synth_054
data/squares/B/020_b8.png,B,020
data/squares/empty/029_b5.png,empty,029
data/synth_squares/img/sq_01975_k.png,k,synth_030
data/squares/empty/045_c7.png,empty,045
data/squares/empty/053_d6.png,empty,053
data/synth_squares/img/sq_03769_N.png,N,synth_058
data/squares/empty/065_d8.png,empty,065
data/squares/B/053_b8.png,B,053
data/squares/empty/068_b4.png,empty,068
data/synth_squares/img/sq_02867_P.png,P,synth_044
data/squares/empty/034_h5.png,empty,034
data/synth_squares/img/sq_01796_r.png,r,synth_028
data/synth_squares/img/sq_01912_k.png,k,synth_029
data/squares/empty/016_e1.png,empty,016
data/synth_squares/img/sq_00315_N.png,N,synth_004
data/squares/R/067_c1.png,R,067
data/synth_squares/img/sq_02678_R.png,R,synth_041
data/synth_squares/img/sq_03853_Q.png,Q,synth_060
data/squares/empty/020_d6.png,empty,020
data/squares/empty/046_h5.png,empty,046
data/squares/empty/048_e3.png,empty,048
data/squares/empty/003_a4.png,empty,003
data/squares/empty/020_h2.png,empty,020
data/squares/empty/060_b6.png,empty,060
data/synth_squares/img/sq_01853_r.png,r,synth_028
data/squares/empty/007_g7.png,empty,007
data/synth_squares/img/sq_03272_N.png,N,synth_051
data/squares/empty/053_g8.png,empty,053
data/squares/empty/064_e4.png,empty,064
data/squares/N/039_f6.png,N,039
data/squares/empty/057_b3.png,empty,057
data/squares/R/038_e1.png,R,038
data/synth_squares/img/sq_01946_k.png,k,synth_030
data/synth_squares/img/sq_02615_k.png,k,synth_040
data/squares/B/037_b8.png,B,037
data/squares/empty/050_e3.png,empty,050
data/synth_squares/img/sq_02500_n.png,n,synth_039
data/squares/R/068_f6.png,R,068
data/squares/r/060_c1.png,r,060
data/synth_squares/img/sq_01256_K.png,K,synth_019
data/synth_squares/img/sq_02877_B.png,B,synth_044
data/squares/empty/029_a4.png,empty,029
data/synth_squares/img/sq_01831_p.png,p,synth_028
data/squares/empty/069_b2.png,empty,069
data/squares/empty/005_g8.png,empty,005
data/squares/R/027_g4.png,R,027
data/squares/empty/067_a5.png,empty,067
data/squares/empty/074_a2.png,empty,074
data/squares/empty/020_e1.png,empty,020
data/squares/empty/055_d6.png,empty,055
data/squares/empty/047_b6.png,empty,047
data/synth_squares/img/sq_00888_empty.png,empty,synth_013
data/squares/empty/065_g1.png,empty,065
data/squares/empty/058_g8.png,empty,058
data/synth_squares/img/sq_01699_b.png,b,synth_026
data/squares/empty/061_a1.png,empty,061
data/squares/n/008_a1.png,n,008
data/squares/empty/046_c6.png,empty,046
data/synth_squares/img/sq_01247_P.png,P,synth_019
data/synth_squares/img/sq_02835_R.png,R,synth_044
data/synth_squares/img/sq_03813_n.png,n,synth_059
data/squares/empty/024_h4.png,empty,024
data/squares/empty/000_f4.png,empty,000
data/squares/empty/036_b3.png,empty,036
data/squares/empty/012_g3.png,empty,012
data/squares/empty/068_d8.png,empty,068
data/squares/empty/047_e7.png,empty,047
data/synth_squares/img/sq_00801_empty.png,empty,synth_012
data/squares/empty/006_e2.png,empty,006
data/synth_squares/img/sq_00939_r.png,r,synth_014
data/synth_squares/img/sq_02169_K.png,K,synth_033
data/synth_squares/img/sq_02318_N.png,N,synth_036
data/squares/empty/022_e1.png,empty,022
data/squares/n/062_h7.png,n,062
data/squares/empty/017_e2.png,empty,017
data/synth_squares/img/sq_02307_K.png,K,synth_036
data/synth_squares/img/sq_01941_n.png,n,synth_030
data/synth_squares/img/sq_01419_k.png,k,synth_022
data/synth_squares/img/sq_02558_N.png,N,synth_039
data/squares/P/068_e2.png,P,068
data/synth_squares/img/sq_00006_k.png,k,synth_000
data/squares/empty/056_a5.png,empty,056
data/synth_squares/img/sq_03342_N.png,N,synth_052
data/synth_squares/img/sq_02373_Q.png,Q,synth_037
data/squares/empty/000_d6.png,empty,000
data/synth_squares/img/sq_00667_B.png,B,synth_010
data/squares/empty/060_c4.png,empty,060
data/squares/k/031_h2.png,k,031
data/synth_squares/img/sq_02992_B.png,B,synth_046
data/synth_squares/img/sq_03139_B.png,B,synth_049
data/synth_squares/img/sq_00787_k.png,k,synth_012
data/squares/empty/028_e2.png,empty,028
data/squares/P/068_a5.png,P,068
data/squares/empty/053_c1.png,empty,053
data/squares/B/043_e8.png,B,043
data/synth_squares/img/sq_03082_P.png,P,synth_048
data/squares/B/031_b8.png,B,031
data/squares/empty/028_h2.png,empty,028
data/synth_squares/img/sq_03109_p.png,p,synth_048
data/squares/empty/073_c4.png,empty,073
data/squares/n/032_d8.png,n,032
data/squares/P/056_a6.png,P,056
data/squares/empty/054_g3.png,empty,054
data/synth_squares/img/sq_01760_r.png,r,synth_027
data/synth_squares/img/sq_01578_K.png,K,synth_024
data/synth_squares/img/sq_03323_k.png,k,synth_051
data/squares/empty/050_a5.png,empty,050
data/synth_squares/img/sq_03755_r.png,r,synth_058
data/synth_squares/img/sq_02988_Q.png,Q,synth_046
data/synth_squares/img/sq_00013_k.png,k,synth_000
data/synth_squares/img/sq_00346_B.png,B,synth_005
data/synth_squares/img/sq_00622_b.png,b,synth_009
data/squares/empty/017_f7.png,empty,017
data/squares/empty/004_f8.png,empty,004
data/synth_squares/img/sq_00551_K.png,K,synth_008
data/squares/B/003_b8.png,B,003
data/synth_squares/img/sq_00778_Q.png,Q,synth_012
data/squares/empty/027_d5.png,empty,027
data/synth_squares/img/sq_02448_n.png,n,synth_038
data/synth_squares/img/sq_01004_b.png,b,synth_015
data/squares/r/044_d4.png,r,044
data/squares/B/002_d8.png,B,002
data/squares/R/020_c5.png,R,020
data/synth_squares/img/sq_01295_q.png,q,synth_020
data/squares/empty/007_f7.png,empty,007
data/squares/empty/009_e4.png,empty,009
data/synth_squares/img/sq_01726_B.png,B,synth_026
data/squares/empty/002_b1.png,empty,002
data/squares/K/049_f4.png,K,049
data/synth_squares/img/sq_01611_r.png,r,synth_025
data/squares/empty/014_g4.png,empty,014
data/squares/R/054_e8.png,R,054
data/synth_squares/img/sq_02042_r.png,r,synth_031
data/synth_squares/img/sq_02805_P.png,P,synth_043
data/synth_squares/img/sq_01559_empty.png,empty,synth_024
data/squares/empty/057_c2.png,empty,057
data/squares/empty/022_f8.png,empty,022
data/squares/empty/058_h3.png,empty,058
data/squares/empty/066_g6.png,empty,066
data/synth_squares/img/sq_00868_K.png,K,synth_013
data/synth_squares/img/sq_02366_p.png,p,synth_036
data/squares/empty/018_b3.png,empty,018
data/synth_squares/img/sq_03124_R.png,R,synth_048
data/squares/empty/040_c2.png,empty,040
data/squares/empty/065_e3.png,empty,065
data/squares/empty/007_c4.png,empty,007
data/squares/empty/009_b4.png,empty,009
data/squares/B/027_d6.png,B,027
data/squares/empty/010_c2.png,empty,010
data/synth_squares/img/sq_01606_R.png,R,synth_025
data/squares/empty/042_f6.png,empty,042
data/squares/empty/033_c1.png,empty,033
data/squares/empty/017_h4.png,empty,017
data/synth_squares/img/sq_00895_p.png,p,synth_013
data/squares/empty/068_f1.png,empty,068
data/synth_squares/img/sq_02197_empty.png,empty,synth_034
data/squares/empty/016_d3.png,empty,016
data/squares/empty/010_h6.png,empty,010
data/squares/empty/009_g2.png,empty,009
data/synth_squares/img/sq_00000_p.png,p,synth_000
data/squares/n/062_e8.png,n,062
data/squares/empty/011_g5.png,empty,011
data/squares/empty/024_f4.png,empty,024
data/synth_squares/img/sq_00022_K.png,K,synth_000
data/squares/empty/025_f5.png,empty,025
data/squares/P/034_c3.png,P,034
data/squares/empty/037_b6.png,empty,037
data/squares/empty/063_a8.png,empty,063
data/squares/p/006_h6.png,p,006
data/synth_squares/img/sq_00453_n.png,n,synth_007
data/squares/empty/007_d7.png,empty,007
data/squares/empty/044_f6.png,empty,044
data/synth_squares/img/sq_01576_K.png,K,synth_024
data/synth_squares/img/sq_02323_Q.png,Q,synth_036
data/squares/empty/040_a8.png,empty,040
data/squares/empty/006_d6.png,empty,006
data/squares/empty/069_f4.png,empty,069
data/squares/n/015_g4.png,n,015
data/squares/empty/057_d6.png,empty,057
data/synth_squares/img/sq_03284_B.png,B,synth_051
data/synth_squares/img/sq_03724_b.png,b,synth_058
data/synth_squares/img/sq_01153_R.png,R,synth_018
data/squares/p/062_b3.png,p,062
data/synth_squares/img/sq_01888_Q.png,Q,synth_029
data/squares/n/025_d3.png,n,025
data/synth_squares/img/sq_03696_k.png,k,synth_057
data/squares/empty/053_e5.png,empty,053
data/synth_squares/img/sq_03220_b.png,b,synth_050
data/squares/empty/011_c2.png,empty,011
data/squares/empty/042_a5.png,empty,042
data/synth_squares/img/sq_02130_P.png,P,synth_033
data/squares/empty/067_c3.png,empty,067
data/synth_squares/img/sq_00701_N.png,N,synth_010
data/squares/empty/059_b3.png,empty,059
data/squares/empty/032_f3.png,empty,032
data/squares/empty/039_c7.png,empty,039
data/squares/r/070_d1.png,r,070
data/squares/empty/015_b7.png,empty,015
data/squares/empty/030_b4.png,empty,030
data/squares/empty/047_a7.png,empty,047
data/synth_squares/img/sq_01427_k.png,k,synth_022
data/synth_squares/img/sq_00227_b.png,b,synth_003
data/synth_squares/img/sq_02477_p.png,p,synth_038
data/squares/empty/028_e6.png,empty,028
data/squares/b/060_e8.png,b,060
data/squares/empty/073_e3.png,empty,073
data/squares/empty/056_c3.png,empty,056
data/squares/empty/007_h3.png,empty,007
data/synth_squares/img/sq_00523_P.png,P,synth_008
data/squares/empty/009_h8.png,empty,009
data/synth_squares/img/sq_02716_N.png,N,synth_042
data/synth_squares/img/sq_00402_P.png,P,synth_006
data/squares/empty/010_h7.png,empty,010
data/squares/R/020_h6.png,R,020
data/synth_squares/img/sq_00473_r.png,r,synth_007
data/synth_squares/img/sq_03369_K.png,K,synth_052
data/squares/empty/027_b2.png,empty,027
data/synth_squares/img/sq_01493_K.png,K,synth_023
data/squares/empty/069_e8.png,empty,069
data/synth_squares/img/sq_02046_k.png,k,synth_031
data/synth_squares/img/sq_02738_empty.png,empty,synth_042
data/squares/empty/056_f8.png,empty,056
data/squares/empty/031_b7.png,empty,031
data/synth_squares/img/sq_03593_Q.png,Q,synth_056
data/synth_squares/img/sq_02973_p.png,p,synth_046
data/synth_squares/img/sq_00329_b.png,b,synth_005
data/squares/empty/034_e6.png,empty,034
data/squares/empty/002_h1.png,empty,002
data/synth_squares/img/sq_03693_P.png,P,synth_057
data/squares/empty/059_e5.png,empty,059
data/squares/empty/052_e6.png,empty,052
data/squares/R/025_c1.png,R,025
data/squares/empty/037_c1.png,empty,037
data/squares/empty/022_e8.png,empty,022
data/synth_squares/img/sq_00400_r.png,r,synth_006
data/squares/empty/074_g2.png,empty,074
data/squares/empty/000_f7.png,empty,000
data/synth_squares/img/sq_00612_R.png,R,synth_009
data/synth_squares/img/sq_03522_P.png,P,synth_055
data/squares/empty/004_b7.png,empty,004
data/synth_squares/img/sq_01208_R.png,R,synth_018
data/synth_squares/img/sq_01819_p.png,p,synth_028
data/squares/empty/054_d8.png,empty,054
data/synth_squares/img/sq_00313_empty.png,empty,synth_004
data/synth_squares/img/sq_02544_p.png,p,synth_039
data/synth_squares/img/sq_00679_b.png,b,synth_010
data/squares/empty/046_e2.png,empty,046
data/squares/empty/032_a7.png,empty,032
data/synth_squares/img/sq_00258_b.png,b,synth_004
data/squares/empty/062_c4.png,empty,062
data/squares/empty/006_d1.png,empty,006
data/synth_squares/img/sq_01144_P.png,P,synth_017
data/squares/empty/014_h7.png,empty,014
data/synth_squares/img/sq_02548_n.png,n,synth_039
data/squares/empty/063_d8.png,empty,063
data/synth_squares/img/sq_02621_P.png,P,synth_040
data/squares/empty/061_h3.png,empty,061
data/squares/empty/069_a4.png,empty,069
data/squares/K/055_a5.png,K,055
data/synth_squares/img/sq_00948_Q.png,Q,synth_014
data/synth_squares/img/sq_00529_n.png,n,synth_008
data/synth_squares/img/sq_00259_K.png,K,synth_004
data/squares/R/042_d4.png,R,042
data/synth_squares/img/sq_03001_r.png,r,synth_046
data/squares/empty/003_f8.png,empty,003
data/synth_squares/img/sq_03542_n.png,n,synth_055
data/squares/empty/012_h8.png,empty,012
data/synth_squares/img/sq_01543_r.png,r,synth_024
data/squares/empty/031_e3.png,empty,031
data/squares/empty/004_f1.png,empty,004
data/squares/empty/012_d2.png,empty,012
data/synth_squares/img/sq_01397_b.png,b,synth_021
data/synth_squares/img/sq_02488_empty.png,empty,synth_038
data/squares/empty/018_a5.png,empty,018
data/synth_squares/img/sq_02755_r.png,r,synth_043
data/synth_squares/img/sq_01810_P.png,P,synth_028
data/synth_squares/img/sq_02282_n.png,n,synth_035
data/synth_squares/img/sq_00680_R.png,R,synth_010
data/squares/empty/002_g4.png,empty,002
data/synth_squares/img/sq_03267_n.png,n,synth_051
data/squares/b/007_c7.png,b,007
data/squares/empty/042_d1.png,empty,042
data/squares/empty/031_e8.png,empty,031
data/squares/empty/015_g7.png,empty,015
data/squares/empty/063_c4.png,empty,063
data/synth_squares/img/sq_00186_q.png,q,synth_002
data/squares/empty/031_g6.png,empty,031
data/squares/empty/036_c3.png,empty,036
data/synth_squares/img/sq_02139_q.png,q,synth_033
data/synth_squares/img/sq_00659_r.png,r,synth_010
data/synth_squares/img/sq_00699_Q.png,Q,synth_010
data/synth_squares/img/sq_03332_n.png,n,synth_052
data/synth_squares/img/sq_02459_N.png,N,synth_038
data/squares/empty/074_d7.png,empty,074
data/squares/empty/036_g8.png,empty,036
data/squares/empty/063_e7.png,empty,063
data/squares/empty/054_c7.png,empty,054
data/squares/empty/029_c3.png,empty,029
data/squares/empty/044_c5.png,empty,044
data/synth_squares/img/sq_02293_Q.png,Q,synth_035
data/synth_squares/img/sq_00966_k.png,k,synth_015
data/synth_squares/img/sq_03123_k.png,k,synth_048
data/synth_squares/img/sq_01880_R.png,R,synth_029
data/squares/empty/065_f7.png,empty,065
data/squares/empty/014_c6.png,empty,014
data/squares/empty/014_f3.png,empty,014
data/synth_squares/img/sq_02370_B.png,B,synth_037
data/squares/empty/027_a8.png,empty,027
data/squares/empty/068_d4.png,empty,068
data/squares/empty/012_c1.png,empty,012
data/squares/empty/054_b4.png,empty,054
data/squares/empty/021_a8.png,empty,021
data/squares/n/012_a1.png,n,012
data/squares/empty/044_h7.png,empty,044
data/synth_squares/img/sq_01748_R.png,R,synth_027
data/squares/empty/012_d7.png,empty,012
data/squares/empty/044_g5.png,empty,044
data/synth_squares/img/sq_03129_k.png,k,synth_048
data/squares/empty/068_c4.png,empty,068
data/squares/empty/036_b2.png,empty,036
data/squares/empty/001_h5.png,empty,001
data/squares/empty/029_g7.png,empty,029
data/squares/empty/062_e2.png,empty,062
data/squares/empty/027_f1.png,empty,027
data/squares/empty/037_f6.png,empty,037
data/synth_squares/img/sq_02482_R.png,R,synth_038
data/squares/empty/055_h6.png,empty,055
data/synth_squares/img/sq_02098_n.png,n,synth_032
data/squares/r/062_g1.png,r,062
data/squares/empty/057_h6.png,empty,057
data/squares/empty/067_e5.png,empty,067
data/squares/empty/041_e8.png,empty,041
data/squares/empty/058_c8.png,empty,058
data/synth_squares/img/sq_00719_empty.png,empty,synth_011
data/synth_squares/img/sq_01552_K.png,K,synth_024
data/synth_squares/img/sq_01531_p.png,p,synth_023
data/squares/empty/045_e1.png,empty,045
data/synth_squares/img/sq_03410_N.png,N,synth_053
data/synth_squares/img/sq_02912_p.png,p,synth_045
data/squares/empty/022_c7.png,empty,022
data/squares/empty/054_c4.png,empty,054
data/synth_squares/img/sq_03314_empty.png,empty,synth_051
data/squares/q/054_c1.png,q,054
data/synth_squares/img/sq_03421_P.png,P,synth_053
data/squares/empty/041_e5.png,empty,041
data/synth_squares/img/sq_00283_q.png,q,synth_004
data/synth_squares/img/sq_00619_q.png,q,synth_009
data/squares/empty/059_e1.png,empty,059
data/synth_squares/img/sq_03577_q.png,q,synth_055
data/synth_squares/img/sq_02445_N.png,N,synth_038
data/squares/n/026_h5.png,n,026
data/squares/empty/013_g7.png,empty,013
data/squares/empty/010_c7.png,empty,010
data/synth_squares/img/sq_00555_q.png,q,synth_008
data/squares/p/003_e6.png,p,003
data/squares/R/070_c2.png,R,070
data/squares/p/069_d6.png,p,069
data/squares/empty/016_h5.png,empty,016
data/squares/empty/015_f4.png,empty,015
data/synth_squares/img/sq_02640_B.png,B,synth_041
data/squares/N/037_h8.png,N,037
data/synth_squares/img/sq_01201_q.png,q,synth_018
data/synth_squares/img/sq_01075_P.png,P,synth_016
data/synth_squares/img/sq_00271_R.png,R,synth_004
data/squares/empty/067_f5.png,empty,067
data/squares/k/050_g4.png,k,050
data/synth_squares/img/sq_00832_q.png,q,synth_013
data/synth_squares/img/sq_01494_R.png,R,synth_023
data/squares/empty/038_h7.png,empty,038
data/squares/n/013_c6.png,n,013
data/squares/empty/055_d4.png,empty,055
data/synth_squares/img/sq_02633_empty.png,empty,synth_041
data/squares/empty/043_f4.png,empty,043
data/synth_squares/img/sq_02019_k.png,k,synth_031
data/squares/empty/040_a2.png,empty,040
data/synth_squares/img/sq_00796_p.png,p,synth_012
data/synth_squares/img/sq_01475_k.png,k,synth_023
data/squares/empty/063_a3.png,empty,063
data/squares/empty/043_e4.png,empty,043
data/squares/empty/020_d5.png,empty,020
data/squares/empty/052_d1.png,empty,052
data/synth_squares/img/sq_01886_n.png,n,synth_029
data/squares/B/008_c2.png,B,008
data/squares/p/063_e2.png,p,063
data/synth_squares/img/sq_01555_Q.png,Q,synth_024
data/squares/empty/059_f4.png,empty,059
data/squares/R/056_h8.png,R,056
data/synth_squares/img/sq_01340_Q.png,Q,synth_020
data/synth_squares/img/sq_00993_p.png,p,synth_015
data/synth_squares/img/sq_03308_b.png,b,synth_051
data/squares/empty/010_b4.png,empty,010
data/squares/empty/030_b2.png,empty,030
data/synth_squares/img/sq_02182_q.png,q,synth_034
data/synth_squares/img/sq_00327_r.png,r,synth_005
data/synth_squares/img/sq_00954_N.png,N,synth_014
data/squares/empty/041_a4.png,empty,041
data/synth_squares/img/sq_01993_empty.png,empty,synth_031
data/synth_squares/img/sq_01492_R.png,R,synth_023
data/synth_squares/img/sq_01589_Q.png,Q,synth_024
data/squares/r/049_g6.png,r,049
data/squares/empty/015_c4.png,empty,015
data/synth_squares/img/sq_00740_p.png,p,synth_011
data/synth_squares/img/sq_02032_r.png,r,synth_031
data/squares/empty/000_c2.png,empty,000
data/squares/empty/073_b2.png,empty,073
data/synth_squares/img/sq_00911_q.png,q,synth_014
data/squares/empty/026_b3.png,empty,026
data/synth_squares/img/sq_02239_Q.png,Q,synth_034
data/squares/empty/047_a5.png,empty,047
data/squares/empty/069_h4.png,empty,069
data/synth_squares/img/sq_03580_Q.png,Q,synth_055
data/synth_squares/img/sq_02600_n.png,n,synth_040
data/squares/empty/056_g6.png,empty,056
data/squares/empty/016_h7.png,empty,016
data/synth_squares/img/sq_00961_Q.png,Q,synth_015
data/squares/empty/025_d7.png,empty,025
data/squares/empty/039_b6.png,empty,039
data/squares/empty/021_a5.png,empty,021
data/squares/k/003_f1.png,k,003
data/synth_squares/img/sq_03741_empty.png,empty,synth_058
data/squares/empty/064_b1.png,empty,064
data/synth_squares/img/sq_02116_Q.png,Q,synth_033
data/squares/empty/031_h1.png,empty,031
data/synth_squares/img/sq_00477_empty.png,empty,synth_007
data/squares/empty/034_b3.png,empty,034
data/squares/empty/037_e1.png,empty,037
data/synth_squares/img/sq_01646_Q.png,Q,synth_025
data/squares/empty/074_e5.png,empty,074
data/synth_squares/img/sq_00113_N.png,N,synth_001
data/squares/empty/017_h2.png,empty,017
data/synth_squares/img/sq_02383_p.png,p,synth_037
data/synth_squares/img/sq_03525_r.png,r,synth_055
data/synth_squares/img/sq_01782_q.png,q,synth_027
data/synth_squares/img/sq_00289_r.png,r,synth_004
data/squares/empty/025_g7.png,empty,025
data/synth_squares/img/sq_00040_r.png,r,synth_000
data/synth_squares/img/sq_02246_R.png,R,synth_035
data/squares/B/021_g5.png,B,021
data/squares/empty/009_a5.png,empty,009
data/synth_squares/img/sq_00917_k.png,k,synth_014
data/synth_squares/img/sq_02536_k.png,k,synth_039
data/synth_squares/img/sq_02070_b.png,b,synth_032
data/synth_squares/img/sq_03549_k.png,k,synth_055
data/squares/empty/012_b5.png,empty,012
data/synth_squares/img/sq_01442_r.png,r,synth_022
data/synth_squares/img/sq_02723_P.png,P,synth_042
data/synth_squares/img/sq_02771_q.png,q,synth_043
data/squares/empty/044_b5.png,empty,044
data/synth_squares/img/sq_00780_K.png,K,synth_012
data/squares/empty/024_e1.png,empty,024
data/squares/empty/066_c3.png,empty,066
data/squares/empty/033_d2.png,empty,033
data/squares/empty/047_h4.png,empty,047
data/squares/empty/012_d4.png,empty,012
data/squares/empty/061_g1.png,empty,061
data/squares/empty/002_e4.png,empty,002
data/synth_squares/img/sq_02245_n.png,n,synth_035
data/squares/P/038_c7.png,P,038
data/synth_squares/img/sq_02887_q.png,q,synth_045
data/synth_squares/img/sq_02491_B.png,B,synth_038
data/synth_squares/img/sq_02485_K.png,K,synth_038
data/squares/empty/024_d6.png,empty,024
data/synth_squares/img/sq_02082_b.png,b,synth_032
data/synth_squares/img/sq_00839_P.png,P,synth_013
data/synth_squares/img/sq_03189_P.png,P,synth_049
data/synth_squares/img/sq_00770_q.png,q,synth_012
data/squares/empty/014_a5.png,empty,014
data/squares/empty/037_a8.png,empty,037
data/synth_squares/img/sq_03605_K.png,K,synth_056
data/synth_squares/img/sq_02297_Q.png,Q,synth_035
data/squares/empty/024_h1.png,empty,024
data/squares/empty/001_a4.png,empty,001
data/squares/empty/032_b6.png,empty,032
data/synth_squares/img/sq_01684_K.png,K,synth_026
data/squares/empty/059_f8.png,empty,059
data/synth_squares/img/sq_02175_empty.png,empty,synth_033
data/squares/empty/024_d1.png,empty,024
data/squares/empty/035_e4.png,empty,035
data/squares/empty/057_a4.png,empty,057
data/synth_squares/img/sq_01378_k.png,k,synth_021
data/squares/empty/042_a2.png,empty,042
data/squares/empty/007_h6.png,empty,007
data/squares/R/012_e5.png,R,012
data/synth_squares/img/sq_00097_k.png,k,synth_001
data/synth_squares/img/sq_02708_B.png,B,synth_042
data/squares/empty/060_h7.png,empty,060
data/squares/P/029_b7.png,P,029
data/squares/empty/067_h3.png,empty,067
data/squares/empty/034_c7.png,empty,034
data/squares/empty/065_a5.png,empty,065
data/squares/empty/007_a1.png,empty,007
data/squares/empty/070_c8.png,empty,070
data/squares/empty/073_g6.png,empty,073
data/synth_squares/img/sq_03704_p.png,p,synth_057
data/synth_squares/img/sq_02679_r.png,r,synth_041
data/synth_squares/img/sq_01170_P.png,P,synth_018
data/squares/empty/011_g8.png,empty,011
data/squares/empty/018_b4.png,empty,018
data/squares/empty/058_c6.png,empty,058
data/squares/empty/046_d7.png,empty,046
data/synth_squares/img/sq_02796_P.png,P,synth_043
data/squares/empty/019_e8.png,empty,019
data/synth_squares/img/sq_01951_k.png,k,synth_030
data/synth_squares/img/sq_02186_r.png,r,synth_034
data/synth_squares/img/sq_01774_n.png,n,synth_027
data/synth_squares/img/sq_00256_q.png,q,synth_004
data/squares/N/007_a2.png,N,007
data/squares/empty/015_a3.png,empty,015
data/squares/empty/028_c1.png,empty,028
data/squares/B/068_b8.png,B,068
data/synth_squares/img/sq_00317_n.png,n,synth_004
data/squares/empty/053_h4.png,empty,053
data/squares/empty/003_h2.png,empty,003
data/squares/empty/048_g2.png,empty,048
data/squares/empty/043_d3.png,empty,043
data/synth_squares/img/sq_03681_N.png,N,synth_057
data/synth_squares/img/sq_00588_K.png,K,synth_009
data/squares/empty/052_g2.png,empty,052
data/synth_squares/img/sq_01746_K.png,K,synth_027
data/squares/empty/025_c7.png,empty,025
data/squares/empty/037_a7.png,empty,037
data/squares/empty/070_a4.png,empty,070
data/squares/empty/041_g4.png,empty,041
data/synth_squares/img/sq_02506_N.png,N,synth_039
data/squares/empty/043_e1.png,empty,043
data/synth_squares/img/sq_01084_b.png,b,synth_016
data/squares/empty/037_g5.png,empty,037
data/synth_squares/img/sq_02868_p.png,p,synth_044
data/squares/empty/038_f6.png,empty,038
data/synth_squares/img/sq_03245_b.png,b,synth_050
data/synth_squares/img/sq_01496_K.png,K,synth_023
data/squares/empty/023_a5.png,empty,023
data/squares/k/030_f2.png,k,030
data/synth_squares/img/sq_01928_B.png,B,synth_030
data/squares/r/067_e1.png,r,067
data/squares/empty/049_h7.png,empty,049
data/synth_squares/img/sq_02809_P.png,P,synth_043
data/squares/K/031_e1.png,K,031
data/squares/empty/029_f7.png,empty,029
data/squares/empty/062_d3.png,empty,062
data/synth_squares/img/sq_00738_r.png,r,synth_011
data/squares/empty/071_c1.png,empty,071
data/squares/empty/010_e5.png,empty,010
data/squares/empty/053_b3.png,empty,053
data/synth_squares/img/sq_03772_b.png,b,synth_058
data/synth_squares/img/sq_03393_R.png,R,synth_053
data/squares/empty/027_c5.png,empty,027
data/synth_squares/img/sq_00541_n.png,n,synth_008
data/squares/empty/005_h4.png,empty,005
data/squares/R/040_f3.png,R,040
data/squares/empty/030_d2.png,empty,030
data/synth_squares/img/sq_00468_K.png,K,synth_007
data/squares/empty/006_e5.png,empty,006
data/synth_squares/img/sq_01438_b.png,b,synth_022
data/squares/r/026_c2.png,r,026
data/synth_squares/img/sq_01106_p.png,p,synth_017
data/squares/empty/020_h3.png,empty,020
data/squares/empty/008_g7.png,empty,008
data/synth_squares/img/sq_02381_q.png,q,synth_037
data/synth_squares/img/sq_02480_q.png,q,synth_038
data/synth_squares/img/sq_01323_p.png,p,synth_020
data/squares/empty/064_f2.png,empty,064
data/squares/empty/015_g1.png,empty,015
data/squares/empty/052_g5.png,empty,052
data/squares/k/045_b7.png,k,045
data/squares/empty/054_a2.png,empty,054
data/squares/r/012_d3.png,r,012
data/squares/empty/070_d6.png,empty,070
data/synth_squares/img/sq_01422_b.png,b,synth_022
data/synth_squares/img/sq_01821_q.png,q,synth_028
data/synth_squares/img/sq_00955_B.png,B,synth_014
data/synth_squares/img/sq_02150_B.png,B,synth_033
data/squares/empty/036_h8.png,empty,036
data/squares/empty/074_b1.png,empty,074
data/squares/p/008_d6.png,p,008
data/squares/empty/064_a7.png,empty,064
data/synth_squares/img/sq_01082_R.png,R,synth_016
data/squares/R/037_g3.png,R,037
data/synth_squares/img/sq_01913_r.png,r,synth_029
data/synth_squares/img/sq_00905_P.png,P,synth_014
data/squares/empty/000_b1.png,empty,000
data/squares/empty/068_a3.png,empty,068
data/squares/empty/039_a8.png,empty,039
data/squares/empty/004_a5.png,empty,004
data/squares/empty/004_f7.png,empty,004
data/squares/empty/018_a8.png,empty,018
data/squares/empty/068_c8.png,empty,068
data/squares/b/023_f1.png,b,023
data/squares/empty/009_h2.png,empty,009
data/squares/N/009_g3.png,N,009
data/squares/empty/069_b4.png,empty,069
data/synth_squares/img/sq_00785_Q.png,Q,synth_012
data/synth_squares/img/sq_03407_R.png,R,synth_053
data/squares/q/000_f1.png,q,000
data/synth_squares/img/sq_00454_N.png,N,synth_007
data/synth_squares/img/sq_02110_k.png,k,synth_032
data/synth_squares/img/sq_00062_p.png,p,synth_000
data/synth_squares/img/sq_02817_R.png,R,synth_044
data/synth_squares/img/sq_03380_r.png,r,synth_052
data/squares/empty/069_c7.png,empty,069
data/squares/empty/019_b2.png,empty,019
data/squares/empty/044_c7.png,empty,044
data/squares/empty/014_e6.png,empty,014
data/squares/empty/032_e8.png,empty,032
data/squares/empty/062_d8.png,empty,062
data/squares/k/029_g1.png,k,029
data/squares/empty/026_b4.png,empty,026
data/synth_squares/img/sq_01115_K.png,K,synth_017
data/squares/empty/063_h3.png,empty,063
data/squares/empty/058_g2.png,empty,058
data/squares/empty/025_h2.png,empty,025
data/squares/B/063_f7.png,B,063
data/synth_squares/img/sq_01771_p.png,p,synth_027
data/synth_squares/img/sq_02158_r.png,r,synth_033
data/synth_squares/img/sq_02062_B.png,B,synth_032
data/squares/P/015_h2.png,P,015
data/squares/empty/016_g5.png,empty,016
data/squares/empty/013_b2.png,empty,013
data/squares/empty/074_d8.png,empty,074
data/squares/R/022_d8.png,R,022
data/synth_squares/img/sq_01154_K.png,K,synth_018
data/synth_squares/img/sq_01625_b.png,b,synth_025
data/synth_squares/img/sq_02378_k.png,k,synth_037
data/squares/empty/004_g8.png,empty,004
data/synth_squares/img/sq_03477_empty.png,empty,synth_054
data/synth_squares/img/sq_02959_Q.png,Q,synth_046
data/squares/empty/070_d7.png,empty,070
data/synth_squares/img/sq_02838_p.png,p,synth_044
data/squares/empty/065_b5.png,empty,065
data/synth_squares/img/sq_01658_p.png,p,synth_025
data/synth_squares/img/sq_01518_B.png,B,synth_023
data/squares/empty/022_d7.png,empty,022
data/synth_squares/img/sq_00307_Q.png,Q,synth_004
data/squares/empty/001_h4.png,empty,001
data/synth_squares/img/sq_00091_Q.png,Q,synth_001
data/synth_squares/img/sq_01263_N.png,N,synth_019
data/synth_squares/img/sq_01517_P.png,P,synth_023
data/synth_squares/img/sq_01826_n.png,n,synth_028
data/synth_squares/img/sq_02252_k.png,k,synth_035
data/squares/empty/010_f2.png,empty,010
data/synth_squares/img/sq_01813_P.png,P,synth_028
data/synth_squares/img/sq_00163_n.png,n,synth_002
data/squares/empty/073_h5.png,empty,073
data/synth_squares/img/sq_02064_B.png,B,synth_032
data/synth_squares/img/sq_02587_Q.png,Q,synth_040
data/synth_squares/img/sq_01456_Q.png,Q,synth_022
data/synth_squares/img/sq_02093_R.png,R,synth_032
data/synth_squares/img/sq_01752_p.png,p,synth_027
data/synth_squares/img/sq_00936_k.png,k,synth_014
data/synth_squares/img/sq_02292_q.png,q,synth_035
data/squares/empty/029_d5.png,empty,029
data/synth_squares/img/sq_00187_q.png,q,synth_002
data/synth_squares/img/sq_02053_p.png,p,synth_032
data/squares/empty/025_h4.png,empty,025
data/synth_squares/img/sq_00498_R.png,R,synth_007
data/squares/empty/008_b6.png,empty,008
data/squares/empty/006_h2.png,empty,006
data/squares/empty/014_h3.png,empty,014
data/squares/empty/042_e3.png,empty,042
data/synth_squares/img/sq_00167_R.png,R,synth_002
data/squares/empty/057_e5.png,empty,057
data/synth_squares/img/sq_01526_k.png,k,synth_023
data/squares/B/007_b8.png,B,007
data/squares/empty/056_h2.png,empty,056
data/squares/empty/059_h1.png,empty,059
data/squares/empty/052_d2.png,empty,052
data/synth_squares/img/sq_03768_Q.png,Q,synth_058
data/synth_squares/img/sq_01079_empty.png,empty,synth_016
data/synth_squares/img/sq_03880_K.png,K,synth_060
data/squares/empty/073_c3.png,empty,073
data/squares/empty/056_h7.png,empty,056
data/squares/empty/059_g7.png,empty,059
data/squares/empty/000_d4.png,empty,000
data/synth_squares/img/sq_01318_k.png,k,synth_020
data/synth_squares/img/sq_00422_q.png,q,synth_006
data/squares/empty/060_h5.png,empty,060
data/squares/P/054_g5.png,P,054
data/synth_squares/img/sq_00264_p.png,p,synth_004
data/synth_squares/img/sq_03510_K.png,K,synth_054
data/squares/empty/041_e1.png,empty,041
data/synth_squares/img/sq_03503_R.png,R,synth_054
data/squares/B/040_b8.png,B,040
data/squares/empty/015_b4.png,empty,015
data/synth_squares/img/sq_02263_p.png,p,synth_035
data/synth_squares/img/sq_02739_R.png,R,synth_042
data/synth_squares/img/sq_03251_empty.png,empty,synth_050
data/synth_squares/img/sq_02276_r.png,r,synth_035
data/squares/empty/016_f7.png,empty,016
data/squares/empty/011_a6.png,empty,011
data/synth_squares/img/sq_00067_P.png,P,synth_001
data/squares/empty/057_d4.png,empty,057
data/squares/empty/069_d7.png,empty,069
data/squares/empty/065_g6.png,empty,065
data/squares/empty/067_g8.png,empty,067
data/squares/empty/067_e3.png,empty,067
data/squares/empty/050_c8.png,empty,050
data/synth_squares/img/sq_00723_n.png,n,synth_011
data/synth_squares/img/sq_02790_p.png,p,synth_043
data/synth_squares/img/sq_02749_P.png,P,synth_042
data/squares/empty/030_g7.png,empty,030
data/squares/empty/039_b2.png,empty,039
data/squares/empty/045_h1.png,empty,045
data/synth_squares/img/sq_01778_b.png,b,synth_027
data/squares/empty/027_a4.png,empty,027
data/synth_squares/img/sq_01482_R.png,R,synth_023
data/synth_squares/img/sq_01236_N.png,N,synth_019
data/squares/empty/059_h8.png,empty,059
data/synth_squares/img/sq_01167_K.png,K,synth_018
data/squares/empty/014_d5.png,empty,014
data/squares/empty/071_b2.png,empty,071
data/squares/empty/033_a7.png,empty,033
data/squares/empty/020_d3.png,empty,020
data/squares/empty/066_g2.png,empty,066
data/synth_squares/img/sq_01131_N.png,N,synth_017
data/synth_squares/img/sq_01868_empty.png,empty,synth_029
data/synth_squares/img/sq_03120_K.png,K,synth_048
data/synth_squares/img/sq_01466_P.png,P,synth_022
data/synth_squares/img/sq_03893_empty.png,empty,synth_060
data/synth_squares/img/sq_02894_N.png,N,synth_045
data/synth_squares/img/sq_02914_q.png,q,synth_045
data/synth_squares/img/sq_01871_Q.png,Q,synth_029
data/squares/empty/055_f7.png,empty,055
data/synth_squares/img/sq_01985_Q.png,Q,synth_031
data/squares/empty/057_h1.png,empty,057
data/synth_squares/img/sq_02203_empty.png,empty,synth_034
data/squares/empty/047_b2.png,empty,047
data/squares/empty/065_g4.png,empty,065
data/synth_squares/img/sq_01588_r.png,r,synth_024
data/synth_squares/img/sq_01240_P.png,P,synth_019
data/synth_squares/img/sq_03175_Q.png,Q,synth_049
data/synth_squares/img/sq_01469_P.png,P,synth_022
data/synth_squares/img/sq_03143_n.png,n,synth_049
data/squares/empty/010_c8.png,empty,010
data/squares/empty/003_a5.png,empty,003
data/squares/B/005_b8.png,B,005
data/squares/empty/014_d2.png,empty,014
data/squares/P/007_h4.png,P,007
data/squares/P/062_c2.png,P,062
data/squares/empty/054_d3.png,empty,054
data/squares/empty/058_e5.png,empty,058
data/squares/empty/057_h4.png,empty,057
data/synth_squares/img/sq_01444_p.png,p,synth_022
data/synth_squares/img/sq_03371_P.png,P,synth_052
data/squares/r/074_f2.png,r,074
data/squares/empty/055_g1.png,empty,055
data/squares/K/064_b5.png,K,064
data/squares/empty/000_c5.png,empty,000
data/synth_squares/img/sq_01697_r.png,r,synth_026
data/squares/k/026_h3.png,k,026
data/squares/empty/041_c1.png,empty,041
data/synth_squares/img/sq_03594_R.png,R,synth_056
data/synth_squares/img/sq_00897_empty.png,empty,synth_014
data/squares/empty/069_h3.png,empty,069
data/squares/empty/023_h3.png,empty,023
data/squares/empty/037_c6.png,empty,037
data/synth_squares/img/sq_01560_empty.png,empty,synth_024
data/synth_squares/img/sq_01426_empty.png,empty,synth_022
data/squares/empty/062_c1.png,empty,062
data/synth_squares/img/sq_03790_b.png,b,synth_059
data/synth_squares/img/sq_03135_n.png,n,synth_048
data/synth_squares/img/sq_03727_p.png,p,synth_058
data/synth_squares/img/sq_03665_n.png,n,synth_057
data/squares/empty/056_d2.png,empty,056
data/squares/empty/013_c7.png,empty,013
data/squares/empty/048_c4.png,empty,048
data/synth_squares/img/sq_00085_b.png,b,synth_001
data/squares/empty/002_c5.png,empty,002
data/squares/n/073_g1.png,n,073
data/synth_squares/img/sq_03815_N.png,N,synth_059
data/squares/k/066_h8.png,k,066
data/synth_squares/img/sq_03115_N.png,N,synth_048
data/synth_squares/img/sq_01036_empty.png,empty,synth_016
data/squares/empty/040_e8.png,empty,040
data/synth_squares/img/sq_02088_k.png,k,synth_032
data/synth_squares/img/sq_01371_N.png,N,synth_021
data/squares/empty/071_e2.png,empty,071
data/synth_squares/img/sq_03537_p.png,p,synth_055
data/squares/empty/003_b3.png,empty,003
data/squares/empty/066_e3.png,empty,066
data/squares/empty/041_b5.png,empty,041
data/synth_squares/img/sq_02189_R.png,R,synth_034
data/squares/empty/029_e5.png,empty,029
data/squares/empty/004_c8.png,empty,004
data/squares/empty/065_b4.png,empty,065
data/squares/empty/002_a8.png,empty,002
data/synth_squares/img/sq_03138_B.png,B,synth_049
data/squares/empty/044_f1.png,empty,044
data/squares/empty/011_h1.png,empty,011
data/synth_squares/img/sq_00755_p.png,p,synth_011
data/synth_squares/img/sq_00997_b.png,b,synth_015
data/squares/empty/005_a6.png,empty,005
data/squares/empty/025_a8.png,empty,025
data/squares/empty/030_h4.png,empty,030
data/synth_squares/img/sq_03686_p.png,p,synth_057
data/squares/empty/035_e7.png,empty,035
data/synth_squares/img/sq_03634_b.png,b,synth_056
data/synth_squares/img/sq_00183_n.png,n,synth_002
data/squares/empty/013_c5.png,empty,013
data/synth_squares/img/sq_00316_R.png,R,synth_004
data/synth_squares/img/sq_01113_r.png,r,synth_017
data/synth_squares/img/sq_02044_k.png,k,synth_031
data/synth_squares/img/sq_02671_r.png,r,synth_041
data/squares/empty/055_g2.png,empty,055
data/squares/empty/060_b4.png,empty,060
data/squares/empty/067_c6.png,empty,067
data/squares/empty/005_d3.png,empty,005
data/squares/B/028_b8.png,B,028
data/squares/K/005_d8.png,K,005
data/synth_squares/img/sq_00554_P.png,P,synth_008
data/synth_squares/img/sq_00635_q.png,q,synth_009
data/squares/n/025_e8.png,n,025
data/synth_squares/img/sq_00206_N.png,N,synth_003
data/synth_squares/img/sq_03504_B.png,B,synth_054
data/squares/empty/015_f5.png,empty,015
data/squares/empty/022_h5.png,empty,022
data/synth_squares/img/sq_03682_K.png,K,synth_057
data/synth_squares/img/sq_03796_n.png,n,synth_059
data/synth_squares/img/sq_00886_n.png,n,synth_013
data/synth_squares/img/sq_01381_Q.png,Q,synth_021
data/squares/empty/033_c2.png,empty,033
data/squares/empty/032_g8.png,empty,032
data/squares/empty/065_e7.png,empty,065
data/synth_squares/img/sq_00710_r.png,r,synth_011
data/synth_squares/img/sq_03396_k.png,k,synth_053
data/squares/empty/071_d2.png,empty,071
data/synth_squares/img/sq_01603_B.png,B,synth_025
data/squares/empty/049_a3.png,empty,049
data/squares/empty/055_g7.png,empty,055
data/squares/empty/071_d8.png,empty,071
data/synth_squares/img/sq_00927_empty.png,empty,synth_014
data/squares/empty/055_f1.png,empty,055
data/squares/empty/031_f3.png,empty,031
data/squares/n/036_g4.png,n,036
data/synth_squares/img/sq_03098_b.png,b,synth_048
data/squares/empty/018_c6.png,empty,018
data/squares/empty/020_b7.png,empty,020
data/squares/empty/054_a8.png,empty,054
data/synth_squares/img/sq_00818_P.png,P,synth_012
data/synth_squares/img/sq_01325_Q.png,Q,synth_020
data/squares/empty/000_c4.png,empty,000
data/synth_squares/img/sq_02919_Q.png,Q,synth_045
data/squares/empty/024_c6.png,empty,024
data/synth_squares/img/sq_01735_N.png,N,synth_027
data/squares/empty/017_d6.png,empty,017
data/synth_squares/img/sq_01784_B.png,B,synth_027
data/synth_squares/img/sq_02456_n.png,n,synth_038
data/squares/empty/053_f1.png,empty,053
data/synth_squares/img/sq_03862_b.png,b,synth_060
data/squares/empty/007_c3.png,empty,007
data/squares/empty/042_g6.png,empty,042
data/squares/empty/017_e4.png,empty,017
data/synth_squares/img/sq_00362_p.png,p,synth_005
data/synth_squares/img/sq_02509_P.png,P,synth_039
data/squares/N/058_c3.png,N,058
data/squares/empty/032_d7.png,empty,032
data/synth_squares/img/sq_00578_P.png,P,synth_009
data/squares/empty/063_d2.png,empty,063
data/squares/empty/047_f2.png,empty,047
data/synth_squares/img/sq_02661_q.png,q,synth_041
data/squares/b/056_b2.png,b,056
data/squares/empty/010_g5.png,empty,010
data/squares/empty/014_e8.png,empty,014
data/squares/empty/047_c4.png,empty,047
data/synth_squares/img/sq_00931_K.png,K,synth_014
data/synth_squares/img/sq_03627_P.png,P,synth_056
data/squares/empty/017_d3.png,empty,017
data/synth_squares/img/sq_00139_b.png,b,synth_002
data/synth_squares/img/sq_03771_P.png,P,synth_058
data/synth_squares/img/sq_00297_R.png,R,synth_004
data/squares/empty/052_c2.png,empty,052
data/synth_squares/img/sq_02934_K.png,K,synth_045
data/squares/r/002_h3.png,r,002
data/synth_squares/img/sq_00853_r.png,r,synth_013
data/synth_squares/img/sq_03420_k.png,k,synth_053
data/squares/empty/064_e1.png,empty,064
data/squares/B/070_c5.png,B,070
data/squares/empty/065_a7.png,empty,065
data/synth_squares/img/sq_00577_Q.png,Q,synth_009
data/squares/K/009_d8.png,K,009
data/squares/R/034_e8.png,R,034
data/squares/empty/029_h2.png,empty,029
data/synth_squares/img/sq_00345_B.png,B,synth_005
data/squares/empty/015_d3.png,empty,015
data/squares/empty/047_f1.png,empty,047
data/squares/empty/061_c4.png,empty,061
data/squares/empty/039_f8.png,empty,039
data/synth_squares/img/sq_00432_B.png,B,synth_006
data/synth_squares/img/sq_02563_Q.png,Q,synth_040
data/synth_squares/img/sq_02216_K.png,K,synth_034
data/squares/empty/054_a4.png,empty,054
data/synth_squares/img/sq_00894_R.png,R,synth_013
data/squares/R/020_b2.png,R,020
data/squares/empty/011_d1.png,empty,011
data/squares/empty/037_h2.png,empty,037
data/synth_squares/img/sq_00093_Q.png,Q,synth_001
data/synth_squares/img/sq_00566_B.png,B,synth_008
data/synth_squares/img/sq_00286_b.png,b,synth_004
data/squares/empty/071_g6.png,empty,071
data/synth_squares/img/sq_02594_B.png,B,synth_040
data/squares/empty/045_h7.png,empty,045
data/synth_squares/img/sq_00306_n.png,n,synth_004
data/synth_squares/img/sq_01508_K.png,K,synth_023
data/synth_squares/img/sq_01387_k.png,k,synth_021
data/synth_squares/img/sq_02473_r.png,r,synth_038
data/squares/empty/069_f3.png,empty,069
data/squares/empty/049_f6.png,empty,049
data/synth_squares/img/sq_02697_n.png,n,synth_042
data/synth_squares/img/sq_00298_q.png,q,synth_004
data/synth_squares/img/sq_00403_N.png,N,synth_006
data/squares/empty/023_g2.png,empty,023
data/synth_squares/img/sq_00587_N.png,N,synth_009
data/synth_squares/img/sq_00827_b.png,b,synth_012
data/synth_squares/img/sq_01676_B.png,B,synth_026
data/synth_squares/img/sq_01495_Q.png,Q,synth_023
data/squares/empty/068_a8.png,empty,068
data/squares/empty/008_e5.png,empty,008
data/squares/empty/060_e3.png,empty,060
data/squares/empty/049_c7.png,empty,049
data/squares/P/053_a6.png,P,053
data/squares/empty/030_g3.png,empty,030
data/squares/empty/009_e5.png,empty,009
data/squares/empty/014_a1.png,empty,014
data/squares/k/025_f1.png,k,025
data/squares/empty/033_g2.png,empty,033
data/squares/empty/000_h3.png,empty,000
data/squares/empty/004_g7.png,empty,004
data/synth_squares/img/sq_01734_N.png,N,synth_027
data/squares/empty/035_f3.png,empty,035
data/squares/empty/008_g1.png,empty,008
data/squares/empty/063_a1.png,empty,063
data/squares/empty/067_e4.png,empty,067
data/synth_squares/img/sq_01661_B.png,B,synth_025
data/synth_squares/img/sq_01747_r.png,r,synth_027
data/squares/empty/015_h5.png,empty,015
data/synth_squares/img/sq_01156_B.png,B,synth_018
data/squares/empty/013_c8.png,empty,013
data/synth_squares/img/sq_03683_k.png,k,synth_057
data/squares/B/070_b8.png,B,070
data/synth_squares/img/sq_02363_p.png,p,synth_036
data/synth_squares/img/sq_00444_B.png,B,synth_006
data/squares/empty/058_g7.png,empty,058
data/squares/empty/071_f1.png,empty,071
data/squares/empty/019_g2.png,empty,019
data/synth_squares/img/sq_03324_Q.png,Q,synth_051
data/synth_squares/img/sq_01905_R.png,R,synth_029
data/synth_squares/img/sq_01403_p.png,p,synth_021
data/synth_squares/img/sq_02084_P.png,P,synth_032
data/squares/empty/003_h6.png,empty,003
data/synth_squares/img/sq_02447_N.png,N,synth_038
data/synth_squares/img/sq_02638_B.png,B,synth_041
data/squares/empty/054_b3.png,empty,054
data/squares/empty/002_a7.png,empty,002
data/squares/empty/057_b5.png,empty,057
data/synth_squares/img/sq_00689_n.png,n,synth_010
data/squares/empty/020_b1.png,empty,020
data/synth_squares/img/sq_02883_p.png,p,synth_045
data/synth_squares/img/sq_02539_q.png,q,synth_039
data/squares/empty/044_g6.png,empty,044
data/synth_squares/img/sq_03172_Q.png,Q,synth_049
data/synth_squares/img/sq_02570_r.png,r,synth_040
data/squares/empty/033_e1.png,empty,033
data/squares/empty/062_h4.png,empty,062
data/squares/empty/001_a6.png,empty,001
data/synth_squares/img/sq_01516_empty.png,empty,synth_023
data/synth_squares/img/sq_00466_b.png,b,synth_007
data/synth_squares/img/sq_03101_P.png,P,synth_048
data/squares/empty/053_g4.png,empty,053
data/squares/empty/003_d1.png,empty,003
data/synth_squares/img/sq_01322_Q.png,Q,synth_020
data/synth_squares/img/sq_01724_n.png,n,synth_026
data/synth_squares/img/sq_00222_empty.png,empty,synth_003
data/squares/empty/071_a7.png,empty,071
data/squares/empty/041_b2.png,empty,041
data/squares/empty/050_a2.png,empty,050
data/synth_squares/img/sq_02271_n.png,n,synth_035
data/squares/b/060_f2.png,b,060
data/synth_squares/img/sq_00334_K.png,K,synth_005
data/synth_squares/img/sq_01253_k.png,k,synth_019
data/squares/empty/050_d1.png,empty,050
data/squares/empty/045_f5.png,empty,045
data/squares/empty/008_c4.png,empty,008
data/squares/empty/017_g6.png,empty,017
data/synth_squares/img/sq_00562_Q.png,Q,synth_008
data/squares/empty/054_h8.png,empty,054
data/squares/empty/049_d7.png,empty,049
data/synth_squares/img/sq_03065_K.png,K,synth_047
data/squares/empty/013_h3.png,empty,013
data/squares/empty/007_d2.png,empty,007
data/squares/empty/015_h8.png,empty,015
data/squares/B/008_b8.png,B,008
data/synth_squares/img/sq_01358_r.png,r,synth_021
data/synth_squares/img/sq_00292_r.png,r,synth_004
data/squares/empty/028_c7.png,empty,028
data/squares/empty/037_a1.png,empty,037
data/synth_squares/img/sq_00236_K.png,K,synth_003
data/synth_squares/img/sq_02554_B.png,B,synth_039
data/squares/empty/003_f3.png,empty,003
data/squares/N/049_d2.png,N,049
data/squares/empty/000_h4.png,empty,000
data/squares/r/041_g3.png,r,041
data/squares/n/049_a6.png,n,049
data/squares/empty/036_f7.png,empty,036
data/squares/empty/045_b2.png,empty,045
data/squares/R/033_a6.png,R,033
data/synth_squares/img/sq_03564_P.png,P,synth_055
data/synth_squares/img/sq_00504_K.png,K,synth_007
data/squares/k/054_h2.png,k,054
data/squares/empty/046_f7.png,empty,046
data/synth_squares/img/sq_03501_k.png,k,synth_054
data/synth_squares/img/sq_02026_b.png,b,synth_031
data/squares/empty/023_f2.png,empty,023
data/synth_squares/img/sq_00232_b.png,b,synth_003
data/synth_squares/img/sq_02579_b.png,b,synth_040
data/synth_squares/img/sq_01711_k.png,k,synth_026
data/synth_squares/img/sq_00162_Q.png,Q,synth_002
data/synth_squares/img/sq_02258_R.png,R,synth_035
data/synth_squares/img/sq_02177_n.png,n,synth_034
data/squares/K/002_a5.png,K,002
data/squares/empty/041_a5.png,empty,041
data/synth_squares/img/sq_03878_p.png,p,synth_060
data/squares/empty/068_g1.png,empty,068
data/squares/empty/001_e7.png,empty,001
data/squares/empty/022_f3.png,empty,022
data/squares/R/050_h1.png,R,050
data/synth_squares/img/sq_01388_B.png,B,synth_021
data/squares/empty/035_a6.png,empty,035
data/synth_squares/img/sq_03151_R.png,R,synth_049
data/squares/empty/000_a2.png,empty,000
data/squares/empty/024_g6.png,empty,024
data/squares/empty/001_d1.png,empty,001
data/squares/empty/065_c3.png,empty,065
data/synth_squares/img/sq_02492_K.png,K,synth_038
data/squares/empty/025_d5.png,empty,025
data/squares/empty/026_c1.png,empty,026
data/synth_squares/img/sq_02404_q.png,q,synth_037
data/squares/B/018_g3.png,B,018
data/squares/empty/052_a3.png,empty,052
data/synth_squares/img/sq_02991_n.png,n,synth_046
data/squares/empty/017_a1.png,empty,017
data/squares/b/014_d6.png,b,014
data/synth_squares/img/sq_02849_B.png,B,synth_044
data/synth_squares/img/sq_02545_q.png,q,synth_039
data/synth_squares/img/sq_00833_p.png,p,synth_013
data/squares/b/055_b3.png,b,055
data/squares/empty/004_g1.png,empty,004
data/synth_squares/img/sq_03638_n.png,n,synth_056
data/squares/empty/060_h1.png,empty,060
data/synth_squares/img/sq_03381_B.png,B,synth_052
data/squares/empty/034_a3.png,empty,034
data/synth_squares/img/sq_00105_P.png,P,synth_001
data/synth_squares/img/sq_00287_R.png,R,synth_004
data/synth_squares/img/sq_01317_K.png,K,synth_020
data/squares/empty/002_f8.png,empty,002
data/squares/n/064_g5.png,n,064
data/squares/empty/025_c3.png,empty,025
data/squares/empty/003_g3.png,empty,003
data/squares/empty/022_c6.png,empty,022
data/squares/empty/001_b2.png,empty,001
data/synth_squares/img/sq_03800_empty.png,empty,synth_059
data/squares/empty/055_c8.png,empty,055
data/squares/empty/059_c5.png,empty,059
data/squares/empty/063_e6.png,empty,063
data/synth_squares/img/sq_00865_B.png,B,synth_013
data/synth_squares/img/sq_03440_q.png,q,synth_053
data/synth_squares/img/sq_00742_R.png,R,synth_011
data/squares/empty/063_b2.png,empty,063
data/squares/empty/060_h8.png,empty,060
data/synth_squares/img/sq_02131_b.png,b,synth_033
data/squares/empty/026_f6.png,empty,026
data/synth_squares/img/sq_03615_N.png,N,synth_056
data/squares/empty/006_b2.png,empty,006
data/synth_squares/img/sq_01538_P.png,P,synth_024
data/synth_squares/img/sq_02635_B.png,B,synth_041
data/squares/empty/036_a4.png,empty,036
data/squares/empty/058_e6.png,empty,058
data/synth_squares/img/sq_01794_K.png,K,synth_028
data/squares/B/000_b8.png,B,000
data/squares/empty/030_c4.png,empty,030
data/synth_squares/img/sq_02285_P.png,P,synth_035
data/synth_squares/img/sq_03417_b.png,b,synth_053
data/synth_squares/img/sq_01472_p.png,p,synth_023
data/synth_squares/img/sq_03571_r.png,r,synth_055
data/synth_squares/img/sq_00783_P.png,P,synth_012
data/squares/empty/012_e6.png,empty,012
data/squares/B/023_d6.png,B,023
data/squares/empty/008_h5.png,empty,008
data/synth_squares/img/sq_01497_N.png,N,synth_023
data/squares/B/054_b8.png,B,054
data/squares/empty/046_d5.png,empty,046
data/squares/empty/052_a2.png,empty,052
data/squares/b/058_e2.png,b,058
data/synth_squares/img/sq_02727_p.png,p,synth_042
data/synth_squares/img/sq_03551_R.png,R,synth_055
data/squares/empty/061_b4.png,empty,061
data/synth_squares/img/sq_02656_q.png,q,synth_041
data/squares/empty/011_b2.png,empty,011
data/synth_squares/img/sq_03711_K.png,K,synth_057
data/squares/empty/037_c2.png,empty,037
data/squares/empty/023_h1.png,empty,023
data/synth_squares/img/sq_01512_b.png,b,synth_023
data/squares/empty/007_c6.png,empty,007
data/squares/empty/057_h8.png,empty,057
data/squares/empty/031_h3.png,empty,031
data/synth_squares/img/sq_01696_K.png,K,synth_026
data/synth_squares/img/sq_01120_q.png,q,synth_017
data/synth_squares/img/sq_00840_q.png,q,synth_013
data/squares/empty/027_e1.png,empty,027
data/synth_squares/img/sq_00910_b.png,b,synth_014
data/synth_squares/img/sq_00241_n.png,n,synth_003
data/synth_squares/img/sq_00874_q.png,q,synth_013
data/squares/empty/023_f6.png,empty,023
data/squares/empty/045_h2.png,empty,045
data/squares/empty/041_b6.png,empty,041
data/synth_squares/img/sq_00816_P.png,P,synth_012
data/squares/empty/008_f4.png,empty,008
data/synth_squares/img/sq_02966_P.png,P,synth_046
data/squares/empty/046_b6.png,empty,046
data/synth_squares/img/sq_00859_P.png,P,synth_013
data/synth_squares/img/sq_01802_R.png,R,synth_028
data/squares/P/012_e2.png,P,012
data/synth_squares/img/sq_00831_p.png,p,synth_012
data/squares/empty/035_e2.png,empty,035
data/squares/empty/040_d6.png,empty,040
data/squares/empty/016_b3.png,empty,016
data/squares/empty/014_h6.png,empty,014
data/squares/empty/014_f6.png,empty,014
data/synth_squares/img/sq_03527_K.png,K,synth_055
data/squares/n/011_d3.png,n,011
data/squares/empty/061_e2.png,empty,061
data/synth_squares/img/sq_00127_b.png,b,synth_001
data/squares/empty/021_g2.png,empty,021
data/synth_squares/img/sq_01529_q.png,q,synth_023
data/squares/empty/046_b7.png,empty,046
data/synth_squares/img/sq_02893_p.png,p,synth_045
data/synth_squares/img/sq_02079_N.png,N,synth_032
data/squares/empty/065_c6.png,empty,065
data/synth_squares/img/sq_00247_N.png,N,synth_003
data/squares/empty/017_a5.png,empty,017
data/synth_squares/img/sq_01806_P.png,P,synth_028
data/squares/empty/044_h1.png,empty,044
data/synth_squares/img/sq_02091_q.png,q,synth_032
data/squares/empty/019_a2.png,empty,019
data/synth_squares/img/sq_03453_n.png,n,synth_053
data/squares/empty/074_d2.png,empty,074
data/synth_squares/img/sq_03068_N.png,N,synth_047
data/synth_squares/img/sq_03490_r.png,r,synth_054
data/squares/K/067_a6.png,K,067
data/synth_squares/img/sq_03583_B.png,B,synth_055
data/squares/N/029_c4.png,N,029
data/synth_squares/img/sq_03266_N.png,N,synth_051
data/squares/empty/056_h4.png,empty,056
data/synth_squares/img/sq_00326_P.png,P,synth_005
data/squares/empty/054_c6.png,empty,054
data/squares/empty/061_a5.png,empty,061
data/synth_squares/img/sq_03247_r.png,r,synth_050
data/squares/P/069_a6.png,P,069
data/synth_squares/img/sq_03389_r.png,r,synth_052
data/squares/empty/026_b5.png,empty,026
data/synth_squares/img/sq_02728_N.png,N,synth_042
data/squares/empty/022_a1.png,empty,022
data/synth_squares/img/sq_01021_q.png,q,synth_015
data/synth_squares/img/sq_02666_p.png,p,synth_041
data/squares/empty/065_a2.png,empty,065
data/squares/empty/006_e1.png,empty,006
data/squares/empty/000_a4.png,empty,000
data/squares/empty/066_b7.png,empty,066
data/synth_squares/img/sq_00277_q.png,q,synth_004
data/synth_squares/img/sq_00760_r.png,r,synth_011
data/squares/b/035_d4.png,b,035
data/synth_squares/img/sq_00752_k.png,k,synth_011
data/squares/empty/070_a8.png,empty,070
data/synth_squares/img/sq_01616_K.png,K,synth_025
data/squares/empty/037_f3.png,empty,037
data/synth_squares/img/sq_02118_N.png,N,synth_033
data/squares/empty/024_f1.png,empty,024
data/squares/empty/071_e3.png,empty,071
data/synth_squares/img/sq_01647_K.png,K,synth_025
data/squares/empty/031_d3.png,empty,031
data/squares/empty/070_g1.png,empty,070
data/squares/empty/052_h5.png,empty,052
data/synth_squares/img/sq_03514_R.png,R,synth_054
data/synth_squares/img/sq_03391_k.png,k,synth_052
data/synth_squares/img/sq_02281_r.png,r,synth_035
data/squares/empty/015_e5.png,empty,015
data/synth_squares/img/sq_00217_q.png,q,synth_003
data/squares/empty/038_c4.png,empty,038
data/synth_squares/img/sq_02274_Q.png,Q,synth_035
data/synth_squares/img/sq_00449_k.png,k,synth_007
data/squares/empty/046_b2.png,empty,046
data/squares/empty/040_a3.png,empty,040
data/squares/empty/012_f4.png,empty,012
data/squares/empty/042_c7.png,empty,042
data/squares/empty/047_g2.png,empty,047
data/squares/empty/000_b5.png,empty,000
data/synth_squares/img/sq_00978_B.png,B,synth_015
data/squares/empty/046_d6.png,empty,046
data/synth_squares/img/sq_01798_empty.png,empty,synth_028
data/squares/empty/046_f8.png,empty,046
data/squares/empty/036_h1.png,empty,036
data/squares/empty/032_f8.png,empty,032
data/squares/B/027_b8.png,B,027
data/squares/empty/014_f4.png,empty,014
data/squares/R/024_a5.png,R,024
data/squares/empty/062_c7.png,empty,062
data/synth_squares/img/sq_02057_K.png,K,synth_032
data/synth_squares/img/sq_01849_Q.png,Q,synth_028
data/synth_squares/img/sq_02585_n.png,n,synth_040
data/synth_squares/img/sq_00405_R.png,R,synth_006
data/squares/empty/004_g5.png,empty,004
data/synth_squares/img/sq_00883_p.png,p,synth_013
data/squares/empty/006_a7.png,empty,006
data/synth_squares/img/sq_02569_K.png,K,synth_040
data/synth_squares/img/sq_01790_q.png,q,synth_027
data/squares/empty/067_d5.png,empty,067
data/synth_squares/img/sq_01244_K.png,K,synth_019
data/squares/empty/074_c8.png,empty,074
data/squares/empty/014_g6.png,empty,014
data/squares/empty/013_h6.png,empty,013
data/squares/empty/049_f5.png,empty,049
data/synth_squares/img/sq_01126_P.png,P,synth_017
data/squares/empty/029_e4.png,empty,029
data/squares/empty/045_f2.png,empty,045
data/synth_squares/img/sq_02113_p.png,p,synth_033
data/squares/empty/055_c4.png,empty,055
data/squares/empty/038_f8.png,empty,038
data/synth_squares/img/sq_01043_p.png,p,synth_016
data/squares/P/025_a2.png,P,025
data/squares/empty/040_e4.png,empty,040
data/synth_squares/img/sq_01285_N.png,N,synth_020
data/squares/empty/016_e6.png,empty,016
data/squares/empty/021_b4.png,empty,021
data/synth_squares/img/sq_02198_q.png,q,synth_034
data/squares/empty/073_g4.png,empty,073
data/squares/empty/025_f6.png,empty,025
data/synth_squares/img/sq_01224_B.png,B,synth_019
data/squares/q/020_g2.png,q,020
data/synth_squares/img/sq_03372_B.png,B,synth_052
data/squares/empty/052_d5.png,empty,052
data/squares/empty/041_g1.png,empty,041
data/synth_squares/img/sq_01404_P.png,P,synth_021
data/squares/empty/065_e4.png,empty,065
data/squares/empty/069_a8.png,empty,069
data/synth_squares/img/sq_02532_K.png,K,synth_039
data/synth_squares/img/sq_00904_N.png,N,synth_014
data/squares/empty/018_c7.png,empty,018
data/squares/empty/002_b6.png,empty,002
data/squares/empty/027_g6.png,empty,027
data/squares/empty/004_d2.png,empty,004
data/squares/empty/073_c5.png,empty,073
data/synth_squares/img/sq_03820_p.png,p,synth_059
data/squares/b/012_c6.png,b,012
data/synth_squares/img/sq_01953_K.png,K,synth_030
data/squares/k/043_e3.png,k,043
data/squares/empty/028_b4.png,empty,028
data/squares/empty/061_f6.png,empty,061
data/squares/empty/010_h5.png,empty,010
data/synth_squares/img/sq_00221_r.png,r,synth_003
data/synth_squares/img/sq_01290_k.png,k,synth_020
data/squares/empty/048_g3.png,empty,048
data/synth_squares/img/sq_02397_P.png,P,synth_037
data/synth_squares/img/sq_03033_B.png,B,synth_047
data/synth_squares/img/sq_01149_k.png,k,synth_017
data/squares/empty/053_d4.png,empty,053
data/squares/empty/023_b2.png,empty,023
data/squares/empty/027_g5.png,empty,027
data/synth_squares/img/sq_01702_k.png,k,synth_026
data/synth_squares/img/sq_03279_p.png,p,synth_051
data/squares/R/004_h5.png,R,004
data/squares/empty/013_a7.png,empty,013
data/squares/empty/054_h4.png,empty,054
data/squares/empty/068_f4.png,empty,068
data/squares/empty/028_a5.png,empty,028
data/squares/empty/034_d6.png,empty,034
data/squares/empty/009_d2.png,empty,009
data/squares/empty/047_g4.png,empty,047
data/squares/empty/047_c8.png,empty,047
data/synth_squares/img/sq_01984_Q.png,Q,synth_031
data/synth_squares/img/sq_02617_r.png,r,synth_040
data/squares/empty/060_d8.png,empty,060
data/squares/empty/049_h1.png,empty,049
data/squares/empty/054_f8.png,empty,054
data/squares/Q/038_e6.png,Q,038
data/squares/empty/026_b1.png,empty,026
data/squares/empty/047_d8.png,empty,047
data/synth_squares/img/sq_02829_B.png,B,synth_044
data/synth_squares/img/sq_02073_q.png,q,synth_032
data/synth_squares/img/sq_02123_K.png,K,synth_033
data/synth_squares/img/sq_02442_q.png,q,synth_038
data/squares/k/055_h8.png,k,055
data/synth_squares/img/sq_03621_Q.png,Q,synth_056
data/synth_squares/img/sq_00381_empty.png,empty,synth_005
data/squares/empty/053_g7.png,empty,053
data/synth_squares/img/sq_00610_k.png,k,synth_009
data/squares/empty/003_g5.png,empty,003
data/squares/empty/068_h4.png,empty,068
data/synth_squares/img/sq_02950_B.png,B,synth_046
data/synth_squares/img/sq_00420_q.png,q,synth_006
data/squares/n/042_e6.png,n,042
data/synth_squares/img/sq_00869_R.png,R,synth_013
data/synth_squares/img/sq_01063_b.png,b,synth_016
data/synth_squares/img/sq_02571_empty.png,empty,synth_040
data/synth_squares/img/sq_00762_r.png,r,synth_011
data/synth_squares/img/sq_01541_k.png,k,synth_024
data/squares/P/031_f6.png,P,031
data/squares/empty/028_g2.png,empty,028
data/synth_squares/img/sq_01315_R.png,R,synth_020
data/squares/empty/057_c6.png,empty,057
data/squares/empty/044_c3.png,empty,044
data/squares/empty/049_b1.png,empty,049
data/squares/empty/038_c8.png,empty,038
data/squares/empty/065_c5.png,empty,065
data/synth_squares/img/sq_00941_K.png,K,synth_014
data/squares/empty/065_a3.png,empty,065
data/squares/empty/055_c2.png,empty,055
data/squares/empty/070_e7.png,empty,070
data/squares/empty/053_g1.png,empty,053
data/synth_squares/img/sq_01098_empty.png,empty,synth_017
data/synth_squares/img/sq_02345_K.png,K,synth_036
data/synth_squares/img/sq_03404_K.png,K,synth_053
data/squares/empty/029_f2.png,empty,029
data/squares/empty/001_g7.png,empty,001
data/synth_squares/img/sq_00724_n.png,n,synth_011
data/squares/empty/065_d1.png,empty,065
data/synth_squares/img/sq_01269_Q.png,Q,synth_019
data/synth_squares/img/sq_02880_R.png,R,synth_045
data/squares/empty/035_h1.png,empty,035
data/synth_squares/img/sq_03182_n.png,n,synth_049
data/squares/empty/009_c8.png,empty,009
data/synth_squares/img/sq_02941_N.png,N,synth_045
data/squares/P/010_d7.png,P,010
data/synth_squares/img/sq_03007_Q.png,Q,synth_046
data/synth_squares/img/sq_02193_N.png,N,synth_034
data/synth_squares/img/sq_01911_k.png,k,synth_029
data/squares/empty/038_h6.png,empty,038
data/squares/empty/071_g7.png,empty,071
data/synth_squares/img/sq_02620_r.png,r,synth_040
data/squares/empty/036_g5.png,empty,036
data/synth_squares/img/sq_00198_B.png,B,synth_003
data/squares/P/032_e6.png,P,032
data/squares/empty/027_c7.png,empty,027
data/squares/empty/064_f4.png,empty,064
data/squares/empty/008_g2.png,empty,008
data/synth_squares/img/sq_00620_k.png,k,synth_009
data/synth_squares/img/sq_00294_B.png,B,synth_004
data/squares/empty/032_h4.png,empty,032
data/synth_squares/img/sq_03738_k.png,k,synth_058
data/squares/empty/008_e7.png,empty,008
data/synth_squares/img/sq_01717_r.png,r,synth_026
data/squares/empty/040_b4.png,empty,040
data/squares/empty/019_e1.png,empty,019
data/synth_squares/img/sq_00671_Q.png,Q,synth_010
data/squares/empty/000_h5.png,empty,000
data/squares/empty/059_h4.png,empty,059
data/synth_squares/img/sq_01246_N.png,N,synth_019
data/squares/empty/030_c6.png,empty,030
data/squares/empty/010_f3.png,empty,010
data/synth_squares/img/sq_01296_R.png,R,synth_020
data/synth_squares/img/sq_03851_n.png,n,synth_060
data/synth_squares/img/sq_00173_K.png,K,synth_002
data/squares/Q/060_a6.png,Q,060
data/synth_squares/img/sq_02490_empty.png,empty,synth_038
data/squares/B/057_b8.png,B,057
data/synth_squares/img/sq_03811_b.png,b,synth_059
data/squares/empty/018_a3.png,empty,018
data/synth_squares/img/sq_02259_B.png,B,synth_035
data/squares/empty/029_b3.png,empty,029
data/synth_squares/img/sq_00979_R.png,R,synth_015
data/synth_squares/img/sq_03895_p.png,p,synth_060
data/squares/empty/013_e1.png,empty,013
data/synth_squares/img/sq_01618_n.png,n,synth_025
data/squares/empty/034_a5.png,empty,034
data/squares/empty/036_g2.png,empty,036
data/squares/empty/045_h5.png,empty,045
data/synth_squares/img/sq_00336_empty.png,empty,synth_005
data/synth_squares/img/sq_00517_k.png,k,synth_008
data/squares/empty/034_a1.png,empty,034
data/squares/empty/036_a2.png,empty,036
data/synth_squares/img/sq_01698_p.png,p,synth_026
data/squares/empty/068_e3.png,empty,068
data/squares/empty/017_c4.png,empty,017
data/squares/empty/065_d3.png,empty,065
data/squares/empty/070_f2.png,empty,070
data/squares/empty/049_e3.png,empty,049
data/synth_squares/img/sq_03602_b.png,b,synth_056
data/synth_squares/img/sq_00634_k.png,k,synth_009
data/squares/K/041_d3.png,K,041
data/synth_squares/img/sq_03859_n.png,n,synth_060
data/synth_squares/img/sq_01165_K.png,K,synth_018
data/synth_squares/img/sq_00253_b.png,b,synth_003
data/squares/empty/050_a1.png,empty,050
data/synth_squares/img/sq_01896_k.png,k,synth_029
data/squares/empty/067_g5.png,empty,067
data/squares/empty/062_e3.png,empty,062
data/squares/empty/014_c5.png,empty,014
data/squares/empty/011_f1.png,empty,011
data/squares/empty/070_e6.png,empty,070
data/squares/empty/005_a1.png,empty,005
data/synth_squares/img/sq_03119_b.png,b,synth_048
data/synth_squares/img/sq_00460_k.png,k,synth_007
data/synth_squares/img/sq_01080_q.png,q,synth_016
data/synth_squares/img/sq_02354_q.png,q,synth_036
data/synth_squares/img/sq_02486_K.png,K,synth_038
data/squares/empty/063_f5.png,empty,063
data/synth_squares/img/sq_01026_n.png,n,synth_016
data/squares/empty/002_b3.png,empty,002
data/synth_squares/img/sq_01964_r.png,r,synth_030
data/squares/b/006_a1.png,b,006
data/synth_squares/img/sq_01332_q.png,q,synth_020
data/squares/r/017_e3.png,r,017
data/synth_squares/img/sq_03196_P.png,P,synth_049
data/synth_squares/img/sq_01104_n.png,n,synth_017
data/squares/empty/065_g8.png,empty,065
data/squares/empty/008_g6.png,empty,008
data/synth_squares/img/sq_01756_Q.png,Q,synth_027
data/squares/empty/041_g7.png,empty,041
data/squares/P/057_g4.png,P,057
data/synth_squares/img/sq_01693_Q.png,Q,synth_026
data/synth_squares/img/sq_00393_B.png,B,synth_006
data/synth_squares/img/sq_00929_empty.png,empty,synth_014
data/synth_squares/img/sq_03282_Q.png,Q,synth_051
data/synth_squares/img/sq_00573_P.png,P,synth_008
data/synth_squares/img/sq_01562_empty.png,empty,synth_024
data/synth_squares/img/sq_02737_empty.png,empty,synth_042
data/squares/empty/049_h3.png,empty,049
data/synth_squares/img/sq_02431_R.png,R,synth_037
data/squares/empty/037_e4.png,empty,037
data/synth_squares/img/sq_01657_q.png,q,synth_025
data/squares/R/052_b5.png,R,052
data/squares/empty/044_a6.png,empty,044
data/synth_squares/img/sq_01064_empty.png,empty,synth_016
data/synth_squares/img/sq_00806_P.png,P,synth_012
data/synth_squares/img/sq_02712_empty.png,empty,synth_042
data/synth_squares/img/sq_00404_R.png,R,synth_006
data/squares/empty/015_a8.png,empty,015
data/squares/r/024_a7.png,r,024
data/synth_squares/img/sq_00792_R.png,R,synth_012
data/squares/empty/034_d4.png,empty,034
data/synth_squares/img/sq_01865_r.png,r,synth_029
data/squares/empty/020_f4.png,empty,020
data/squares/empty/042_f7.png,empty,042
data/squares/b/024_f5.png,b,024
data/synth_squares/img/sq_00737_N.png,N,synth_011
data/squares/empty/028_d1.png,empty,028
data/squares/empty/055_f4.png,empty,055
data/synth_squares/img/sq_00629_empty.png,empty,synth_009
data/synth_squares/img/sq_01090_K.png,K,synth_017
data/squares/empty/030_g4.png,empty,030
data/synth_squares/img/sq_02518_Q.png,Q,synth_039
data/synth_squares/img/sq_00521_n.png,n,synth_008
data/squares/empty/054_c2.png,empty,054
data/squares/empty/041_d7.png,empty,041
data/synth_squares/img/sq_00117_p.png,p,synth_001
data/squares/b/014_a3.png,b,014
data/synth_squares/img/sq_01836_Q.png,Q,synth_028
data/squares/empty/013_g4.png,empty,013
data/synth_squares/img/sq_00373_empty.png,empty,synth_005
data/squares/empty/043_d5.png,empty,043
data/synth_squares/img/sq_01292_n.png,n,synth_020
data/squares/empty/018_g5.png,empty,018
data/squares/Q/070_g4.png,Q,070
data/synth_squares/img/sq_01852_Q.png,Q,synth_028
data/synth_squares/img/sq_02272_R.png,R,synth_035
data/synth_squares/img/sq_03191_P.png,P,synth_049
data/synth_squares/img/sq_00441_K.png,K,synth_006
data/synth_squares/img/sq_02190_Q.png,Q,synth_034
data/synth_squares/img/sq_00535_b.png,b,synth_008
data/synth_squares/img/sq_01089_N.png,N,synth_017
data/squares/empty/015_f2.png,empty,015
data/synth_squares/img/sq_01664_q.png,q,synth_026
data/synth_squares/img/sq_03480_q.png,q,synth_054
data/synth_squares/img/sq_02604_P.png,P,synth_040
data/synth_squares/img/sq_01197_p.png,p,synth_018
data/synth_squares/img/sq_02670_P.png,P,synth_041
data/synth_squares/img/sq_00739_N.png,N,synth_011
data/squares/empty/048_h8.png,empty,048
data/squares/empty/041_b1.png,empty,041
data/squares/empty/009_b7.png,empty,009
data/synth_squares/img/sq_00506_K.png,K,synth_007
data/synth_squares/img/sq_00507_q.png,q,synth_007
data/synth_squares/img/sq_03448_N.png,N,synth_053
data/synth_squares/img/sq_01549_R.png,R,synth_024
data/squares/empty/057_f3.png,empty,057
data/synth_squares/img/sq_02426_n.png,n,synth_037
data/squares/empty/024_c7.png,empty,024
data/squares/b/070_g6.png,b,070
data/squares/empty/017_h5.png,empty,017
data/squares/r/031_g7.png,r,031
data/squares/empty/010_h4.png,empty,010
data/synth_squares/img/sq_00721_r.png,r,synth_011
data/squares/empty/058_c5.png,empty,058
data/squares/empty/055_d5.png,empty,055
data/squares/empty/053_f6.png,empty,053
data/squares/empty/021_f5.png,empty,021
data/squares/empty/034_f7.png,empty,034
data/synth_squares/img/sq_03134_R.png,R,synth_048
data/squares/empty/027_e8.png,empty,027
data/synth_squares/img/sq_00643_K.png,K,synth_010
data/squares/empty/039_h6.png,empty,039
data/synth_squares/img/sq_00784_q.png,q,synth_012
data/synth_squares/img/sq_01202_r.png,r,synth_018
data/squares/empty/074_e2.png,empty,074
data/synth_squares/img/sq_01250_empty.png,empty,synth_019
data/squares/empty/071_c4.png,empty,071
data/synth_squares/img/sq_00675_N.png,N,synth_010
data/synth_squares/img/sq_01899_empty.png,empty,synth_029
data/synth_squares/img/sq_02049_q.png,q,synth_032
data/synth_squares/img/sq_01326_n.png,n,synth_020
data/squares/r/068_e8.png,r,068
data/squares/K/012_d8.png,K,012
data/synth_squares/img/sq_00600_B.png,B,synth_009
data/squares/empty/045_c5.png,empty,045
data/squares/empty/029_a8.png,empty,029
data/squares/empty/052_h7.png,empty,052
data/squares/P/036_h2.png,P,036
data/synth_squares/img/sq_01860_K.png,K,synth_029
data/squares/k/039_g2.png,k,039
data/squares/empty/049_b5.png,empty,049
data/synth_squares/img/sq_02779_Q.png,Q,synth_043
data/squares/empty/063_e4.png,empty,063
data/synth_squares/img/sq_00540_n.png,n,synth_008
data/synth_squares/img/sq_01525_r.png,r,synth_023
data/squares/empty/057_b4.png,empty,057
data/synth_squares/img/sq_02360_R.png,R,synth_036
data/squares/empty/073_d6.png,empty,073
data/squares/empty/058_f1.png,empty,058
data/synth_squares/img/sq_03064_empty.png,empty,synth_047
data/synth_squares/img/sq_03315_K.png,K,synth_051
data/squares/empty/056_h1.png,empty,056
data/synth_squares/img/sq_01843_p.png,p,synth_028
data/squares/empty/037_h4.png,empty,037
data/synth_squares/img/sq_03885_n.png,n,synth_060
data/synth_squares/img/sq_01242_p.png,p,synth_019
data/squares/empty/029_c7.png,empty,029
data/synth_squares/img/sq_02069_k.png,k,synth_032
data/squares/empty/047_g6.png,empty,047
data/squares/empty/069_e6.png,empty,069
data/synth_squares/img/sq_03263_r.png,r,synth_050
data/synth_squares/img/sq_01490_k.png,k,synth_023
data/squares/empty/031_a5.png,empty,031
data/synth_squares/img/sq_00666_empty.png,empty,synth_010
data/squares/empty/032_b5.png,empty,032
data/squares/empty/063_a7.png,empty,063
data/synth_squares/img/sq_03450_Q.png,Q,synth_053
data/squares/empty/033_d6.png,empty,033
data/squares/B/018_g8.png,B,018
data/squares/empty/073_f7.png,empty,073
data/synth_squares/img/sq_02129_B.png,B,synth_033
data/synth_squares/img/sq_03803_k.png,k,synth_059
data/synth_squares/img/sq_00049_q.png,q,synth_000
data/squares/empty/005_e2.png,empty,005
data/synth_squares/img/sq_01787_b.png,b,synth_027
data/squares/empty/020_d4.png,empty,020
data/synth_squares/img/sq_02505_P.png,P,synth_039
data/squares/empty/004_f2.png,empty,004
data/synth_squares/img/sq_02677_q.png,q,synth_041
data/squares/empty/022_d1.png,empty,022
data/squares/empty/059_g1.png,empty,059
data/squares/empty/056_e7.png,empty,056
data/squares/empty/053_b6.png,empty,053
data/squares/Q/033_d7.png,Q,033
data/synth_squares/img/sq_00082_R.png,R,synth_001
data/squares/empty/034_g7.png,empty,034
data/squares/k/048_h1.png,k,048
data/squares/empty/068_g7.png,empty,068
data/squares/k/012_g7.png,k,012
data/squares/empty/049_e6.png,empty,049
data/squares/empty/007_h8.png,empty,007
data/synth_squares/img/sq_02017_empty.png,empty,synth_031
data/synth_squares/img/sq_01694_N.png,N,synth_026
data/squares/empty/036_c4.png,empty,036
data/synth_squares/img/sq_00269_k.png,k,synth_004
data/squares/empty/016_e5.png,empty,016
data/synth_squares/img/sq_03568_q.png,q,synth_055
data/synth_squares/img/sq_00100_p.png,p,synth_001
data/synth_squares/img/sq_01587_P.png,P,synth_024
data/squares/empty/035_h4.png,empty,035
data/squares/empty/040_c1.png,empty,040
data/squares/empty/027_c1.png,empty,027
data/synth_squares/img/sq_03094_q.png,q,synth_048
data/squares/empty/056_f6.png,empty,056
data/squares/empty/062_c3.png,empty,062
data/synth_squares/img/sq_01414_n.png,n,synth_022
data/synth_squares/img/sq_02673_p.png,p,synth_041
data/squares/empty/004_e4.png,empty,004
data/squares/b/020_a5.png,b,020
data/squares/empty/064_a2.png,empty,064
data/squares/empty/019_d5.png,empty,019
data/synth_squares/img/sq_00616_k.png,k,synth_009
data/synth_squares/img/sq_03426_P.png,P,synth_053
data/synth_squares/img/sq_01354_k.png,k,synth_021
data/synth_squares/img/sq_03183_p.png,p,synth_049
data/squares/empty/053_f8.png,empty,053
data/squares/empty/033_f2.png,empty,033
data/squares/empty/012_g8.png,empty,012
data/squares/empty/021_b6.png,empty,021
data/squares/empty/039_f3.png,empty,039
data/squares/empty/028_f4.png,empty,028
data/synth_squares/img/sq_00533_k.png,k,synth_008
data/squares/empty/032_f2.png,empty,032
data/squares/empty/067_f2.png,empty,067
data/squares/empty/049_e2.png,empty,049
data/squares/empty/059_g3.png,empty,059
data/synth_squares/img/sq_00172_q.png,q,synth_002
data/synth_squares/img/sq_02832_B.png,B,synth_044
data/squares/empty/048_e5.png,empty,048
data/squares/empty/070_h1.png,empty,070
data/squares/empty/006_h4.png,empty,006
data/synth_squares/img/sq_01124_empty.png,empty,synth_017
data/synth_squares/img/sq_00177_Q.png,Q,synth_002
data/synth_squares/img/sq_03126_p.png,p,synth_048
data/squares/empty/001_f4.png,empty,001
data/squares/empty/035_a2.png,empty,035
data/squares/empty/007_e8.png,empty,007
data/squares/empty/063_b4.png,empty,063
data/synth_squares/img/sq_02412_N.png,N,synth_037
data/squares/empty/035_c1.png,empty,035
data/synth_squares/img/sq_01055_R.png,R,synth_016
data/squares/empty/063_c1.png,empty,063
data/squares/empty/064_d1.png,empty,064
data/squares/empty/047_f6.png,empty,047
data/squares/empty/018_b5.png,empty,018
data/squares/empty/047_a8.png,empty,047
data/synth_squares/img/sq_01222_P.png,P,synth_019
data/squares/empty/038_d3.png,empty,038
data/squares/empty/062_e6.png,empty,062
data/synth_squares/img/sq_01142_P.png,P,synth_017
data/synth_squares/img/sq_03821_k.png,k,synth_059
data/squares/B/053_e3.png,B,053
data/squares/empty/000_g1.png,empty,000
data/synth_squares/img/sq_03778_b.png,b,synth_059
data/synth_squares/img/sq_02256_empty.png,empty,synth_035
data/synth_squares/img/sq_03676_P.png,P,synth_057
data/squares/empty/013_e4.png,empty,013
data/synth_squares/img/sq_00790_empty.png,empty,synth_012
data/squares/empty/032_d6.png,empty,032
data/squares/empty/062_g7.png,empty,062
data/squares/empty/016_d7.png,empty,016
data/synth_squares/img/sq_00623_K.png,K,synth_009
data/squares/r/050_b6.png,r,050
data/squares/B/032_a1.png,B,032
data/synth_squares/img/sq_02191_K.png,K,synth_034
data/squares/empty/013_b6.png,empty,013
data/synth_squares/img/sq_03469_B.png,B,synth_054
data/synth_squares/img/sq_00579_B.png,B,synth_009
data/synth_squares/img/sq_00160_R.png,R,synth_002
data/squares/empty/050_b4.png,empty,050
data/synth_squares/img/sq_03086_B.png,B,synth_048
data/synth_squares/img/sq_00569_r.png,r,synth_008
data/squares/empty/004_c6.png,empty,004
data/squares/empty/060_d1.png,empty,060
data/synth_squares/img/sq_01688_B.png,B,synth_026
data/synth_squares/img/sq_01372_r.png,r,synth_021
data/squares/empty/013_h2.png,empty,013
data/squares/empty/032_g3.png,empty,032
data/squares/empty/043_h4.png,empty,043
data/squares/empty/028_f1.png,empty,028
data/squares/empty/043_d8.png,empty,043
data/synth_squares/img/sq_00687_K.png,K,synth_010
data/squares/empty/042_a6.png,empty,042
data/squares/B/058_b8.png,B,058
data/synth_squares/img/sq_01745_r.png,r,synth_027
data/synth_squares/img/sq_03625_Q.png,Q,synth_056
data/synth_squares/img/sq_01969_K.png,K,synth_030
data/synth_squares/img/sq_02237_n.png,n,synth_034
data/squares/p/028_e3.png,p,028
data/squares/empty/020_c2.png,empty,020
data/squares/empty/015_d4.png,empty,015
data/synth_squares/img/sq_02226_Q.png,Q,synth_034
data/squares/empty/049_f3.png,empty,049
data/squares/n/070_d5.png,n,070
data/synth_squares/img/sq_01950_R.png,R,synth_030
data/squares/empty/004_d6.png,empty,004
data/synth_squares/img/sq_00072_N.png,N,synth_001
data/synth_squares/img/sq_03604_r.png,r,synth_056
data/synth_squares/img/sq_00017_n.png,n,synth_000
data/squares/P/053_g2.png,P,053
data/squares/P/052_e3.png,P,052
data/squares/N/017_d8.png,N,017
data/synth_squares/img/sq_03785_B.png,B,synth_059
data/synth_squares/img/sq_01627_q.png,q,synth_025
data/synth_squares/img/sq_01580_K.png,K,synth_024
data/synth_squares/img/sq_01742_n.png,n,synth_027
data/squares/empty/009_e8.png,empty,009
data/squares/empty/004_a7.png,empty,004
data/squares/empty/034_g5.png,empty,034
data/synth_squares/img/sq_02630_q.png,q,synth_041
data/squares/empty/046_f3.png,empty,046
data/synth_squares/img/sq_03656_b.png,b,synth_057
data/squares/N/009_h3.png,N,009
data/squares/empty/003_c8.png,empty,003
data/synth_squares/img/sq_01275_P.png,P,synth_019
data/squares/R/005_a4.png,R,005
data/synth_squares/img/sq_02785_empty.png,empty,synth_043
data/synth_squares/img/sq_00845_B.png,B,synth_013
data/synth_squares/img/sq_01171_Q.png,Q,synth_018
data/squares/empty/005_e7.png,empty,005
data/squares/empty/016_g2.png,empty,016
data/synth_squares/img/sq_00553_p.png,p,synth_008
data/synth_squares/img/sq_02647_N.png,N,synth_041
data/squares/empty/054_a5.png,empty,054
data/synth_squares/img/sq_00291_q.png,q,synth_004
data/squares/empty/001_b4.png,empty,001
data/squares/empty/064_d8.png,empty,064
data/squares/N/015_d8.png,N,015
data/squares/empty/037_h6.png,empty,037
data/squares/empty/023_a1.png,empty,023
data/synth_squares/img/sq_03589_P.png,P,synth_056
data/synth_squares/img/sq_02195_b.png,b,synth_034
data/synth_squares/img/sq_03719_n.png,n,synth_058
data/squares/empty/025_e4.png,empty,025
data/squares/empty/019_f4.png,empty,019
data/synth_squares/img/sq_00889_n.png,n,synth_013
data/synth_squares/img/sq_03782_k.png,k,synth_059
data/squares/empty/071_h2.png,empty,071
data/squares/empty/034_b2.png,empty,034
data/synth_squares/img/sq_00140_R.png,R,synth_002
data/synth_squares/img/sq_01161_R.png,R,synth_018
data/synth_squares/img/sq_00382_p.png,p,synth_005
data/synth_squares/img/sq_01376_B.png,B,synth_021
data/squares/q/046_c2.png,q,046
data/squares/empty/001_f5.png,empty,001
data/squares/B/071_b8.png,B,071
data/squares/empty/056_a2.png,empty,056
data/squares/empty/026_g6.png,empty,026
data/squares/empty/074_a3.png,empty,074
data/synth_squares/img/sq_02822_N.png,N,synth_044
data/synth_squares/img/sq_02402_r.png,r,synth_037
data/synth_squares/img/sq_02593_empty.png,empty,synth_040
data/squares/empty/038_d1.png,empty,038
data/squares/B/033_b8.png,B,033
data/synth_squares/img/sq_01430_q.png,q,synth_022
data/squares/empty/049_c6.png,empty,049
data/synth_squares/img/sq_02352_b.png,b,synth_036
data/synth_squares/img/sq_01216_N.png,N,synth_019
data/synth_squares/img/sq_00149_p.png,p,synth_002
data/synth_squares/img/sq_02227_r.png,r,synth_034
data/synth_squares/img/sq_03646_p.png,p,synth_056
data/squares/empty/073_h6.png,empty,073
data/synth_squares/img/sq_03597_r.png,r,synth_056
data/squares/n/060_g7.png,n,060
data/squares/k/063_h8.png,k,063
data/squares/empty/000_b3.png,empty,000
data/synth_squares/img/sq_02726_q.png,q,synth_042
data/squares/empty/057_f5.png,empty,057
data/squares/empty/032_a8.png,empty,032
data/synth_squares/img/sq_03304_k.png,k,synth_051
data/synth_squares/img/sq_01811_empty.png,empty,synth_028
data/squares/empty/058_b7.png,empty,058
data/synth_squares/img/sq_01423_K.png,K,synth_022
data/squares/empty/018_d7.png,empty,018
data/synth_squares/img/sq_00481_Q.png,Q,synth_007
data/squares/empty/027_f5.png,empty,027
data/synth_squares/img/sq_01931_r.png,r,synth_030
data/squares/empty/027_d7.png,empty,027
data/synth_squares/img/sq_01873_empty.png,empty,synth_029
data/squares/empty/025_e7.png,empty,025
data/synth_squares/img/sq_01701_q.png,q,synth_026
data/squares/empty/018_f6.png,empty,018
data/squares/empty/047_g7.png,empty,047
data/synth_squares/img/sq_01753_P.png,P,synth_027
data/squares/empty/038_f4.png,empty,038
data/squares/N/048_e8.png,N,048
data/synth_squares/img/sq_01447_N.png,N,synth_022
data/synth_squares/img/sq_03301_r.png,r,synth_051
data/squares/empty/045_a6.png,empty,045
data/squares/empty/021_c5.png,empty,021
data/synth_squares/img/sq_00378_r.png,r,synth_005
data/squares/empty/001_d7.png,empty,001
data/squares/empty/031_h4.png,empty,031
data/squares/empty/066_c4.png,empty,066
data/synth_squares/img/sq_01185_b.png,b,synth_018
data/synth_squares/img/sq_03536_r.png,r,synth_055
data/synth_squares/img/sq_00273_B.png,B,synth_004
data/squares/k/042_c1.png,k,042
data/synth_squares/img/sq_00482_r.png,r,synth_007
data/squares/empty/057_d8.png,empty,057
data/synth_squares/img/sq_00537_R.png,R,synth_008
data/synth_squares/img/sq_03357_empty.png,empty,synth_052
data/squares/empty/074_g7.png,empty,074
data/squares/empty/041_e6.png,empty,041
data/synth_squares/img/sq_01844_R.png,R,synth_028
data/synth_squares/img/sq_02317_B.png,B,synth_036
data/squares/empty/019_g3.png,empty,019
data/squares/empty/069_a3.png,empty,069
data/synth_squares/img/sq_00274_Q.png,Q,synth_004
data/squares/empty/033_a3.png,empty,033
data/squares/empty/032_a3.png,empty,032
data/squares/empty/020_h1.png,empty,020
data/squares/empty/009_e3.png,empty,009
data/synth_squares/img/sq_02462_B.png,B,synth_038
data/squares/empty/007_b4.png,empty,007
data/synth_squares/img/sq_00860_N.png,N,synth_013
data/squares/empty/067_g1.png,empty,067
data/squares/empty/028_a4.png,empty,028
data/synth_squares/img/sq_03103_N.png,N,synth_048
data/squares/empty/074_f3.png,empty,074
data/synth_squares/img/sq_03825_empty.png,empty,synth_059
data/squares/empty/060_a4.png,empty,060
data/synth_squares/img/sq_02632_Q.png,Q,synth_041
data/synth_squares/img/sq_00642_p.png,p,synth_010
data/synth_squares/img/sq_01775_N.png,N,synth_027
data/squares/empty/002_d2.png,empty,002
data/synth_squares/img/sq_01571_R.png,R,synth_024
data/synth_squares/img/sq_02392_P.png,P,synth_037
data/squares/n/054_f4.png,n,054
data/squares/empty/019_b6.png,empty,019
data/squares/k/058_g4.png,k,058
data/squares/empty/034_a6.png,empty,034
data/squares/R/033_h7.png,R,033
data/squares/empty/038_g6.png,empty,038
data/squares/empty/025_d6.png,empty,025
data/synth_squares/img/sq_00656_K.png,K,synth_010
data/synth_squares/img/sq_01903_K.png,K,synth_029
data/synth_squares/img/sq_02454_K.png,K,synth_038
data/squares/empty/026_d2.png,empty,026
data/synth_squares/img/sq_03613_N.png,N,synth_056
data/synth_squares/img/sq_03168_n.png,n,synth_049
data/synth_squares/img/sq_02907_p.png,p,synth_045
data/synth_squares/img/sq_02646_r.png,r,synth_041
data/squares/empty/026_c7.png,empty,026
data/squares/Q/060_d7.png,Q,060
data/squares/k/011_e3.png,k,011
data/synth_squares/img/sq_00673_K.png,K,synth_010
data/squares/empty/043_g5.png,empty,043
data/synth_squares/img/sq_01221_P.png,P,synth_019
data/squares/empty/029_d3.png,empty,029
data/squares/n/055_h7.png,n,055
data/synth_squares/img/sq_02799_N.png,N,synth_043
data/squares/empty/039_g8.png,empty,039
data/squares/empty/048_g5.png,empty,048
data/synth_squares/img/sq_03384_p.png,p,synth_052
data/squares/empty/066_c6.png,empty,066
data/synth_squares/img/sq_01550_r.png,r,synth_024
data/squares/R/036_e8.png,R,036
data/squares/empty/034_d3.png,empty,034
data/synth_squares/img/sq_01719_p.png,p,synth_026
data/synth_squares/img/sq_01514_r.png,r,synth_023
data/squares/empty/025_c8.png,empty,025
data/synth_squares/img/sq_00745_empty.png,empty,synth_011
data/synth_squares/img/sq_01667_R.png,R,synth_026
data/squares/B/035_f8.png,B,035
data/synth_squares/img/sq_03235_p.png,p,synth_050
data/squares/r/011_g4.png,r,011
data/synth_squares/img/sq_00278_p.png,p,synth_004
data/squares/empty/015_g3.png,empty,015
data/squares/K/008_d8.png,K,008
data/synth_squares/img/sq_03579_q.png,q,synth_055
data/squares/empty/039_f5.png,empty,039
data/squares/empty/011_g7.png,empty,011
data/synth_squares/img/sq_02050_K.png,K,synth_032
data/synth_squares/img/sq_03881_K.png,K,synth_060
data/squares/empty/015_a2.png,empty,015
data/synth_squares/img/sq_02511_r.png,r,synth_039
data/squares/empty/008_f5.png,empty,008
data/synth_squares/img/sq_00677_k.png,k,synth_010
data/synth_squares/img/sq_00828_K.png,K,synth_012
data/synth_squares/img/sq_02691_N.png,N,synth_042
data/squares/b/005_b7.png,b,005
data/synth_squares/img/sq_03205_N.png,N,synth_050
data/synth_squares/img/sq_01691_empty.png,empty,synth_026
data/squares/empty/008_f1.png,empty,008
data/synth_squares/img/sq_02514_p.png,p,synth_039
data/synth_squares/img/sq_01773_B.png,B,synth_027
data/synth_squares/img/sq_00611_N.png,N,synth_009
data/squares/empty/050_f8.png,empty,050
data/squares/empty/030_a6.png,empty,030
data/squares/R/046_c4.png,R,046
data/squares/empty/001_h3.png,empty,001
data/synth_squares/img/sq_02313_r.png,r,synth_036
data/squares/empty/028_f6.png,empty,028
data/synth_squares/img/sq_00960_R.png,R,synth_015
data/synth_squares/img/sq_00395_P.png,P,synth_006
data/synth_squares/img/sq_01443_empty.png,empty,synth_022
data/squares/empty/025_c5.png,empty,025
data/synth_squares/img/sq_03259_empty.png,empty,synth_050
data/squares/empty/043_f1.png,empty,043
data/squares/empty/028_f5.png,empty,028
data/squares/empty/052_g3.png,empty,052
data/synth_squares/img/sq_02254_p.png,p,synth_035
data/synth_squares/img/sq_03841_b.png,b,synth_060
data/squares/empty/050_h4.png,empty,050
data/synth_squares/img/sq_02125_empty.png,empty,synth_033
data/synth_squares/img/sq_02627_Q.png,Q,synth_041
data/synth_squares/img/sq_02947_r.png,r,synth_046
data/squares/empty/029_e3.png,empty,029
data/squares/empty/007_a7.png,empty,007
data/synth_squares/img/sq_03824_k.png,k,synth_059
data/squares/empty/012_d6.png,empty,012
data/squares/N/023_e3.png,N,023
data/squares/empty/029_e1.png,empty,029
data/squares/empty/037_e6.png,empty,037
data/squares/empty/061_d8.png,empty,061
data/synth_squares/img/sq_02209_R.png,R,synth_034
data/squares/empty/048_h4.png,empty,048
data/squares/empty/007_e6.png,empty,007
data/synth_squares/img/sq_03861_N.png,N,synth_060
data/synth_squares/img/sq_02176_q.png,q,synth_034
data/synth_squares/img/sq_02953_B.png,B,synth_046
data/squares/b/053_f7.png,b,053
data/synth_squares/img/sq_02983_P.png,P,synth_046
data/squares/empty/036_c8.png,empty,036
data/squares/empty/043_d4.png,empty,043
data/synth_squares/img/sq_03077_N.png,N,synth_048
data/squares/empty/012_f5.png,empty,012
data/synth_squares/img/sq_01521_Q.png,Q,synth_023
data/synth_squares/img/sq_02160_B.png,B,synth_033
data/synth_squares/img/sq_01921_k.png,k,synth_030
data/squares/empty/046_c7.png,empty,046
data/synth_squares/img/sq_02602_B.png,B,synth_040
data/squares/empty/002_c1.png,empty,002
data/squares/empty/046_d4.png,empty,046
data/synth_squares/img/sq_00706_P.png,P,synth_011
data/squares/empty/034_d1.png,empty,034
data/synth_squares/img/sq_03691_empty.png,empty,synth_057
data/synth_squares/img/sq_03351_k.png,k,synth_052
data/squares/r/011_a2.png,r,011
data/synth_squares/img/sq_00212_N.png,N,synth_003
data/squares/empty/066_d7.png,empty,066
data/synth_squares/img/sq_02384_q.png,q,synth_037
data/squares/empty/042_h5.png,empty,042
data/synth_squares/img/sq_03445_K.png,K,synth_053
data/squares/empty/041_d4.png,empty,041
data/squares/empty/040_e3.png,empty,040
data/squares/empty/048_h6.png,empty,048
data/synth_squares/img/sq_02166_b.png,b,synth_033
data/synth_squares/img/sq_03027_n.png,n,synth_047
data/synth_squares/img/sq_00357_q.png,q,synth_005
data/synth_squares/img/sq_03850_P.png,P,synth_060
data/synth_squares/img/sq_03586_P.png,P,synth_056
data/squares/n/013_h8.png,n,013
data/squares/empty/031_a1.png,empty,031
data/squares/empty/052_c5.png,empty,052
data/synth_squares/img/sq_00419_K.png,K,synth_006
data/synth_squares/img/sq_01177_Q.png,Q,synth_018
data/synth_squares/img/sq_02850_B.png,B,synth_044
data/squares/k/005_g1.png,k,005
data/squares/B/048_b8.png,B,048
data/synth_squares/img/sq_03148_K.png,K,synth_049
data/squares/empty/067_f6.png,empty,067
data/squares/empty/033_a8.png,empty,033
data/squares/empty/033_b7.png,empty,033
data/synth_squares/img/sq_00524_B.png,B,synth_008
data/synth_squares/img/sq_01635_k.png,k,synth_025
data/squares/empty/027_h8.png,empty,027
data/squares/empty/026_a5.png,empty,026
data/squares/empty/037_e5.png,empty,037
data/squares/N/026_d4.png,N,026
data/squares/k/038_g2.png,k,038
data/squares/empty/062_f8.png,empty,062
data/synth_squares/img/sq_03184_k.png,k,synth_049
data/squares/empty/013_a5.png,empty,013
data/squares/empty/017_b6.png,empty,017
data/squares/empty/005_f3.png,empty,005
data/squares/empty/066_g4.png,empty,066
data/squares/empty/061_f4.png,empty,061
data/squares/empty/043_c7.png,empty,043
data/squares/empty/028_h7.png,empty,028
data/synth_squares/img/sq_01575_K.png,K,synth_024
data/synth_squares/img/sq_01251_B.png,B,synth_019
data/synth_squares/img/sq_03176_Q.png,Q,synth_049
data/synth_squares/img/sq_02051_N.png,N,synth_032
data/synth_squares/img/sq_03684_B.png,B,synth_057
data/squares/N/013_g2.png,N,013
data/squares/empty/018_d2.png,empty,018
data/squares/empty/022_e7.png,empty,022
data/synth_squares/img/sq_00590_n.png,n,synth_009
data/squares/empty/003_d4.png,empty,003
data/synth_squares/img/sq_02264_n.png,n,synth_035
data/synth_squares/img/sq_02257_Q.png,Q,synth_035
data/synth_squares/img/sq_01808_R.png,R,synth_028
data/squares/empty/021_e5.png,empty,021
data/synth_squares/img/sq_03650_B.png,B,synth_057
data/synth_squares/img/sq_03874_empty.png,empty,synth_060
data/squares/empty/073_a8.png,empty,073
data/synth_squares/img/sq_03555_N.png,N,synth_055
data/squares/b/001_b6.png,b,001
data/squares/empty/006_a6.png,empty,006
data/synth_squares/img/sq_01835_K.png,K,synth_028
data/squares/N/058_a4.png,N,058
data/squares/empty/030_a8.png,empty,030
data/synth_squares/img/sq_00648_n.png,n,synth_010
data/synth_squares/img/sq_02889_q.png,q,synth_045
data/squares/empty/007_d6.png,empty,007
data/synth_squares/img/sq_00305_b.png,b,synth_004
data/synth_squares/img/sq_03715_B.png,B,synth_058
data/synth_squares/img/sq_00987_R.png,R,synth_015
data/synth_squares/img/sq_03276_R.png,R,synth_051
data/squares/empty/006_g6.png,empty,006
data/synth_squares/img/sq_00399_b.png,b,synth_006
data/squares/empty/030_e2.png,empty,030
data/synth_squares/img/sq_01083_P.png,P,synth_016
data/squares/empty/057_h7.png,empty,057
data/squares/empty/063_a2.png,empty,063
data/squares/empty/006_d7.png,empty,006
data/squares/empty/023_h6.png,empty,023
data/squares/empty/013_g6.png,empty,013
data/squares/empty/038_b2.png,empty,038
data/squares/empty/027_e5.png,empty,027
data/squares/empty/073_e6.png,empty,073
data/squares/empty/029_d6.png,empty,029
data/synth_squares/img/sq_01940_B.png,B,synth_030
data/squares/empty/064_c1.png,empty,064
data/squares/empty/003_d2.png,empty,003
data/squares/empty/060_a8.png,empty,060
data/synth_squares/img/sq_03507_K.png,K,synth_054
data/synth_squares/img/sq_03489_b.png,b,synth_054
data/synth_squares/img/sq_02147_Q.png,Q,synth_033
data/squares/empty/033_e6.png,empty,033
data/synth_squares/img/sq_01072_p.png,p,synth_016
data/synth_squares/img/sq_01665_R.png,R,synth_026
data/squares/empty/061_g5.png,empty,061
data/synth_squares/img/sq_02888_n.png,n,synth_045
data/squares/q/034_g1.png,q,034
data/squares/empty/015_c5.png,empty,015
data/synth_squares/img/sq_02795_b.png,b,synth_043
data/squares/p/024_b4.png,p,024
data/synth_squares/img/sq_02399_N.png,N,synth_037
data/squares/empty/066_g3.png,empty,066
data/squares/empty/028_f8.png,empty,028
data/squares/empty/029_h1.png,empty,029
data/synth_squares/img/sq_00010_r.png,r,synth_000
data/squares/empty/048_a5.png,empty,048
data/squares/B/029_h8.png,B,029
data/synth_squares/img/sq_03466_p.png,p,synth_054
data/squares/empty/043_h6.png,empty,043
data/synth_squares/img/sq_01593_empty.png,empty,synth_024
data/synth_squares/img/sq_03717_Q.png,Q,synth_058
data/squares/r/024_a6.png,r,024
data/synth_squares/img/sq_02748_N.png,N,synth_042
data/synth_squares/img/sq_01121_r.png,r,synth_017
data/squares/r/029_f3.png,r,029
data/squares/empty/028_a6.png,empty,028
data/synth_squares/img/sq_00101_N.png,N,synth_001
data/synth_squares/img/sq_02823_K.png,K,synth_044
data/squares/empty/014_c8.png,empty,014
data/synth_squares/img/sq_00135_q.png,q,synth_002
data/synth_squares/img/sq_02861_K.png,K,synth_044
data/squares/empty/022_a2.png,empty,022
data/synth_squares/img/sq_00479_n.png,n,synth_007
data/squares/empty/028_c3.png,empty,028
data/squares/empty/074_a7.png,empty,074
data/synth_squares/img/sq_01816_K.png,K,synth_028
data/squares/empty/062_a7.png,empty,062
data/synth_squares/img/sq_00544_r.png,r,synth_008
data/synth_squares/img/sq_02040_N.png,N,synth_031
data/squares/empty/011_h5.png,empty,011
data/synth_squares/img/sq_01421_B.png,B,synth_022
data/synth_squares/img/sq_03835_n.png,n,synth_059
data/squares/empty/065_g5.png,empty,065
data/synth_squares/img/sq_02144_r.png,r,synth_033
data/squares/empty/036_d7.png,empty,036
data/synth_squares/img/sq_00261_empty.png,empty,synth_004
data/squares/empty/065_d4.png,empty,065
data/synth_squares/img/sq_00763_p.png,p,synth_011
data/synth_squares/img/sq_02811_q.png,q,synth_043
data/synth_squares/img/sq_01595_p.png,p,synth_024
data/squares/empty/045_f7.png,empty,045
data/squares/empty/069_g3.png,empty,069
data/squares/empty/042_b1.png,empty,042
data/synth_squares/img/sq_01818_n.png,n,synth_028
data/squares/B/028_c5.png,B,028
data/squares/empty/057_a1.png,empty,057
data/synth_squares/img/sq_00195_n.png,n,synth_003
data/squares/empty/062_g3.png,empty,062
data/squares/empty/033_h1.png,empty,033
data/squares/empty/009_a7.png,empty,009
data/synth_squares/img/sq_00476_N.png,N,synth_007
data/squares/empty/074_b7.png,empty,074
data/squares/empty/002_g8.png,empty,002
data/synth_squares/img/sq_01010_n.png,n,synth_015
data/squares/k/023_g6.png,k,023
data/squares/B/066_b8.png,B,066
data/squares/empty/022_e6.png,empty,022
data/synth_squares/img/sq_00596_K.png,K,synth_009
data/squares/empty/042_c8.png,empty,042
data/squares/P/027_f4.png,P,027
data/synth_squares/img/sq_03497_N.png,N,synth_054
data/squares/empty/059_h6.png,empty,059
data/synth_squares/img/sq_01006_R.png,R,synth_015
data/synth_squares/img/sq_00674_p.png,p,synth_010
data/squares/empty/041_h2.png,empty,041
data/synth_squares/img/sq_01989_N.png,N,synth_031
data/squares/empty/027_d3.png,empty,027
data/squares/empty/013_e8.png,empty,013
data/squares/empty/022_b7.png,empty,022
data/squares/empty/069_h5.png,empty,069
data/squares/empty/002_f3.png,empty,002
data/squares/empty/010_b2.png,empty,010
data/squares/empty/011_a4.png,empty,011
data/synth_squares/img/sq_03659_n.png,n,synth_057
data/synth_squares/img/sq_01411_N.png,N,synth_022
data/synth_squares/img/sq_00813_Q.png,Q,synth_012
data/synth_squares/img/sq_01330_r.png,r,synth_020
data/synth_squares/img/sq_01519_b.png,b,synth_023
data/synth_squares/img/sq_02740_n.png,n,synth_042
data/squares/empty/002_f1.png,empty,002
data/synth_squares/img/sq_01071_R.png,R,synth_016
data/synth_squares/img/sq_00582_p.png,p,synth_009
data/synth_squares/img/sq_02842_p.png,p,synth_044
data/squares/empty/036_b4.png,empty,036
data/squares/empty/008_c8.png,empty,008
data/synth_squares/img/sq_00908_p.png,p,synth_014
data/synth_squares/img/sq_02917_K.png,K,synth_045
data/squares/empty/027_c2.png,empty,027
data/squares/empty/073_b1.png,empty,073
data/squares/empty/010_b3.png,empty,010
data/squares/empty/007_b3.png,empty,007
data/synth_squares/img/sq_01136_R.png,R,synth_017
data/squares/empty/036_d6.png,empty,036
data/squares/empty/068_c2.png,empty,068
data/squares/empty/064_e5.png,empty,064
data/synth_squares/img/sq_02380_N.png,N,synth_037
data/squares/B/074_f8.png,B,074
data/squares/N/037_c4.png,N,037
data/synth_squares/img/sq_00880_B.png,B,synth_013
data/squares/empty/000_b2.png,empty,000
data/synth_squares/img/sq_01320_Q.png,Q,synth_020
data/synth_squares/img/sq_03190_p.png,p,synth_049
data/squares/N/009_f3.png,N,009
data/squares/empty/024_b2.png,empty,024
data/squares/empty/045_a8.png,empty,045
data/squares/empty/071_f5.png,empty,071
data/squares/empty/025_g4.png,empty,025
data/squares/empty/041_f2.png,empty,041
data/squares/N/035_d1.png,N,035
data/squares/B/005_g7.png,B,005
data/squares/empty/068_c3.png,empty,068
data/squares/empty/004_b4.png,empty,004
data/squares/empty/039_d3.png,empty,039
data/squares/k/000_g5.png,k,000
data/synth_squares/img/sq_03121_n.png,n,synth_048
data/synth_squares/img/sq_02434_P.png,P,synth_038
data/synth_squares/img/sq_00152_R.png,R,synth_002
data/synth_squares/img/sq_02864_k.png,k,synth_044
data/squares/empty/070_h5.png,empty,070
data/squares/p/010_h2.png,p,010
data/squares/empty/022_a8.png,empty,022
data/synth_squares/img/sq_02117_K.png,K,synth_033
data/squares/empty/052_g7.png,empty,052
data/squares/empty/068_c5.png,empty,068
data/synth_squares/img/sq_02783_N.png,N,synth_043
data/squares/empty/025_a5.png,empty,025
data/squares/empty/030_e1.png,empty,030
data/synth_squares/img/sq_01068_p.png,p,synth_016
data/squares/empty/071_a8.png,empty,071
data/squares/empty/030_g2.png,empty,030
data/synth_squares/img/sq_02756_b.png,b,synth_043
data/squares/empty/025_e2.png,empty,025
data/synth_squares/img/sq_03736_R.png,R,synth_058
data/synth_squares/img/sq_02304_r.png,r,synth_036
data/squares/empty/066_a3.png,empty,066
data/squares/N/063_g5.png,N,063
data/synth_squares/img/sq_02588_N.png,N,synth_040
data/squares/empty/004_g2.png,empty,004
data/squares/empty/053_e7.png,empty,053
data/squares/empty/030_f1.png,empty,030
data/synth_squares/img/sq_03053_n.png,n,synth_047
data/synth_squares/img/sq_00741_K.png,K,synth_011
data/squares/empty/006_g5.png,empty,006
data/synth_squares/img/sq_02152_B.png,B,synth_033
data/synth_squares/img/sq_02962_p.png,p,synth_046
data/squares/empty/015_d6.png,empty,015
data/synth_squares/img/sq_00632_b.png,b,synth_009
data/squares/empty/055_f3.png,empty,055
data/squares/empty/020_e2.png,empty,020
data/squares/empty/002_g1.png,empty,002
data/synth_squares/img/sq_02000_b.png,b,synth_031
data/squares/empty/049_e1.png,empty,049
data/synth_squares/img/sq_01313_B.png,B,synth_020
data/synth_squares/img/sq_01238_B.png,B,synth_019
data/squares/empty/042_g7.png,empty,042
data/synth_squares/img/sq_01670_R.png,R,synth_026
data/squares/Q/024_b5.png,Q,024
data/squares/empty/068_h3.png,empty,068
data/squares/empty/004_e1.png,empty,004
data/squares/empty/032_c4.png,empty,032
data/squares/empty/066_d6.png,empty,066
data/squares/empty/068_c1.png,empty,068
data/squares/empty/022_g8.png,empty,022
data/synth_squares/img/sq_03145_P.png,P,synth_049
data/synth_squares/img/sq_00944_N.png,N,synth_014
data/synth_squares/img/sq_00500_P.png,P,synth_007
data/synth_squares/img/sq_02937_B.png,B,synth_045
data/squares/empty/032_h6.png,empty,032
data/synth_squares/img/sq_02344_P.png,P,synth_036
data/synth_squares/img/sq_02870_B.png,B,synth_044
data/squares/empty/024_g2.png,empty,024
data/synth_squares/img/sq_02744_k.png,k,synth_042
data/synth_squares/img/sq_01944_empty.png,empty,synth_030
data/squares/B/031_c4.png,B,031
data/squares/k/057_e4.png,k,057
data/squares/N/048_b7.png,N,048
data/squares/empty/017_e6.png,empty,017
data/synth_squares/img/sq_00134_n.png,n,synth_002
data/squares/empty/065_e6.png,empty,065
data/squares/empty/043_h7.png,empty,043
data/synth_squares/img/sq_03496_K.png,K,synth_054
data/squares/empty/017_d2.png,empty,017
data/synth_squares/img/sq_00169_k.png,k,synth_002
data/squares/empty/048_d1.png,empty,048
data/squares/empty/060_b3.png,empty,060
data/synth_squares/img/sq_00358_K.png,K,synth_005
data/squares/empty/025_a4.png,empty,025
data/squares/empty/034_f6.png,empty,034
data/squares/empty/019_a7.png,empty,019
data/squares/empty/044_d3.png,empty,044
data/synth_squares/img/sq_02133_N.png,N,synth_033
data/synth_squares/img/sq_00613_empty.png,empty,synth_009
data/synth_squares/img/sq_00157_R.png,R,synth_002
data/squares/empty/019_e4.png,empty,019
data/squares/empty/007_b6.png,empty,007
data/squares/empty/030_e8.png,empty,030
data/squares/empty/015_b2.png,empty,015
data/synth_squares/img/sq_02955_p.png,p,synth_046
data/synth_squares/img/sq_02975_r.png,r,synth_046
data/synth_squares/img/sq_01191_Q.png,Q,synth_018
data/squares/empty/064_a8.png,empty,064
data/synth_squares/img/sq_03021_p.png,p,synth_047
data/squares/empty/047_g1.png,empty,047
data/squares/empty/058_d8.png,empty,058
data/synth_squares/img/sq_01467_empty.png,empty,synth_022
data/synth_squares/img/sq_03576_Q.png,Q,synth_055
data/squares/empty/012_g1.png,empty,012
data/squares/empty/043_e7.png,empty,043
data/synth_squares/img/sq_01037_R.png,R,synth_016
data/squares/empty/027_a1.png,empty,027
data/squares/empty/041_f7.png,empty,041
data/squares/empty/023_a2.png,empty,023
data/squares/empty/058_c1.png,empty,058
data/squares/empty/049_h5.png,empty,049
data/squares/empty/009_e7.png,empty,009
data/synth_squares/img/sq_01630_k.png,k,synth_025
data/synth_squares/img/sq_02974_B.png,B,synth_046
data/synth_squares/img/sq_00937_k.png,k,synth_014
data/squares/empty/047_f4.png,empty,047
data/squares/empty/049_a2.png,empty,049
data/synth_squares/img/sq_00125_N.png,N,synth_001
data/squares/P/061_b3.png,P,061
data/synth_squares/img/sq_01631_R.png,R,synth_025
data/squares/empty/055_a7.png,empty,055
data/squares/empty/027_d4.png,empty,027
data/squares/empty/038_g3.png,empty,038
data/synth_squares/img/sq_02395_R.png,R,synth_037
data/squares/empty/064_f3.png,empty,064
data/synth_squares/img/sq_00046_R.png,R,synth_000
data/squares/empty/004_e3.png,empty,004
data/synth_squares/img/sq_02444_empty.png,empty,synth_038
data/squares/empty/030_e5.png,empty,030
data/synth_squares/img/sq_00369_n.png,n,synth_005
data/squares/empty/039_h4.png,empty,039
data/squares/empty/006_c2.png,empty,006
data/squares/empty/006_e3.png,empty,006
data/synth_squares/img/sq_02972_k.png,k,synth_046
data/synth_squares/img/sq_03718_p.png,p,synth_058
data/synth_squares/img/sq_01069_n.png,n,synth_016
data/squares/empty/033_g7.png,empty,033
data/synth_squares/img/sq_02519_r.png,r,synth_039
data/synth_squares/img/sq_01727_p.png,p,synth_026
data/squares/empty/023_e4.png,empty,023
data/squares/empty/000_f2.png,empty,000
data/synth_squares/img/sq_00142_b.png,b,synth_002
data/squares/empty/062_g4.png,empty,062
data/squares/empty/013_b4.png,empty,013
data/squares/empty/042_d3.png,empty,042
data/synth_squares/img/sq_02020_R.png,R,synth_031
data/synth_squares/img/sq_02411_P.png,P,synth_037
data/synth_squares/img/sq_02161_b.png,b,synth_033
data/squares/empty/070_b3.png,empty,070
data/squares/empty/066_e7.png,empty,066
data/squares/empty/006_f7.png,empty,006
data/squares/empty/039_h3.png,empty,039
data/synth_squares/img/sq_02330_P.png,P,synth_036
data/squares/empty/052_f6.png,empty,052
data/synth_squares/img/sq_03716_k.png,k,synth_058
data/squares/n/006_a4.png,n,006
data/synth_squares/img/sq_02911_p.png,p,synth_045
data/squares/empty/029_h3.png,empty,029
data/squares/empty/044_a1.png,empty,044
data/squares/K/020_b3.png,K,020
data/squares/empty/018_c1.png,empty,018
data/synth_squares/img/sq_02080_empty.png,empty,synth_032
data/synth_squares/img/sq_01067_K.png,K,synth_016
data/squares/B/012_b8.png,B,012
data/squares/empty/039_a7.png,empty,039
data/squares/empty/070_g7.png,empty,070
data/squares/Q/049_e4.png,Q,049
data/synth_squares/img/sq_00194_P.png,P,synth_003
data/squares/empty/050_d2.png,empty,050
data/synth_squares/img/sq_02137_K.png,K,synth_033
data/squares/empty/058_c4.png,empty,058
data/squares/empty/021_h1.png,empty,021
data/squares/k/052_h1.png,k,052
data/synth_squares/img/sq_00063_k.png,k,synth_000
data/squares/empty/004_f3.png,empty,004
data/squares/empty/058_h4.png,empty,058
data/synth_squares/img/sq_01435_b.png,b,synth_022
data/squares/empty/047_d7.png,empty,047
data/squares/empty/006_h3.png,empty,006
data/synth_squares/img/sq_00899_Q.png,Q,synth_014
data/squares/empty/009_f6.png,empty,009
data/squares/empty/007_b7.png,empty,007
data/synth_squares/img/sq_02997_B.png,B,synth_046
data/squares/B/025_g3.png,B,025
data/synth_squares/img/sq_01408_q.png,q,synth_022
data/squares/empty/008_c1.png,empty,008
data/synth_squares/img/sq_02788_B.png,B,synth_043
data/squares/n/064_e8.png,n,064
data/squares/empty/070_d3.png,empty,070
data/synth_squares/img/sq_02262_p.png,p,synth_035
data/synth_squares/img/sq_03844_q.png,q,synth_060
data/synth_squares/img/sq_03720_K.png,K,synth_058
data/squares/empty/010_a6.png,empty,010
data/squares/empty/047_g3.png,empty,047
data/squares/empty/019_e3.png,empty,019
data/squares/empty/029_d4.png,empty,029
data/squares/P/006_c4.png,P,006
data/synth_squares/img/sq_02827_Q.png,Q,synth_044
data/squares/empty/030_d5.png,empty,030
data/synth_squares/img/sq_01245_q.png,q,synth_019
data/squares/q/070_f1.png,q,070
data/synth_squares/img/sq_03543_R.png,R,synth_055
data/squares/empty/045_a2.png,empty,045
data/synth_squares/img/sq_00662_q.png,q,synth_010
data/squares/empty/070_c1.png,empty,070
data/synth_squares/img/sq_01971_empty.png,empty,synth_030
data/synth_squares/img/sq_00655_R.png,R,synth_010
data/squares/empty/022_c4.png,empty,022
data/squares/empty/039_g3.png,empty,039
data/squares/empty/008_b7.png,empty,008
data/synth_squares/img/sq_00295_P.png,P,synth_004
data/squares/empty/058_b2.png,empty,058
data/squares/empty/037_g2.png,empty,037
data/synth_squares/img/sq_01243_P.png,P,synth_019
data/synth_squares/img/sq_02365_K.png,K,synth_036
data/synth_squares/img/sq_03827_Q.png,Q,synth_059
data/synth_squares/img/sq_01845_K.png,K,synth_028
data/squares/P/068_d3.png,P,068
data/synth_squares/img/sq_03255_n.png,n,synth_050
data/synth_squares/img/sq_01825_r.png,r,synth_028
data/synth_squares/img/sq_01999_P.png,P,synth_031
data/synth_squares/img/sq_02920_B.png,B,synth_045
data/synth_squares/img/sq_03016_r.png,r,synth_047
data/synth_squares/img/sq_02441_P.png,P,synth_038
data/squares/empty/052_a5.png,empty,052
data/squares/empty/010_g3.png,empty,010
data/synth_squares/img/sq_01954_n.png,n,synth_030
data/synth_squares/img/sq_00593_k.png,k,synth_009
data/squares/empty/000_e4.png,empty,000
data/squares/n/011_e7.png,n,011
data/squares/empty/043_c8.png,empty,043
data/squares/empty/008_e8.png,empty,008
data/synth_squares/img/sq_02942_n.png,n,synth_045
data/squares/empty/024_b3.png,empty,024
data/squares/empty/049_a7.png,empty,049
data/squares/empty/060_e6.png,empty,060
data/squares/empty/062_e1.png,empty,062
data/synth_squares/img/sq_00501_n.png,n,synth_007
data/synth_squares/img/sq_02199_b.png,b,synth_034
data/squares/empty/046_a1.png,empty,046
data/synth_squares/img/sq_03751_k.png,k,synth_058
data/squares/empty/001_g5.png,empty,001
data/synth_squares/img/sq_03660_B.png,B,synth_057
data/synth_squares/img/sq_00864_P.png,P,synth_013
data/synth_squares/img/sq_02478_n.png,n,synth_038
data/synth_squares/img/sq_01297_k.png,k,synth_020
data/squares/empty/008_f2.png,empty,008
data/squares/empty/020_b6.png,empty,020
data/squares/empty/045_f6.png,empty,045
data/synth_squares/img/sq_03049_b.png,b,synth_047
data/squares/empty/044_h4.png,empty,044
data/squares/n/039_g5.png,n,039
data/squares/empty/003_b6.png,empty,003
data/synth_squares/img/sq_02906_q.png,q,synth_045
data/squares/k/015_h7.png,k,015
data/squares/empty/055_e4.png,empty,055
data/squares/empty/003_g1.png,empty,003
data/squares/empty/055_h4.png,empty,055
data/synth_squares/img/sq_03870_B.png,B,synth_060
data/synth_squares/img/sq_01532_q.png,q,synth_023
data/squares/empty/054_d6.png,empty,054
data/squares/empty/038_g1.png,empty,038
data/squares/n/058_a1.png,n,058
data/squares/empty/052_c6.png,empty,052
data/squares/empty/016_b6.png,empty,016
data/squares/empty/060_d2.png,empty,060
data/squares/empty/011_a1.png,empty,011
data/squares/empty/006_g4.png,empty,006
data/squares/empty/027_d1.png,empty,027
data/squares/p/023_b3.png,p,023
data/synth_squares/img/sq_00146_B.png,B,synth_002
data/synth_squares/img/sq_01805_q.png,q,synth_028
data/synth_squares/img/sq_03753_p.png,p,synth_058
data/synth_squares/img/sq_03409_b.png,b,synth_053
data/squares/empty/021_d6.png,empty,021
data/synth_squares/img/sq_02551_K.png,K,synth_039
data/squares/empty/061_b2.png,empty,061
data/synth_squares/img/sq_03412_p.png,p,synth_053
data/squares/r/022_h6.png,r,022
data/squares/empty/071_a1.png,empty,071
data/synth_squares/img/sq_00445_P.png,P,synth_006
data/squares/empty/044_d7.png,empty,044
data/synth_squares/img/sq_03667_r.png,r,synth_057
data/synth_squares/img/sq_02828_R.png,R,synth_044
data/synth_squares/img/sq_01476_N.png,N,synth_023
data/squares/K/053_d5.png,K,053
data/synth_squares/img/sq_01807_r.png,r,synth_028
data/squares/K/011_d8.png,K,011
data/squares/empty/035_b3.png,empty,035
data/squares/empty/060_f7.png,empty,060
data/synth_squares/img/sq_01874_Q.png,Q,synth_029
data/squares/empty/016_h6.png,empty,016
data/squares/empty/019_f8.png,empty,019
data/squares/empty/026_f5.png,empty,026
data/squares/empty/006_f4.png,empty,006
data/synth_squares/img/sq_03479_n.png,n,synth_054
data/squares/empty/074_h4.png,empty,074
data/squares/empty/026_g2.png,empty,026
data/squares/empty/059_e4.png,empty,059
data/synth_squares/img/sq_02006_P.png,P,synth_031
data/squares/B/032_b8.png,B,032
data/squares/empty/058_g1.png,empty,058
data/synth_squares/img/sq_01942_q.png,q,synth_030
data/synth_squares/img/sq_01048_R.png,R,synth_016
data/squares/R/046_g4.png,R,046
data/squares/r/071_d7.png,r,071
data/squares/B/011_b8.png,B,011
data/synth_squares/img/sq_03090_R.png,R,synth_048
data/squares/empty/007_e5.png,empty,007
data/synth_squares/img/sq_03831_q.png,q,synth_059
data/squares/empty/056_a7.png,empty,056
data/synth_squares/img/sq_02924_p.png,p,synth_045
data/synth_squares/img/sq_02590_empty.png,empty,synth_040
data/squares/empty/001_d5.png,empty,001
data/squares/empty/050_a6.png,empty,050
data/synth_squares/img/sq_00805_q.png,q,synth_012
data/synth_squares/img/sq_02471_b.png,b,synth_038
data/synth_squares/img/sq_01074_p.png,p,synth_016
data/squares/empty/005_h6.png,empty,005
data/squares/empty/033_c8.png,empty,033
data/squares/empty/009_c6.png,empty,009
data/synth_squares/img/sq_01968_p.png,p,synth_030
data/squares/empty/017_g7.png,empty,017
data/squares/empty/035_g8.png,empty,035
data/synth_squares/img/sq_00225_N.png,N,synth_003
data/squares/empty/040_h8.png,empty,040
data/squares/empty/033_h8.png,empty,033
data/synth_squares/img/sq_02275_p.png,p,synth_035
data/synth_squares/img/sq_01937_k.png,k,synth_030
data/synth_squares/img/sq_00083_B.png,B,synth_001
data/squares/empty/062_f5.png,empty,062
data/synth_squares/img/sq_02099_R.png,R,synth_032
data/synth_squares/img/sq_00935_p.png,p,synth_014
data/squares/empty/048_c3.png,empty,048
data/squares/empty/027_b5.png,empty,027
data/squares/r/066_a5.png,r,066
data/squares/R/046_f1.png,R,046
data/synth_squares/img/sq_00014_empty.png,empty,synth_000
data/squares/B/022_b8.png,B,022
data/squares/empty/070_a7.png,empty,070
data/squares/empty/052_a6.png,empty,052
data/squares/empty/047_g8.png,empty,047
data/synth_squares/img/sq_02794_k.png,k,synth_043
data/synth_squares/img/sq_00531_N.png,N,synth_008
data/squares/empty/039_e6.png,empty,039
data/synth_squares/img/sq_01561_k.png,k,synth_024
data/synth_squares/img/sq_03419_b.png,b,synth_053
data/squares/empty/069_d2.png,empty,069
data/squares/empty/047_b4.png,empty,047
data/squares/empty/014_b4.png,empty,014
data/synth_squares/img/sq_00436_N.png,N,synth_006
data/squares/empty/030_d6.png,empty,030
data/squares/empty/033_e8.png,empty,033
data/squares/b/003_h7.png,b,003
data/synth_squares/img/sq_02451_B.png,B,synth_038
data/synth_squares/img/sq_00394_K.png,K,synth_006
data/synth_squares/img/sq_02541_p.png,p,synth_039
data/synth_squares/img/sq_01425_Q.png,Q,synth_022
data/squares/empty/000_h6.png,empty,000
data/squares/n/059_g2.png,n,059
data/squares/empty/042_a3.png,empty,042
data/synth_squares/img/sq_00896_N.png,N,synth_014
data/synth_squares/img/sq_01608_k.png,k,synth_025
data/squares/empty/036_b7.png,empty,036
data/synth_squares/img/sq_00439_P.png,P,synth_006
data/squares/empty/073_h8.png,empty,073
data/squares/empty/002_c8.png,empty,002
data/squares/empty/018_h3.png,empty,018
data/synth_squares/img/sq_01869_q.png,q,synth_029
data/squares/r/030_d4.png,r,030
data/synth_squares/img/sq_00797_P.png,P,synth_012
data/squares/empty/018_b7.png,empty,018
data/synth_squares/img/sq_00229_N.png,N,synth_003
data/synth_squares/img/sq_01645_empty.png,empty,synth_025
data/squares/empty/009_b5.png,empty,009
data/squares/r/022_g4.png,r,022
data/squares/empty/044_f8.png,empty,044
data/squares/empty/017_a2.png,empty,017
data/synth_squares/img/sq_02009_p.png,p,synth_031
data/squares/empty/034_g8.png,empty,034
data/squares/empty/058_d4.png,empty,058
data/synth_squares/img/sq_03640_r.png,r,synth_056
data/squares/empty/069_b1.png,empty,069
data/squares/P/013_d5.png,P,013
data/squares/empty/047_a1.png,empty,047
data/synth_squares/img/sq_01479_R.png,R,synth_023
data/synth_squares/img/sq_00244_K.png,K,synth_003
data/synth_squares/img/sq_01766_k.png,k,synth_027
data/squares/empty/048_d6.png,empty,048
data/synth_squares/img/sq_00563_R.png,R,synth_008
data/squares/B/060_b8.png,B,060
data/squares/empty/066_c5.png,empty,066
data/squares/r/031_g8.png,r,031
data/squares/empty/071_e8.png,empty,071
data/squares/empty/015_f6.png,empty,015
data/synth_squares/img/sq_00320_b.png,b,synth_005
data/synth_squares/img/sq_02695_b.png,b,synth_042
data/squares/empty/027_b4.png,empty,027
data/synth_squares/img/sq_03277_K.png,K,synth_051
data/squares/empty/037_d1.png,empty,037
data/synth_squares/img/sq_00299_q.png,q,synth_004
data/squares/empty/026_e5.png,empty,026
data/synth_squares/img/sq_02111_Q.png,Q,synth_032
data/squares/empty/045_g5.png,empty,045
data/squares/k/032_h5.png,k,032
data/synth_squares/img/sq_00682_empty.png,empty,synth_010
data/synth_squares/img/sq_02701_P.png,P,synth_042
data/squares/empty/038_b6.png,empty,038
data/synth_squares/img/sq_03406_k.png,k,synth_053
data/synth_squares/img/sq_01169_R.png,R,synth_018
data/squares/empty/073_g2.png,empty,073
data/squares/empty/063_e3.png,empty,063
data/synth_squares/img/sq_03238_P.png,P,synth_050
data/synth_squares/img/sq_01652_Q.png,Q,synth_025
data/squares/empty/066_c1.png,empty,066
data/synth_squares/img/sq_03051_Q.png,Q,synth_047
data/synth_squares/img/sq_01214_q.png,q,synth_018
data/squares/empty/007_f4.png,empty,007
data/squares/P/068_e7.png,P,068
data/synth_squares/img/sq_00788_empty.png,empty,synth_012
data/synth_squares/img/sq_03662_p.png,p,synth_057
data/synth_squares/img/sq_03623_q.png,q,synth_056
data/synth_squares/img/sq_03898_r.png,r,synth_060
data/synth_squares/img/sq_01103_P.png,P,synth_017
data/squares/B/009_b8.png,B,009
data/squares/empty/018_g6.png,empty,018
data/squares/empty/047_h8.png,empty,047
data/synth_squares/img/sq_02056_r.png,r,synth_032
data/squares/empty/044_a3.png,empty,044
data/synth_squares/img/sq_01254_q.png,q,synth_019
data/synth_squares/img/sq_00004_n.png,n,synth_000
data/squares/empty/073_f6.png,empty,073
data/squares/empty/061_f7.png,empty,061
data/squares/empty/013_d4.png,empty,013
data/squares/b/004_h2.png,b,004
data/synth_squares/img/sq_02249_P.png,P,synth_035
data/squares/empty/028_h1.png,empty,028
data/squares/empty/006_g3.png,empty,006
data/squares/B/000_d8.png,B,000
data/squares/R/059_d1.png,R,059
data/synth_squares/img/sq_03271_B.png,B,synth_051
data/synth_squares/img/sq_01683_Q.png,Q,synth_026
data/synth_squares/img/sq_01228_N.png,N,synth_019
data/squares/empty/020_a7.png,empty,020
data/squares/B/018_b8.png,B,018
data/squares/N/053_h2.png,N,053
data/squares/empty/021_a7.png,empty,021
data/synth_squares/img/sq_00148_b.png,b,synth_002
data/synth_squares/img/sq_02667_q.png,q,synth_041
data/synth_squares/img/sq_00550_b.png,b,synth_008
data/synth_squares/img/sq_00330_q.png,q,synth_005
data/synth_squares/img/sq_03457_N.png,N,synth_054
data/squares/empty/068_a1.png,empty,068
data/squares/K/023_d4.png,K,023
data/squares/empty/050_f2.png,empty,050
data/synth_squares/img/sq_02367_n.png,n,synth_036
data/squares/B/029_h7.png,B,029
data/synth_squares/img/sq_03471_N.png,N,synth_054
data/squares/k/053_h8.png,k,053
data/squares/empty/012_a3.png,empty,012
data/squares/K/070_b2.png,K,070
data/squares/empty/024_f2.png,empty,024
data/synth_squares/img/sq_02752_R.png,R,synth_043
data/synth_squares/img/sq_03117_b.png,b,synth_048
data/synth_squares/img/sq_00138_N.png,N,synth_002
data/synth_squares/img/sq_03458_r.png,r,synth_054
data/squares/empty/040_f2.png,empty,040
data/squares/p/042_b6.png,p,042
data/squares/n/031_d8.png,n,031
data/squares/empty/016_c8.png,empty,016
data/squares/empty/007_d1.png,empty,007
data/squares/empty/012_g6.png,empty,012
data/squares/empty/046_b5.png,empty,046
data/synth_squares/img/sq_02004_Q.png,Q,synth_031
data/synth_squares/img/sq_00104_b.png,b,synth_001
data/squares/empty/006_c7.png,empty,006
data/synth_squares/img/sq_02463_K.png,K,synth_038
data/squares/empty/073_h2.png,empty,073
data/squares/empty/049_d5.png,empty,049
data/squares/empty/027_h5.png,empty,027
data/synth_squares/img/sq_00355_Q.png,Q,synth_005
data/squares/empty/047_b1.png,empty,047
data/squares/empty/061_b5.png,empty,061
data/synth_squares/img/sq_00109_P.png,P,synth_001
data/squares/empty/020_d1.png,empty,020
data/synth_squares/img/sq_02443_N.png,N,synth_038
data/synth_squares/img/sq_03216_p.png,p,synth_050
data/squares/empty/047_e6.png,empty,047
data/synth_squares/img/sq_03076_K.png,K,synth_048
data/squares/empty/006_b6.png,empty,006
data/synth_squares/img/sq_01579_n.png,n,synth_024
data/squares/empty/044_g8.png,empty,044
data/squares/empty/029_b6.png,empty,029
data/squares/n/056_a1.png,n,056
data/synth_squares/img/sq_03896_q.png,q,synth_060
data/squares/B/017_c6.png,B,017
data/synth_squares/img/sq_03290_b.png,b,synth_051
data/synth_squares/img/sq_02750_b.png,b,synth_042
data/squares/K/010_d8.png,K,010
data/squares/B/029_b8.png,B,029
data/synth_squares/img/sq_02659_Q.png,Q,synth_041
data/squares/empty/013_g1.png,empty,013
data/squares/empty/028_c6.png,empty,028
data/synth_squares/img/sq_00390_Q.png,Q,synth_006
data/synth_squares/img/sq_03042_K.png,K,synth_047
data/synth_squares/img/sq_01723_P.png,P,synth_026
data/synth_squares/img/sq_00858_P.png,P,synth_013
data/synth_squares/img/sq_02247_P.png,P,synth_035
data/squares/empty/049_d4.png,empty,049
data/squares/empty/032_a4.png,empty,032
data/synth_squares/img/sq_02669_r.png,r,synth_041
data/synth_squares/img/sq_02336_Q.png,Q,synth_036
data/squares/empty/055_g6.png,empty,055
data/synth_squares/img/sq_03521_b.png,b,synth_055
data/squares/n/035_d8.png,n,035
data/synth_squares/img/sq_03713_empty.png,empty,synth_058
data/synth_squares/img/sq_02003_k.png,k,synth_031
data/squares/empty/065_h8.png,empty,065
data/synth_squares/img/sq_03159_B.png,B,synth_049
data/squares/empty/023_f3.png,empty,023
data/squares/empty/028_g8.png,empty,028
data/synth_squares/img/sq_02853_b.png,b,synth_044
data/synth_squares/img/sq_03239_K.png,K,synth_050
data/squares/empty/042_h8.png,empty,042
data/squares/empty/018_c2.png,empty,018
data/squares/empty/044_a2.png,empty,044
data/synth_squares/img/sq_01380_B.png,B,synth_021
data/squares/empty/074_c7.png,empty,074
data/synth_squares/img/sq_00559_P.png,P,synth_008
data/synth_squares/img/sq_01962_n.png,n,synth_030
data/synth_squares/img/sq_00546_r.png,r,synth_008
data/synth_squares/img/sq_02225_Q.png,Q,synth_034
data/synth_squares/img/sq_02224_K.png,K,synth_034
data/squares/empty/070_f5.png,empty,070
data/synth_squares/img/sq_03028_K.png,K,synth_047
data/synth_squares/img/sq_02315_R.png,R,synth_036
data/synth_squares/img/sq_01966_q.png,q,synth_030
data/squares/empty/013_f7.png,empty,013
data/squares/empty/028_f2.png,empty,028
data/squares/empty/008_f3.png,empty,008
data/squares/empty/070_h2.png,empty,070
data/synth_squares/img/sq_02200_b.png,b,synth_034
data/synth_squares/img/sq_00558_Q.png,Q,synth_008
data/squares/empty/034_h2.png,empty,034
data/synth_squares/img/sq_01976_R.png,R,synth_030
data/squares/empty/026_g4.png,empty,026
data/squares/empty/048_a3.png,empty,048
data/squares/B/038_g8.png,B,038
data/squares/empty/064_c7.png,empty,064
data/synth_squares/img/sq_00782_q.png,q,synth_012
data/synth_squares/img/sq_02595_B.png,B,synth_040
data/squares/empty/018_h8.png,empty,018
data/synth_squares/img/sq_01462_b.png,b,synth_022
data/squares/empty/064_a4.png,empty,064
data/squares/empty/069_d4.png,empty,069
data/synth_squares/img/sq_03600_q.png,q,synth_056
data/squares/empty/018_f1.png,empty,018
data/squares/empty/042_e4.png,empty,042
data/squares/empty/069_f6.png,empty,069
data/squares/empty/055_a1.png,empty,055
data/squares/empty/024_c1.png,empty,024
data/squares/empty/055_c6.png,empty,055
data/synth_squares/img/sq_01890_b.png,b,synth_029
data/synth_squares/img/sq_02696_P.png,P,synth_042
data/synth_squares/img/sq_02097_b.png,b,synth_032
data/squares/empty/037_c5.png,empty,037
data/squares/empty/014_e4.png,empty,014
data/squares/empty/035_e1.png,empty,035
data/squares/empty/020_g1.png,empty,020
data/squares/empty/038_h3.png,empty,038
data/squares/b/005_c7.png,b,005
data/squares/empty/035_h8.png,empty,035
data/synth_squares/img/sq_02119_B.png,B,synth_033
data/squares/N/019_e7.png,N,019
data/squares/empty/033_b6.png,empty,033
data/synth_squares/img/sq_03473_p.png,p,synth_054
data/squares/empty/012_f8.png,empty,012
data/squares/empty/062_e4.png,empty,062
data/squares/empty/047_d6.png,empty,047
data/synth_squares/img/sq_00267_B.png,B,synth_004
data/squares/empty/041_h7.png,empty,041
data/squares/b/052_b6.png,b,052
data/synth_squares/img/sq_01567_K.png,K,synth_024
data/synth_squares/img/sq_00808_Q.png,Q,synth_012
data/squares/r/052_g1.png,r,052
data/synth_squares/img/sq_01200_k.png,k,synth_018
data/squares/empty/067_e2.png,empty,067
data/squares/K/027_e6.png,K,027
data/squares/empty/023_e8.png,empty,023
data/squares/empty/060_f4.png,empty,060
data/squares/N/000_f6.png,N,000
data/synth_squares/img/sq_00909_r.png,r,synth_014
data/synth_squares/img/sq_00410_R.png,R,synth_006
data/squares/empty/025_f7.png,empty,025
data/squares/empty/050_b2.png,empty,050
data/synth_squares/img/sq_02460_K.png,K,synth_038
data/synth_squares/img/sq_03365_b.png,b,synth_052
data/synth_squares/img/sq_03295_R.png,R,synth_051
data/squares/empty/004_b5.png,empty,004
data/squares/empty/017_a6.png,empty,017
data/squares/P/074_d4.png,P,074
data/synth_squares/img/sq_02605_n.png,n,synth_040
data/squares/empty/023_b4.png,empty,023
data/synth_squares/img/sq_02211_B.png,B,synth_034
data/squares/empty/060_f3.png,empty,060
data/synth_squares/img/sq_02524_n.png,n,synth_039
data/squares/empty/063_g3.png,empty,063
data/squares/empty/040_d3.png,empty,040
data/squares/empty/007_g6.png,empty,007
data/squares/empty/029_d7.png,empty,029
data/synth_squares/img/sq_01822_Q.png,Q,synth_028
data/synth_squares/img/sq_00386_B.png,B,synth_006
data/synth_squares/img/sq_02039_P.png,P,synth_031
data/synth_squares/img/sq_00970_Q.png,Q,synth_015
data/synth_squares/img/sq_01902_n.png,n,synth_029
data/squares/empty/016_h1.png,empty,016
data/squares/empty/012_h3.png,empty,012
data/squares/empty/017_c2.png,empty,017
data/synth_squares/img/sq_03268_P.png,P,synth_051
data/squares/empty/035_b6.png,empty,035
data/synth_squares/img/sq_01891_k.png,k,synth_029
data/squares/empty/047_h2.png,empty,047
data/squares/empty/058_e1.png,empty,058
data/squares/empty/048_h5.png,empty,048
data/synth_squares/img/sq_02720_empty.png,empty,synth_042
data/squares/empty/042_h4.png,empty,042
data/synth_squares/img/sq_00757_b.png,b,synth_011
data/synth_squares/img/sq_01709_r.png,r,synth_026
data/synth_squares/img/sq_03106_B.png,B,synth_048
data/squares/empty/061_d2.png,empty,061
data/squares/empty/024_a4.png,empty,024
data/synth_squares/img/sq_02523_K.png,K,synth_039
data/squares/empty/064_c3.png,empty,064
data/synth_squares/img/sq_02499_Q.png,Q,synth_039
data/squares/empty/056_f5.png,empty,056
data/squares/empty/016_a2.png,empty,016
data/synth_squares/img/sq_02387_k.png,k,synth_037
data/synth_squares/img/sq_01044_P.png,P,synth_016
data/squares/empty/043_c3.png,empty,043
data/squares/empty/043_b2.png,empty,043
data/squares/empty/071_g4.png,empty,071
data/squares/empty/034_c6.png,empty,034
data/synth_squares/img/sq_01930_n.png,n,synth_030
data/squares/empty/071_c8.png,empty,071
data/synth_squares/img/sq_03402_B.png,B,synth_053
data/synth_squares/img/sq_03565_Q.png,Q,synth_055
data/squares/empty/021_c3.png,empty,021
data/squares/empty/073_e7.png,empty,073
data/squares/empty/048_e2.png,empty,048
data/synth_squares/img/sq_02228_n.png,n,synth_034
data/synth_squares/img/sq_00615_R.png,R,synth_009
data/squares/empty/050_e5.png,empty,050
data/synth_squares/img/sq_01672_R.png,R,synth_026
data/squares/empty/034_a7.png,empty,034
data/squares/empty/034_g6.png,empty,034
data/synth_squares/img/sq_01480_r.png,r,synth_023
data/squares/empty/063_c2.png,empty,063
data/squares/empty/037_f2.png,empty,037
data/squares/K/036_a5.png,K,036
data/squares/empty/048_d2.png,empty,048
data/squares/R/054_b2.png,R,054
data/squares/K/060_a7.png,K,060
data/synth_squares/img/sq_03283_r.png,r,synth_051
data/squares/empty/020_f8.png,empty,020
data/squares/empty/006_h8.png,empty,006
data/synth_squares/img/sq_00137_R.png,R,synth_002
data/squares/empty/044_d5.png,empty,044
data/synth_squares/img/sq_00509_r.png,r,synth_007
data/synth_squares/img/sq_01111_r.png,r,synth_017
data/synth_squares/img/sq_03854_Q.png,Q,synth_060
data/squares/P/034_c4.png,P,034
data/squares/empty/042_g2.png,empty,042
data/squares/empty/033_d3.png,empty,033
data/squares/empty/039_c8.png,empty,039
data/synth_squares/img/sq_03093_b.png,b,synth_048
data/squares/empty/037_d6.png,empty,037
data/squares/empty/036_a6.png,empty,036
data/synth_squares/img/sq_03233_q.png,q,synth_050
data/synth_squares/img/sq_00794_P.png,P,synth_012
data/synth_squares/img/sq_01729_R.png,R,synth_027
data/squares/Q/049_g1.png,Q,049
data/squares/B/049_f7.png,B,049
data/squares/empty/030_g5.png,empty,030
data/squares/empty/042_h6.png,empty,042
data/synth_squares/img/sq_03287_empty.png,empty,synth_051
data/synth_squares/img/sq_02410_R.png,R,synth_037
data/squares/empty/054_c3.png,empty,054
data/synth_squares/img/sq_01038_empty.png,empty,synth_016
data/squares/empty/049_e7.png,empty,049
data/squares/empty/002_c4.png,empty,002
data/synth_squares/img/sq_00007_R.png,R,synth_000
data/synth_squares/img/sq_00233_n.png,n,synth_003
data/squares/empty/063_c6.png,empty,063
data/synth_squares/img/sq_00923_B.png,B,synth_014
data/squares/empty/029_c5.png,empty,029
data/squares/empty/038_d6.png,empty,038
data/squares/empty/058_a7.png,empty,058
data/squares/empty/000_c8.png,empty,000
data/synth_squares/img/sq_00087_n.png,n,synth_001
data/squares/empty/008_h7.png,empty,008
data/synth_squares/img/sq_02305_empty.png,empty,synth_036
data/squares/r/059_c6.png,r,059
data/synth_squares/img/sq_01881_empty.png,empty,synth_029
data/synth_squares/img/sq_00974_empty.png,empty,synth_015
data/synth_squares/img/sq_00374_p.png,p,synth_005
data/squares/empty/073_d1.png,empty,073
data/synth_squares/img/sq_03657_K.png,K,synth_057
data/squares/empty/035_g1.png,empty,035
data/synth_squares/img/sq_00852_b.png,b,synth_013
data/synth_squares/img/sq_01439_q.png,q,synth_022
data/squares/empty/030_a2.png,empty,030
data/synth_squares/img/sq_02719_K.png,K,synth_042
data/squares/empty/002_d6.png,empty,002
data/squares/empty/012_c5.png,empty,012
data/synth_squares/img/sq_03588_b.png,b,synth_056
data/squares/empty/062_g6.png,empty,062
data/squares/empty/012_e1.png,empty,012
data/squares/empty/043_c6.png,empty,043
data/synth_squares/img/sq_01369_R.png,R,synth_021
data/synth_squares/img/sq_01641_empty.png,empty,synth_025
data/synth_squares/img/sq_01524_B.png,B,synth_023
data/squares/b/017_e5.png,b,017
data/synth_squares/img/sq_02314_P.png,P,synth_036
data/squares/empty/036_g1.png,empty,036
data/synth_squares/img/sq_01837_k.png,k,synth_028
data/squares/empty/013_d1.png,empty,013
data/squares/empty/016_f5.png,empty,016
data/squares/empty/050_d8.png,empty,050
data/synth_squares/img/sq_03333_r.png,r,synth_052
data/squares/empty/026_c4.png,empty,026
data/squares/empty/003_f6.png,empty,003
data/squares/empty/007_a6.png,empty,007
data/squares/empty/025_g2.png,empty,025
data/synth_squares/img/sq_03539_r.png,r,synth_055
data/squares/empty/050_f6.png,empty,050
data/squares/empty/032_g7.png,empty,032
data/squares/empty/019_d1.png,empty,019
data/squares/empty/018_h6.png,empty,018
data/synth_squares/img/sq_02159_k.png,k,synth_033
data/synth_squares/img/sq_00789_P.png,P,synth_012
data/synth_squares/img/sq_02798_p.png,p,synth_043
data/squares/empty/010_a2.png,empty,010
data/synth_squares/img/sq_00339_P.png,P,synth_005
data/squares/B/048_f6.png,B,048
data/squares/empty/057_d1.png,empty,057
data/squares/B/010_d1.png,B,010
data/squares/empty/070_g3.png,empty,070
data/synth_squares/img/sq_00043_q.png,q,synth_000
data/squares/p/044_h6.png,p,044
data/squares/empty/040_c8.png,empty,040
data/squares/Q/069_e5.png,Q,069
data/squares/empty/063_h1.png,empty,063
data/synth_squares/img/sq_02774_q.png,q,synth_043
data/squares/empty/057_c7.png,empty,057
data/squares/empty/012_a2.png,empty,012
data/synth_squares/img/sq_03472_p.png,p,synth_054
data/squares/empty/059_a4.png,empty,059
data/synth_squares/img/sq_02424_p.png,p,synth_037
data/synth_squares/img/sq_02769_n.png,n,synth_043
data/squares/empty/069_e4.png,empty,069
data/squares/empty/020_g6.png,empty,020
data/squares/empty/057_d7.png,empty,057
data/squares/empty/065_c1.png,empty,065
data/synth_squares/img/sq_01023_B.png,B,synth_015
data/squares/empty/055_e7.png,empty,055
data/squares/b/015_b5.png,b,015
data/synth_squares/img/sq_01046_P.png,P,synth_016
data/squares/empty/019_c8.png,empty,019
data/synth_squares/img/sq_00349_b.png,b,synth_005
data/squares/empty/059_b7.png,empty,059
data/squares/empty/045_a4.png,empty,045
data/synth_squares/img/sq_01448_r.png,r,synth_022
data/squares/empty/004_g4.png,empty,004
data/synth_squares/img/sq_01310_P.png,P,synth_020
data/squares/empty/058_g3.png,empty,058
data/squares/empty/030_a5.png,empty,030
data/synth_squares/img/sq_00534_k.png,k,synth_008
data/synth_squares/img/sq_02561_P.png,P,synth_040
data/synth_squares/img/sq_03520_k.png,k,synth_055
data/synth_squares/img/sq_03780_N.png,N,synth_059
data/squares/empty/055_b1.png,empty,055
data/synth_squares/img/sq_00649_empty.png,empty,synth_010
data/squares/empty/050_a7.png,empty,050
data/synth_squares/img/sq_03587_p.png,p,synth_056
data/squares/empty/031_c2.png,empty,031
data/synth_squares/img/sq_00773_R.png,R,synth_012
data/squares/empty/010_f1.png,empty,010
data/synth_squares/img/sq_00877_empty.png,empty,synth_013
data/squares/empty/033_c7.png,empty,033
data/squares/empty/064_f1.png,empty,064
data/synth_squares/img/sq_00510_R.png,R,synth_007
data/synth_squares/img/sq_01660_P.png,P,synth_025
data/squares/empty/073_d7.png,empty,073
data/squares/empty/052_c8.png,empty,052
data/synth_squares/img/sq_03281_N.png,N,synth_051
data/squares/empty/041_b7.png,empty,041
data/synth_squares/img/sq_01353_B.png,B,synth_021
data/squares/empty/000_e6.png,empty,000
data/synth_squares/img/sq_02475_q.png,q,synth_038
data/squares/B/064_b8.png,B,064
data/synth_squares/img/sq_01379_k.png,k,synth_021
data/synth_squares/img/sq_03666_N.png,N,synth_057
data/synth_squares/img/sq_00158_N.png,N,synth_002
data/synth_squares/img/sq_02580_empty.png,empty,synth_040
data/squares/empty/019_f5.png,empty,019
data/synth_squares/img/sq_02461_k.png,k,synth_038
data/synth_squares/img/sq_03242_R.png,R,synth_050
data/synth_squares/img/sq_00246_R.png,R,synth_003
data/squares/empty/040_g6.png,empty,040
data/squares/empty/011_c6.png,empty,011
data/synth_squares/img/sq_01573_Q.png,Q,synth_024
data/squares/empty/002_h8.png,empty,002
data/synth_squares/img/sq_01331_b.png,b,synth_020
data/synth_squares/img/sq_01893_k.png,k,synth_029
data/squares/empty/049_g2.png,empty,049
data/squares/empty/010_c3.png,empty,010
data/synth_squares/img/sq_03057_p.png,p,synth_047
data/synth_squares/img/sq_02848_k.png,k,synth_044
data/squares/empty/050_c1.png,empty,050
data/squares/empty/069_c8.png,empty,069
data/squares/empty/014_c4.png,empty,014
data/synth_squares/img/sq_00065_empty.png,empty,synth_001
data/squares/empty/062_d4.png,empty,062
data/squares/empty/064_h4.png,empty,064
data/squares/B/028_b3.png,B,028
data/synth_squares/img/sq_01685_empty.png,empty,synth_026
data/squares/empty/026_g1.png,empty,026
data/squares/empty/023_g1.png,empty,023
data/squares/empty/035_b2.png,empty,035
data/synth_squares/img/sq_03840_n.png,n,synth_060
data/squares/empty/040_e5.png,empty,040
data/synth_squares/img/sq_01351_Q.png,Q,synth_021
data/squares/empty/011_f4.png,empty,011
data/squares/empty/038_a7.png,empty,038
data/synth_squares/img/sq_02566_K.png,K,synth_040
data/synth_squares/img/sq_02043_n.png,n,synth_031
data/synth_squares/img/sq_00114_P.png,P,synth_001
data/squares/empty/049_h6.png,empty,049
data/synth_squares/img/sq_03132_N.png,N,synth_048
data/synth_squares/img/sq_02540_n.png,n,synth_039
data/squares/empty/053_f5.png,empty,053
data/squares/empty/042_f3.png,empty,042
data/synth_squares/img/sq_03890_n.png,n,synth_060
data/squares/empty/066_d5.png,empty,066
data/squares/empty/027_c8.png,empty,027
data/squares/empty/009_c5.png,empty,009
data/synth_squares/img/sq_00964_P.png,P,synth_015
data/synth_squares/img/sq_02101_N.png,N,synth_032
data/squares/empty/037_e8.png,empty,037
data/synth_squares/img/sq_00434_r.png,r,synth_006
data/synth_squares/img/sq_00711_N.png,N,synth_011
data/squares/empty/071_c5.png,empty,071
data/squares/empty/059_h7.png,empty,059
data/squares/empty/074_h6.png,empty,074
data/squares/empty/024_e2.png,empty,024
data/squares/empty/057_f8.png,empty,057
data/squares/empty/032_a2.png,empty,032
data/synth_squares/img/sq_03873_N.png,N,synth_060
data/squares/N/016_d8.png,N,016
data/synth_squares/img/sq_00942_K.png,K,synth_014
data/squares/empty/054_f7.png,empty,054
data/squares/empty/039_c3.png,empty,039
data/squares/empty/062_d6.png,empty,062
data/squares/empty/074_a1.png,empty,074
data/squares/empty/067_c4.png,empty,067
data/squares/N/045_d2.png,N,045
data/synth_squares/img/sq_00947_b.png,b,synth_014
data/squares/empty/041_c8.png,empty,041
data/squares/empty/036_h6.png,empty,036
data/synth_squares/img/sq_00039_Q.png,Q,synth_000
data/squares/empty/044_c8.png,empty,044
data/synth_squares/img/sq_02804_k.png,k,synth_043
data/squares/empty/070_e1.png,empty,070
data/squares/empty/032_e2.png,empty,032
data/synth_squares/img/sq_01391_r.png,r,synth_021
data/squares/R/025_d8.png,R,025
data/squares/empty/036_c7.png,empty,036
data/synth_squares/img/sq_02126_P.png,P,synth_033
data/squares/P/049_b2.png,P,049
data/squares/empty/013_e3.png,empty,013
data/synth_squares/img/sq_01061_k.png,k,synth_016
data/synth_squares/img/sq_02458_p.png,p,synth_038
data/synth_squares/img/sq_00133_B.png,B,synth_002
data/squares/empty/017_g1.png,empty,017
data/synth_squares/img/sq_03806_K.png,K,synth_059
data/squares/empty/069_d3.png,empty,069
data/synth_squares/img/sq_00424_K.png,K,synth_006
data/squares/N/049_e8.png,N,049
data/squares/empty/053_d8.png,empty,053
data/synth_squares/img/sq_00360_N.png,N,synth_005
data/squares/empty/064_b6.png,empty,064
data/squares/empty/062_a4.png,empty,062
data/synth_squares/img/sq_00811_K.png,K,synth_012
data/squares/empty/014_c3.png,empty,014
data/squares/empty/008_b5.png,empty,008
data/squares/empty/000_f5.png,empty,000
data/squares/empty/031_f2.png,empty,031
data/squares/empty/003_a2.png,empty,003
data/synth_squares/img/sq_03170_N.png,N,synth_049
data/squares/Q/057_g3.png,Q,057
data/squares/empty/073_a1.png,empty,073
data/squares/empty/056_c6.png,empty,056
data/synth_squares/img/sq_02342_N.png,N,synth_036
data/synth_squares/img/sq_02688_p.png,p,synth_042
data/squares/empty/050_c3.png,empty,050
data/squares/empty/044_e2.png,empty,044
data/squares/empty/058_f8.png,empty,058
data/squares/R/017_g2.png,R,017
data/squares/empty/045_d6.png,empty,045
data/synth_squares/img/sq_02581_B.png,B,synth_040
data/squares/empty/023_h2.png,empty,023
data/squares/empty/037_b3.png,empty,037
data/synth_squares/img/sq_03169_B.png,B,synth_049
data/squares/empty/001_b5.png,empty,001
data/synth_squares/img/sq_03130_b.png,b,synth_048
data/synth_squares/img/sq_03867_p.png,p,synth_060
data/squares/empty/028_e4.png,empty,028
data/synth_squares/img/sq_00451_n.png,n,synth_007
data/synth_squares/img/sq_02938_P.png,P,synth_045
data/squares/empty/035_f4.png,empty,035
data/synth_squares/img/sq_03155_N.png,N,synth_049
data/synth_squares/img/sq_02142_R.png,R,synth_033
data/squares/N/074_g1.png,N,074
data/squares/empty/004_c3.png,empty,004
data/squares/empty/043_f6.png,empty,043
data/synth_squares/img/sq_00414_N.png,N,synth_006
data/squares/empty/070_b7.png,empty,070
data/synth_squares/img/sq_02187_B.png,B,synth_034
data/squares/empty/032_c1.png,empty,032
data/squares/empty/064_d3.png,empty,064
data/squares/empty/070_f4.png,empty,070
data/squares/P/018_b2.png,P,018
data/squares/empty/030_b1.png,empty,030
data/squares/empty/059_a8.png,empty,059
data/synth_squares/img/sq_01235_q.png,q,synth_019
data/squares/empty/008_g8.png,empty,008
data/squares/empty/071_h1.png,empty,071
data/synth_squares/img/sq_02999_P.png,P,synth_046
data/squares/empty/002_e1.png,empty,002
data/squares/empty/035_f2.png,empty,035
data/synth_squares/img/sq_02063_Q.png,Q,synth_032
data/squares/empty/064_b4.png,empty,064
data/squares/empty/029_g8.png,empty,029
data/squares/empty/000_f8.png,empty,000
data/squares/k/035_e8.png,k,035
data/synth_squares/img/sq_00892_K.png,K,synth_013
data/synth_squares/img/sq_03017_B.png,B,synth_047
data/squares/empty/000_d1.png,empty,000
data/squares/empty/067_a4.png,empty,067
data/squares/empty/005_a7.png,empty,005
data/synth_squares/img/sq_01678_k.png,k,synth_026
data/squares/q/039_g7.png,q,039
data/squares/empty/060_h2.png,empty,060
data/squares/empty/025_b7.png,empty,025
data/squares/R/007_f1.png,R,007
data/squares/empty/035_c6.png,empty,035
data/squares/empty/006_a8.png,empty,006
data/squares/empty/042_a4.png,empty,042
data/squares/N/048_g8.png,N,048
data/synth_squares/img/sq_02644_p.png,p,synth_041
data/squares/empty/060_a1.png,empty,060
data/synth_squares/img/sq_00304_b.png,b,synth_004
data/synth_squares/img/sq_03214_R.png,R,synth_050
data/squares/empty/023_a8.png,empty,023
data/squares/empty/059_d8.png,empty,059
data/synth_squares/img/sq_00956_b.png,b,synth_014
data/squares/empty/041_c4.png,empty,041
data/squares/empty/033_e3.png,empty,033
data/synth_squares/img/sq_00427_n.png,n,synth_006
data/synth_squares/img/sq_01458_k.png,k,synth_022
data/synth_squares/img/sq_01900_B.png,B,synth_029
data/synth_squares/img/sq_02553_k.png,k,synth_039
data/squares/empty/033_h3.png,empty,033
data/synth_squares/img/sq_00543_n.png,n,synth_008
data/squares/empty/023_d7.png,empty,023
data/squares/b/061_g7.png,b,061
data/synth_squares/img/sq_00461_K.png,K,synth_007
data/squares/empty/014_b1.png,empty,014
data/synth_squares/img/sq_00118_empty.png,empty,synth_001
data/synth_squares/img/sq_02114_P.png,P,synth_033
data/synth_squares/img/sq_02636_p.png,p,synth_041
data/synth_squares/img/sq_02834_p.png,p,synth_044
data/synth_squares/img/sq_00458_R.png,R,synth_007
data/synth_squares/img/sq_00485_empty.png,empty,synth_007
data/squares/q/022_b5.png,q,022
data/synth_squares/img/sq_02047_empty.png,empty,synth_031
data/squares/empty/065_c8.png,empty,065
data/synth_squares/img/sq_02589_N.png,N,synth_040
data/squares/empty/074_h2.png,empty,074
data/squares/empty/036_a3.png,empty,036
data/squares/empty/015_c3.png,empty,015
data/synth_squares/img/sq_01312_q.png,q,synth_020
data/squares/empty/028_b1.png,empty,028
data/synth_squares/img/sq_02791_b.png,b,synth_043
data/squares/empty/016_e8.png,empty,016
data/squares/empty/003_g7.png,empty,003
data/squares/empty/023_e2.png,empty,023
data/squares/empty/050_f4.png,empty,050
data/squares/empty/003_h3.png,empty,003
data/squares/empty/008_c3.png,empty,008
data/squares/empty/059_h3.png,empty,059
data/squares/q/062_f3.png,q,062
data/squares/empty/038_e7.png,empty,038
data/squares/B/030_b8.png,B,030
data/squares/empty/018_e8.png,empty,018
data/squares/empty/001_f6.png,empty,001
data/synth_squares/img/sq_02260_R.png,R,synth_035
data/synth_squares/img/sq_00545_Q.png,Q,synth_008
data/synth_squares/img/sq_03201_K.png,K,synth_050
data/squares/empty/012_h5.png,empty,012
data/squares/empty/022_a3.png,empty,022
data/synth_squares/img/sq_03299_r.png,r,synth_051
data/squares/empty/019_f6.png,empty,019
data/squares/empty/067_f8.png,empty,067
data/synth_squares/img/sq_02223_B.png,B,synth_034
data/squares/empty/038_f1.png,empty,038
data/squares/empty/064_b7.png,empty,064
data/synth_squares/img/sq_00407_R.png,R,synth_006
data/synth_squares/img/sq_02484_r.png,r,synth_038
data/synth_squares/img/sq_03689_q.png,q,synth_057
data/synth_squares/img/sq_01278_P.png,P,synth_019
data/synth_squares/img/sq_01705_k.png,k,synth_026
data/synth_squares/img/sq_01232_q.png,q,synth_019
data/synth_squares/img/sq_03024_B.png,B,synth_047
data/synth_squares/img/sq_01679_k.png,k,synth_026
data/synth_squares/img/sq_02288_k.png,k,synth_035
data/squares/p/037_d2.png,p,037
data/synth_squares/img/sq_01132_r.png,r,synth_017
data/synth_squares/img/sq_03329_N.png,N,synth_052
data/squares/empty/030_d7.png,empty,030
data/squares/empty/024_h6.png,empty,024
data/squares/empty/073_a7.png,empty,073
data/squares/R/048_e4.png,R,048
data/synth_squares/img/sq_03058_N.png,N,synth_047
data/squares/empty/031_h7.png,empty,031
data/squares/empty/040_g8.png,empty,040
data/synth_squares/img/sq_00188_q.png,q,synth_002
data/synth_squares/img/sq_02663_empty.png,empty,synth_041
data/synth_squares/img/sq_01642_b.png,b,synth_025
data/synth_squares/img/sq_03378_N.png,N,synth_052
data/synth_squares/img/sq_03059_r.png,r,synth_047
data/synth_squares/img/sq_03566_R.png,R,synth_055
data/synth_squares/img/sq_01653_Q.png,Q,synth_025
data/synth_squares/img/sq_01389_R.png,R,synth_021
data/squares/empty/005_g5.png,empty,005
data/synth_squares/img/sq_03740_N.png,N,synth_058
data/squares/empty/021_a1.png,empty,021
data/synth_squares/img/sq_00536_B.png,B,synth_008
data/squares/empty/067_g3.png,empty,067
data/squares/empty/022_h2.png,empty,022
data/synth_squares/img/sq_02733_P.png,P,synth_042
data/synth_squares/img/sq_02946_k.png,k,synth_046
data/squares/P/063_h7.png,P,063
data/synth_squares/img/sq_00037_B.png,B,synth_000
data/synth_squares/img/sq_02340_empty.png,empty,synth_036
data/squares/k/013_h7.png,k,013
data/synth_squares/img/sq_01934_q.png,q,synth_030
data/squares/empty/029_c2.png,empty,029
data/synth_squares/img/sq_02730_P.png,P,synth_042
data/synth_squares/img/sq_03278_k.png,k,synth_051
data/synth_squares/img/sq_02978_q.png,q,synth_046
data/squares/R/019_d8.png,R,019
data/squares/empty/043_g7.png,empty,043
data/squares/empty/045_f8.png,empty,045
data/synth_squares/img/sq_01639_empty.png,empty,synth_025
data/squares/empty/014_a4.png,empty,014
data/synth_squares/img/sq_01184_n.png,n,synth_018
data/squares/empty/041_h1.png,empty,041
data/synth_squares/img/sq_00708_R.png,R,synth_011
data/squares/empty/011_c4.png,empty,011
data/synth_squares/img/sq_02895_n.png,n,synth_045
data/synth_squares/img/sq_00572_q.png,q,synth_008
data/synth_squares/img/sq_03460_q.png,q,synth_054
data/squares/empty/024_c8.png,empty,024
data/synth_squares/img/sq_01412_K.png,K,synth_022
data/squares/empty/052_a7.png,empty,052
data/squares/empty/057_d5.png,empty,057
data/squares/empty/073_a4.png,empty,073
data/squares/p/055_a2.png,p,055
data/squares/empty/038_f5.png,empty,038
data/synth_squares/img/sq_01445_p.png,p,synth_022
data/synth_squares/img/sq_02901_K.png,K,synth_045
data/squares/empty/043_h5.png,empty,043
data/squares/B/039_b8.png,B,039
data/synth_squares/img/sq_03743_K.png,K,synth_058
data/squares/empty/045_g2.png,empty,045
data/squares/empty/009_c1.png,empty,009
data/squares/empty/063_b6.png,empty,063
data/squares/empty/042_f1.png,empty,042
data/synth_squares/img/sq_02652_P.png,P,synth_041
data/synth_squares/img/sq_01481_Q.png,Q,synth_023
data/synth_squares/img/sq_02059_k.png,k,synth_032
data/squares/empty/071_h5.png,empty,071
data/squares/R/021_d8.png,R,021
data/squares/k/061_e8.png,k,061
data/squares/empty/073_e2.png,empty,073
data/squares/empty/065_a1.png,empty,065
data/squares/r/057_e6.png,r,057
data/squares/empty/010_g7.png,empty,010
data/synth_squares/img/sq_02529_K.png,K,synth_039
data/squares/empty/046_g3.png,empty,046
data/squares/empty/033_h2.png,empty,033
data/squares/empty/071_a2.png,empty,071
data/squares/b/057_e8.png,b,057
data/synth_squares/img/sq_01577_n.png,n,synth_024
data/squares/B/050_b8.png,B,050
data/synth_squares/img/sq_03234_K.png,K,synth_050
data/squares/empty/071_h4.png,empty,071
data/synth_squares/img/sq_03639_r.png,r,synth_056
data/synth_squares/img/sq_00598_r.png,r,synth_009
data/synth_squares/img/sq_03337_b.png,b,synth_052
data/squares/empty/047_c2.png,empty,047
data/squares/empty/037_a2.png,empty,037
data/synth_squares/img/sq_02657_B.png,B,synth_041
data/squares/empty/056_d4.png,empty,056
data/synth_squares/img/sq_01623_K.png,K,synth_025
data/synth_squares/img/sq_01840_B.png,B,synth_028
data/synth_squares/img/sq_03526_P.png,P,synth_055
data/squares/empty/049_c1.png,empty,049
data/squares/empty/018_d5.png,empty,018
data/synth_squares/img/sq_03303_p.png,p,synth_051
data/squares/empty/028_h6.png,empty,028
data/synth_squares/img/sq_01108_P.png,P,synth_017
data/squares/empty/040_h6.png,empty,040
data/squares/b/033_g3.png,b,033
data/synth_squares/img/sq_01270_k.png,k,synth_019
data/squares/P/054_e3.png,P,054
data/synth_squares/img/sq_00965_P.png,P,synth_015
data/squares/empty/053_g5.png,empty,053
data/squares/empty/016_d5.png,empty,016
data/synth_squares/img/sq_00340_empty.png,empty,synth_005
data/synth_squares/img/sq_01145_b.png,b,synth_017
data/synth_squares/img/sq_03759_k.png,k,synth_058
data/synth_squares/img/sq_03644_N.png,N,synth_056
data/squares/empty/016_c7.png,empty,016
data/squares/empty/012_a6.png,empty,012
data/synth_squares/img/sq_02625_r.png,r,synth_041
data/synth_squares/img/sq_01530_b.png,b,synth_023
data/squares/n/064_f8.png,n,064
data/squares/empty/026_a2.png,empty,026
data/squares/K/043_e5.png,K,043
data/squares/empty/010_d3.png,empty,010
data/squares/empty/057_b7.png,empty,057
data/synth_squares/img/sq_02493_N.png,N,synth_038
data/squares/empty/034_c5.png,empty,034
data/synth_squares/img/sq_01864_K.png,K,synth_029
data/synth_squares/img/sq_03112_P.png,P,synth_048
data/synth_squares/img/sq_00150_n.png,n,synth_002
data/synth_squares/img/sq_01882_k.png,k,synth_029
data/synth_squares/img/sq_02742_q.png,q,synth_042
data/synth_squares/img/sq_01820_n.png,n,synth_028
data/synth_squares/img/sq_00664_N.png,N,synth_010
data/synth_squares/img/sq_02787_p.png,p,synth_043
data/squares/empty/039_c4.png,empty,039
data/squares/empty/009_c7.png,empty,009
data/squares/empty/034_b1.png,empty,034
data/squares/q/060_a2.png,q,060
data/squares/empty/026_d7.png,empty,026
data/synth_squares/img/sq_03799_R.png,R,synth_059
data/squares/r/066_e8.png,r,066
data/squares/empty/022_b1.png,empty,022
data/squares/empty/020_d2.png,empty,020
data/squares/empty/014_e5.png,empty,014
data/synth_squares/img/sq_00210_empty.png,empty,synth_003
data/squares/P/064_e3.png,P,064
data/squares/empty/055_b7.png,empty,055
data/synth_squares/img/sq_01291_k.png,k,synth_020
data/synth_squares/img/sq_03585_p.png,p,synth_056
data/squares/empty/055_g3.png,empty,055
data/synth_squares/img/sq_00155_p.png,p,synth_002
data/squares/empty/039_h7.png,empty,039
data/squares/K/044_e1.png,K,044
data/synth_squares/img/sq_01486_R.png,R,synth_023
data/synth_squares/img/sq_03403_n.png,n,synth_053
data/synth_squares/img/sq_03181_P.png,P,synth_049
data/synth_squares/img/sq_00810_Q.png,Q,synth_012
data/squares/empty/019_d4.png,empty,019
data/synth_squares/img/sq_01032_B.png,B,synth_016
data/synth_squares/img/sq_00084_P.png,P,synth_001
data/squares/empty/049_c3.png,empty,049
data/synth_squares/img/sq_03206_q.png,q,synth_050
data/synth_squares/img/sq_03819_Q.png,Q,synth_059
data/synth_squares/img/sq_01455_Q.png,Q,synth_022
data/squares/empty/064_d5.png,empty,064
data/squares/empty/005_e3.png,empty,005
data/squares/empty/064_c6.png,empty,064
data/squares/empty/044_c1.png,empty,044
data/synth_squares/img/sq_02181_b.png,b,synth_034
data/squares/empty/025_a7.png,empty,025
data/synth_squares/img/sq_00111_n.png,n,synth_001
data/synth_squares/img/sq_00131_n.png,n,synth_002
data/synth_squares/img/sq_01370_n.png,n,synth_021
data/synth_squares/img/sq_02210_p.png,p,synth_034
data/squares/empty/066_d8.png,empty,066
data/squares/p/037_d4.png,p,037
data/squares/empty/069_f2.png,empty,069
data/synth_squares/img/sq_01066_empty.png,empty,synth_016
data/squares/empty/074_f7.png,empty,074
data/synth_squares/img/sq_03240_q.png,q,synth_050
data/squares/R/056_d6.png,R,056
data/synth_squares/img/sq_01960_R.png,R,synth_030
data/squares/empty/073_f5.png,empty,073
data/squares/empty/070_e4.png,empty,070
data/synth_squares/img/sq_03427_r.png,r,synth_053
data/synth_squares/img/sq_02096_R.png,R,synth_032
data/squares/empty/015_c8.png,empty,015
data/squares/empty/038_e5.png,empty,038
data/squares/empty/038_d4.png,empty,038
data/squares/empty/028_b7.png,empty,028
data/squares/empty/049_f1.png,empty,049
data/synth_squares/img/sq_00086_R.png,R,synth_001
data/synth_squares/img/sq_01109_R.png,R,synth_017
data/synth_squares/img/sq_02874_N.png,N,synth_044
data/synth_squares/img/sq_01178_q.png,q,synth_018
data/synth_squares/img/sq_01429_R.png,R,synth_022
data/squares/k/010_g6.png,k,010
data/squares/empty/063_d5.png,empty,063
data/squares/empty/061_e4.png,empty,061
data/synth_squares/img/sq_01533_k.png,k,synth_023
data/synth_squares/img/sq_00807_k.png,k,synth_012
data/synth_squares/img/sq_00214_empty.png,empty,synth_003
data/synth_squares/img/sq_01266_N.png,N,synth_019
data/synth_squares/img/sq_02156_P.png,P,synth_033
data/squares/empty/036_h3.png,empty,036
data/synth_squares/img/sq_00729_Q.png,Q,synth_011
data/squares/B/060_b1.png,B,060
data/squares/empty/012_h7.png,empty,012
data/synth_squares/img/sq_01876_P.png,P,synth_029
data/squares/empty/050_g3.png,empty,050
data/squares/empty/041_a8.png,empty,041
data/synth_squares/img/sq_03035_empty.png,empty,synth_047
data/squares/empty/052_a8.png,empty,052
data/squares/empty/063_b1.png,empty,063
data/synth_squares/img/sq_01195_Q.png,Q,synth_018
data/synth_squares/img/sq_01298_p.png,p,synth_020
data/squares/r/023_c4.png,r,023
data/squares/N/060_c3.png,N,060
data/squares/empty/064_d6.png,empty,064
data/synth_squares/img/sq_02998_N.png,N,synth_046
data/squares/Q/023_h5.png,Q,023
data/squares/b/048_a7.png,b,048
data/squares/empty/017_b5.png,empty,017
data/synth_squares/img/sq_03249_q.png,q,synth_050
data/squares/empty/017_f1.png,empty,017
data/squares/empty/033_e2.png,empty,033
data/synth_squares/img/sq_03465_K.png,K,synth_054
data/synth_squares/img/sq_02533_Q.png,Q,synth_039
data/synth_squares/img/sq_03227_q.png,q,synth_050
data/squares/empty/039_a2.png,empty,039
data/squares/empty/031_b5.png,empty,031
data/synth_squares/img/sq_03710_q.png,q,synth_057
data/synth_squares/img/sq_02686_K.png,K,synth_041
data/synth_squares/img/sq_02487_r.png,r,synth_038
data/synth_squares/img/sq_01179_k.png,k,synth_018
data/squares/empty/063_a6.png,empty,063
data/squares/empty/025_f2.png,empty,025
data/synth_squares/img/sq_03180_empty.png,empty,synth_049
data/synth_squares/img/sq_03467_P.png,P,synth_054
data/squares/p/006_c5.png,p,006
data/squares/R/007_e1.png,R,007
data/synth_squares/img/sq_03560_r.png,r,synth_055
data/squares/empty/021_g1.png,empty,021
data/squares/empty/063_h2.png,empty,063
data/synth_squares/img/sq_03025_N.png,N,synth_047
data/synth_squares/img/sq_02900_n.png,n,synth_045
data/squares/empty/060_c8.png,empty,060
data/squares/empty/023_g5.png,empty,023
data/squares/empty/012_f7.png,empty,012
data/synth_squares/img/sq_03222_r.png,r,synth_050
data/synth_squares/img/sq_02952_P.png,P,synth_046
data/squares/empty/048_f1.png,empty,048
data/squares/empty/014_a8.png,empty,014
data/squares/empty/055_e3.png,empty,055
data/squares/empty/062_c8.png,empty,062
data/synth_squares/img/sq_02188_k.png,k,synth_034
data/synth_squares/img/sq_01838_r.png,r,synth_028
data/squares/empty/004_e6.png,empty,004
data/synth_squares/img/sq_01011_q.png,q,synth_015
data/synth_squares/img/sq_00820_N.png,N,synth_012
data/synth_squares/img/sq_02309_P.png,P,synth_036
data/synth_squares/img/sq_00415_empty.png,empty,synth_006
data/squares/empty/023_c3.png,empty,023
data/synth_squares/img/sq_02417_q.png,q,synth_037
data/synth_squares/img/sq_03750_p.png,p,synth_058
data/squares/empty/007_g4.png,empty,007
data/synth_squares/img/sq_03318_B.png,B,synth_051
data/synth_squares/img/sq_00192_B.png,B,synth_003
data/synth_squares/img/sq_01434_q.png,q,synth_022
data/synth_squares/img/sq_01186_k.png,k,synth_018
data/squares/empty/045_b5.png,empty,045
data/synth_squares/img/sq_02623_N.png,N,synth_040
data/squares/empty/040_d4.png,empty,040
data/squares/empty/007_d3.png,empty,007
data/squares/K/062_e7.png,K,062
data/squares/r/013_a1.png,r,013
data/synth_squares/img/sq_03632_r.png,r,synth_056
data/squares/empty/048_b3.png,empty,048
data/squares/empty/071_d3.png,empty,071
data/synth_squares/img/sq_02858_K.png,K,synth_044
data/squares/empty/030_c8.png,empty,030
data/synth_squares/img/sq_02576_n.png,n,synth_040
data/squares/empty/042_f2.png,empty,042
data/synth_squares/img/sq_03265_Q.png,Q,synth_051
data/synth_squares/img/sq_02816_n.png,n,synth_044
data/synth_squares/img/sq_02141_k.png,k,synth_033
data/synth_squares/img/sq_02283_B.png,B,synth_035
data/squares/empty/045_e6.png,empty,045
data/synth_squares/img/sq_00337_r.png,r,synth_005
data/synth_squares/img/sq_00870_empty.png,empty,synth_013
data/synth_squares/img/sq_03617_K.png,K,synth_056
data/squares/n/012_h1.png,n,012
data/squares/empty/026_c5.png,empty,026
data/squares/empty/043_g2.png,empty,043
data/squares/empty/016_c3.png,empty,016
data/squares/empty/018_a7.png,empty,018
data/squares/q/008_b1.png,q,008
data/synth_squares/img/sq_03865_P.png,P,synth_060
data/squares/empty/010_c6.png,empty,010
data/synth_squares/img/sq_01500_q.png,q,synth_023
data/synth_squares/img/sq_02010_p.png,p,synth_031
data/squares/empty/003_d5.png,empty,003
data/synth_squares/img/sq_03441_P.png,P,synth_053
data/squares/empty/004_e8.png,empty,004
data/synth_squares/img/sq_00095_n.png,n,synth_001
data/squares/empty/005_b3.png,empty,005
data/synth_squares/img/sq_02261_B.png,B,synth_035
data/squares/empty/012_a4.png,empty,012
data/synth_squares/img/sq_03519_p.png,p,synth_054
data/squares/N/053_e4.png,N,053
data/squares/empty/056_a4.png,empty,056
data/synth_squares/img/sq_01510_k.png,k,synth_023
data/synth_squares/img/sq_01306_B.png,B,synth_020
data/synth_squares/img/sq_03712_K.png,K,synth_058
data/squares/r/067_h2.png,r,067
data/squares/empty/030_a7.png,empty,030
data/squares/empty/004_h7.png,empty,004
data/squares/empty/056_h5.png,empty,056
data/squares/empty/017_d1.png,empty,017
data/squares/n/021_b7.png,n,021
data/synth_squares/img/sq_01581_q.png,q,synth_024
data/synth_squares/img/sq_00583_Q.png,Q,synth_009
data/squares/empty/069_d1.png,empty,069
data/synth_squares/img/sq_03392_b.png,b,synth_053
data/squares/empty/029_g4.png,empty,029
data/synth_squares/img/sq_03818_r.png,r,synth_059
data/squares/empty/050_f5.png,empty,050
data/squares/empty/039_a3.png,empty,039
data/synth_squares/img/sq_01615_q.png,q,synth_025
data/synth_squares/img/sq_02213_N.png,N,synth_034
data/synth_squares/img/sq_02067_p.png,p,synth_032
data/squares/empty/036_a1.png,empty,036
data/squares/empty/011_f5.png,empty,011
data/squares/empty/030_e6.png,empty,030
data/synth_squares/img/sq_00686_n.png,n,synth_010
data/synth_squares/img/sq_01081_empty.png,empty,synth_016
data/synth_squares/img/sq_02869_q.png,q,synth_044
data/squares/empty/033_g6.png,empty,033
data/synth_squares/img/sq_02165_b.png,b,synth_033
data/squares/empty/071_d4.png,empty,071
data/squares/empty/023_f8.png,empty,023
data/synth_squares/img/sq_00237_k.png,k,synth_003
data/squares/empty/000_h2.png,empty,000
data/squares/empty/007_f6.png,empty,007
data/synth_squares/img/sq_03572_k.png,k,synth_055
data/synth_squares/img/sq_03397_p.png,p,synth_053
data/synth_squares/img/sq_00836_k.png,k,synth_013
data/synth_squares/img/sq_02361_b.png,b,synth_036
data/squares/empty/042_g3.png,empty,042
data/squares/empty/074_a6.png,empty,074
data/squares/empty/040_g4.png,empty,040
data/squares/empty/008_h6.png,empty,008
data/synth_squares/img/sq_03438_R.png,R,synth_053
data/squares/empty/017_c7.png,empty,017
data/synth_squares/img/sq_00079_N.png,N,synth_001
data/synth_squares/img/sq_03208_r.png,r,synth_050
data/synth_squares/img/sq_00011_b.png,b,synth_000
data/synth_squares/img/sq_02970_empty.png,empty,synth_046
data/squares/empty/022_d4.png,empty,022
data/synth_squares/img/sq_01867_b.png,b,synth_029
data/squares/P/027_h2.png,P,027
data/squares/empty/021_h2.png,empty,021
data/synth_squares/img/sq_01471_r.png,r,synth_022
data/synth_squares/img/sq_01159_p.png,p,synth_018
data/squares/empty/007_d4.png,empty,007
data/synth_squares/img/sq_02222_B.png,B,synth_034
data/squares/empty/001_e1.png,empty,001
data/synth_squares/img/sq_03673_r.png,r,synth_057
data/squares/empty/023_h8.png,empty,023
data/synth_squares/img/sq_02801_N.png,N,synth_043
data/synth_squares/img/sq_02598_N.png,N,synth_040
data/synth_squares/img/sq_01662_P.png,P,synth_025
data/squares/empty/061_h8.png,empty,061
data/squares/empty/042_d5.png,empty,042
data/synth_squares/img/sq_02306_K.png,K,synth_036
data/squares/empty/040_a1.png,empty,040
data/squares/B/026_b8.png,B,026
data/squares/empty/022_d5.png,empty,022
data/squares/empty/002_a3.png,empty,002
data/synth_squares/img/sq_03767_r.png,r,synth_058
data/synth_squares/img/sq_02326_B.png,B,synth_036
data/squares/empty/044_e6.png,empty,044
data/squares/p/010_g4.png,p,010
data/synth_squares/img/sq_00066_q.png,q,synth_001
data/squares/empty/066_b1.png,empty,066
data/synth_squares/img/sq_02841_K.png,K,synth_044
data/squares/empty/008_f8.png,empty,008
data/synth_squares/img/sq_00080_b.png,b,synth_001
data/squares/empty/012_b1.png,empty,012
data/squares/empty/042_g8.png,empty,042
data/synth_squares/img/sq_00692_Q.png,Q,synth_010
data/synth_squares/img/sq_03040_N.png,N,synth_047
data/squares/empty/005_a3.png,empty,005
data/synth_squares/img/sq_01299_Q.png,Q,synth_020
data/synth_squares/img/sq_03414_empty.png,empty,synth_053
data/synth_squares/img/sq_02071_N.png,N,synth_032
data/synth_squares/img/sq_00921_Q.png,Q,synth_014
data/synth_squares/img/sq_03187_q.png,q,synth_049
data/squares/empty/064_h2.png,empty,064
data/squares/empty/027_g8.png,empty,027
data/synth_squares/img/sq_03363_R.png,R,synth_052
data/squares/k/017_e8.png,k,017
data/squares/empty/020_g7.png,empty,020
data/squares/empty/055_h5.png,empty,055
data/squares/empty/022_h7.png,empty,022
data/synth_squares/img/sq_03113_p.png,p,synth_048
data/synth_squares/img/sq_00571_empty.png,empty,synth_008
data/squares/empty/067_d1.png,empty,067
data/synth_squares/img/sq_00775_q.png,q,synth_012
data/squares/empty/002_f7.png,empty,002
data/synth_squares/img/sq_03152_p.png,p,synth_049
data/synth_squares/img/sq_02014_q.png,q,synth_031
data/synth_squares/img/sq_02949_b.png,b,synth_046
data/squares/empty/008_a7.png,empty,008
data/squares/B/012_h4.png,B,012
data/synth_squares/img/sq_02747_q.png,q,synth_042
data/synth_squares/img/sq_03671_R.png,R,synth_057
data/synth_squares/img/sq_03528_K.png,K,synth_055
data/synth_squares/img/sq_00497_R.png,R,synth_007
data/squares/empty/033_a1.png,empty,033
data/synth_squares/img/sq_00902_B.png,B,synth_014
data/synth_squares/img/sq_01205_p.png,p,synth_018
data/synth_squares/img/sq_01407_r.png,r,synth_021
data/squares/empty/033_g5.png,empty,033
data/squares/empty/008_d1.png,empty,008
data/squares/R/071_g2.png,R,071
data/synth_squares/img/sq_00184_empty.png,empty,synth_002
data/squares/empty/050_b3.png,empty,050
data/squares/empty/045_b3.png,empty,045
data/squares/empty/015_b3.png,empty,015
data/synth_squares/img/sq_01612_empty.png,empty,synth_025
data/synth_squares/img/sq_03429_empty.png,empty,synth_053
data/squares/empty/016_a4.png,empty,016
data/synth_squares/img/sq_01945_B.png,B,synth_030
data/squares/empty/009_h4.png,empty,009
data/squares/empty/000_c6.png,empty,000
data/synth_squares/img/sq_01007_empty.png,empty,synth_015
data/synth_squares/img/sq_02578_b.png,b,synth_040
data/synth_squares/img/sq_01936_Q.png,Q,synth_030
data/synth_squares/img/sq_03766_P.png,P,synth_058
data/synth_squares/img/sq_00147_b.png,b,synth_002
data/squares/empty/048_d8.png,empty,048
data/squares/empty/018_f7.png,empty,018
data/squares/B/017_b8.png,B,017
data/squares/empty/010_e4.png,empty,010
data/squares/R/056_g5.png,R,056
data/synth_squares/img/sq_02531_empty.png,empty,synth_039
data/squares/empty/026_c6.png,empty,026
data/squares/B/073_f8.png,B,073
data/squares/empty/013_f5.png,empty,013
data/synth_squares/img/sq_03726_N.png,N,synth_058
data/squares/r/025_b2.png,r,025
data/synth_squares/img/sq_02466_p.png,p,synth_038
data/squares/empty/041_f4.png,empty,041
data/squares/k/056_c5.png,k,056
data/synth_squares/img/sq_03502_K.png,K,synth_054
data/squares/B/022_d2.png,B,022
data/synth_squares/img/sq_01536_N.png,N,synth_024
data/synth_squares/img/sq_00570_p.png,p,synth_008
data/synth_squares/img/sq_02613_b.png,b,synth_040
data/synth_squares/img/sq_00164_n.png,n,synth_002
data/synth_squares/img/sq_02034_b.png,b,synth_031
data/squares/n/023_c1.png,n,023
data/synth_squares/img/sq_02743_p.png,p,synth_042
data/synth_squares/img/sq_02922_q.png,q,synth_045
data/squares/empty/008_e3.png,empty,008
data/squares/empty/066_h3.png,empty,066
data/squares/empty/049_f8.png,empty,049
data/synth_squares/img/sq_03826_n.png,n,synth_059
data/squares/empty/013_c4.png,empty,013
data/squares/empty/027_f7.png,empty,027
data/synth_squares/img/sq_00985_b.png,b,synth_015
data/squares/k/059_d4.png,k,059
data/squares/empty/073_f2.png,empty,073
data/synth_squares/img/sq_01636_Q.png,Q,synth_025
data/synth_squares/img/sq_00129_Q.png,Q,synth_002
data/squares/empty/029_f4.png,empty,029
data/synth_squares/img/sq_03349_empty.png,empty,synth_052
data/squares/empty/043_d2.png,empty,043
data/squares/empty/057_b6.png,empty,057
data/squares/empty/050_d7.png,empty,050
data/squares/empty/055_g4.png,empty,055
data/squares/empty/014_b5.png,empty,014
data/synth_squares/img/sq_01901_K.png,K,synth_029
data/synth_squares/img/sq_00335_B.png,B,synth_005
data/squares/empty/060_g6.png,empty,060
data/squares/empty/004_g6.png,empty,004
data/synth_squares/img/sq_02987_empty.png,empty,synth_046
data/squares/empty/056_e6.png,empty,056
data/squares/empty/017_c5.png,empty,017
data/synth_squares/img/sq_00943_K.png,K,synth_014
data/squares/r/061_g3.png,r,061
data/squares/empty/056_f3.png,empty,056
data/squares/empty/025_e6.png,empty,025
data/synth_squares/img/sq_02328_B.png,B,synth_036
data/squares/empty/061_c5.png,empty,061
data/squares/empty/065_b3.png,empty,065
data/synth_squares/img/sq_00607_K.png,K,synth_009
data/synth_squares/img/sq_03298_empty.png,empty,synth_051
data/synth_squares/img/sq_00503_n.png,n,synth_007
data/squares/empty/016_g6.png,empty,016
data/squares/k/074_g6.png,k,074
data/squares/empty/045_d4.png,empty,045
data/squares/empty/003_e7.png,empty,003
data/squares/B/060_c5.png,B,060
data/synth_squares/img/sq_01028_k.png,k,synth_016
data/synth_squares/img/sq_02055_P.png,P,synth_032
data/squares/empty/031_g5.png,empty,031
data/synth_squares/img/sq_00179_r.png,r,synth_002
data/synth_squares/img/sq_03012_b.png,b,synth_047
data/synth_squares/img/sq_01706_P.png,P,synth_026
data/synth_squares/img/sq_00668_K.png,K,synth_010
data/synth_squares/img/sq_00567_empty.png,empty,synth_008
data/synth_squares/img/sq_03454_N.png,N,synth_053
data/synth_squares/img/sq_03877_Q.png,Q,synth_060
data/synth_squares/img/sq_03084_K.png,K,synth_048
data/squares/empty/063_d7.png,empty,063
data/squares/empty/038_d2.png,empty,038
data/synth_squares/img/sq_01663_B.png,B,synth_025
data/synth_squares/img/sq_01041_empty.png,empty,synth_016
data/synth_squares/img/sq_03346_r.png,r,synth_052
data/synth_squares/img/sq_02022_R.png,R,synth_031
data/squares/empty/054_h3.png,empty,054
data/synth_squares/img/sq_00925_b.png,b,synth_014
data/synth_squares/img/sq_02045_n.png,n,synth_031
data/squares/b/019_h4.png,b,019
data/squares/empty/027_a5.png,empty,027
data/synth_squares/img/sq_03174_N.png,N,synth_049
data/squares/empty/062_h2.png,empty,062
data/synth_squares/img/sq_02332_n.png,n,synth_036
data/synth_squares/img/sq_02215_empty.png,empty,synth_034
data/squares/empty/039_d2.png,empty,039
data/squares/empty/066_a4.png,empty,066
data/synth_squares/img/sq_00239_empty.png,empty,synth_003
data/squares/empty/012_h2.png,empty,012
data/squares/empty/068_b6.png,empty,068
data/squares/empty/026_f7.png,empty,026
data/synth_squares/img/sq_00161_k.png,k,synth_002
data/squares/N/044_f7.png,N,044
data/squares/empty/067_e7.png,empty,067
data/synth_squares/img/sq_00406_b.png,b,synth_006
data/synth_squares/img/sq_01283_B.png,B,synth_020
data/squares/empty/002_f4.png,empty,002
data/synth_squares/img/sq_00421_r.png,r,synth_006
data/squares/empty/013_g3.png,empty,013
data/synth_squares/img/sq_01047_Q.png,Q,synth_016
data/squares/empty/003_b7.png,empty,003
data/synth_squares/img/sq_02081_b.png,b,synth_032
data/synth_squares/img/sq_02109_n.png,n,synth_032
data/squares/empty/026_h7.png,empty,026
data/squares/b/046_f4.png,b,046
data/squares/R/052_e8.png,R,052
data/squares/k/062_h3.png,k,062
data/synth_squares/img/sq_03570_P.png,P,synth_055
data/squares/empty/001_e5.png,empty,001
data/squares/empty/024_g3.png,empty,024
data/synth_squares/img/sq_00036_q.png,q,synth_000
data/synth_squares/img/sq_01393_B.png,B,synth_021
data/squares/empty/055_c3.png,empty,055
data/squares/B/047_f8.png,B,047
data/synth_squares/img/sq_02338_R.png,R,synth_036
data/squares/empty/045_f4.png,empty,045
data/synth_squares/img/sq_03702_q.png,q,synth_057
data/synth_squares/img/sq_01027_Q.png,Q,synth_016
data/squares/empty/071_g8.png,empty,071
data/synth_squares/img/sq_00231_p.png,p,synth_003
data/squares/empty/030_f5.png,empty,030
data/squares/empty/067_h4.png,empty,067
data/squares/empty/016_a3.png,empty,016
data/synth_squares/img/sq_00034_K.png,K,synth_000
data/squares/B/020_g5.png,B,020
data/synth_squares/img/sq_00605_empty.png,empty,synth_009
data/squares/K/025_b1.png,K,025
data/synth_squares/img/sq_03108_q.png,q,synth_048
data/squares/empty/045_c4.png,empty,045
data/squares/empty/041_h8.png,empty,041
data/synth_squares/img/sq_02077_B.png,B,synth_032
data/synth_squares/img/sq_00696_N.png,N,synth_010
data/squares/P/047_c3.png,P,047
data/squares/empty/028_f7.png,empty,028
data/synth_squares/img/sq_01352_N.png,N,synth_021
data/squares/empty/003_b5.png,empty,003
data/squares/empty/010_e3.png,empty,010
data/synth_squares/img/sq_02496_B.png,B,synth_039
data/squares/empty/016_c5.png,empty,016
data/synth_squares/img/sq_02913_N.png,N,synth_045
data/synth_squares/img/sq_02862_P.png,P,synth_044
data/synth_squares/img/sq_02734_R.png,R,synth_042
data/synth_squares/img/sq_00293_B.png,B,synth_004
data/synth_squares/img/sq_03810_empty.png,empty,synth_059
data/synth_squares/img/sq_03167_K.png,K,synth_049
data/synth_squares/img/sq_01649_P.png,P,synth_025
data/squares/empty/011_g2.png,empty,011
data/squares/empty/063_g8.png,empty,063
data/squares/empty/071_c6.png,empty,071
data/squares/empty/049_b3.png,empty,049
data/squares/empty/037_d7.png,empty,037
data/synth_squares/img/sq_01040_r.png,r,synth_016
data/squares/empty/008_d5.png,empty,008
data/squares/empty/022_h8.png,empty,022
data/synth_squares/img/sq_03009_n.png,n,synth_047
data/synth_squares/img/sq_00207_Q.png,Q,synth_003
data/squares/empty/071_a6.png,empty,071
data/squares/empty/015_h3.png,empty,015
data/squares/empty/021_c7.png,empty,021
data/squares/empty/014_f8.png,empty,014
data/synth_squares/img/sq_01743_n.png,n,synth_027
data/synth_squares/img/sq_01862_K.png,K,synth_029
data/synth_squares/img/sq_01602_empty.png,empty,synth_025
data/squares/empty/055_f2.png,empty,055
data/synth_squares/img/sq_00071_q.png,q,synth_001
data/squares/empty/000_c7.png,empty,000
data/squares/empty/063_a5.png,empty,063
data/squares/empty/042_b4.png,empty,042
data/squares/R/002_a1.png,R,002
data/synth_squares/img/sq_02651_empty.png,empty,synth_041
data/squares/empty/058_f5.png,empty,058
data/squares/B/070_f8.png,B,070
data/synth_squares/img/sq_00370_n.png,n,synth_005
data/squares/empty/048_b5.png,empty,048
data/squares/N/012_f6.png,N,012
data/squares/Q/053_d2.png,Q,053
data/synth_squares/img/sq_00265_R.png,R,synth_004
data/synth_squares/img/sq_00489_B.png,B,synth_007
data/synth_squares/img/sq_03732_n.png,n,synth_058
data/squares/empty/025_h7.png,empty,025
data/synth_squares/img/sq_01779_k.png,k,synth_027
data/synth_squares/img/sq_01092_R.png,R,synth_017
data/synth_squares/img/sq_02866_q.png,q,synth_044
data/squares/empty/056_a8.png,empty,056
data/synth_squares/img/sq_00332_K.png,K,synth_005
data/squares/empty/034_a2.png,empty,034
data/synth_squares/img/sq_01025_n.png,n,synth_016
data/squares/empty/021_g8.png,empty,021
data/squares/empty/026_b6.png,empty,026
data/synth_squares/img/sq_00560_r.png,r,synth_008
data/squares/empty/040_h2.png,empty,040
data/squares/empty/021_f8.png,empty,021
data/synth_squares/img/sq_00094_R.png,R,synth_001
data/synth_squares/img/sq_00851_K.png,K,synth_013
data/squares/empty/048_f8.png,empty,048
data/synth_squares/img/sq_01830_K.png,K,synth_028
data/synth_squares/img/sq_01544_n.png,n,synth_024
data/squares/empty/033_a5.png,empty,033
data/synth_squares/img/sq_03884_p.png,p,synth_060
data/synth_squares/img/sq_02675_Q.png,Q,synth_041
data/squares/k/002_d1.png,k,002
data/synth_squares/img/sq_01659_K.png,K,synth_025
data/squares/empty/069_e3.png,empty,069
data/synth_squares/img/sq_03002_r.png,r,synth_046
data/squares/B/049_b8.png,B,049
data/squares/empty/006_f3.png,empty,006
data/squares/empty/017_f3.png,empty,017
data/synth_squares/img/sq_01039_r.png,r,synth_016
data/squares/empty/070_b6.png,empty,070
data/synth_squares/img/sq_02637_R.png,R,synth_041
data/squares/empty/068_a4.png,empty,068
data/synth_squares/img/sq_00446_k.png,k,synth_006
data/synth_squares/img/sq_00123_empty.png,empty,synth_001
data/squares/empty/012_a7.png,empty,012
data/squares/empty/008_g4.png,empty,008
data/squares/empty/060_e2.png,empty,060
data/synth_squares/img/sq_01792_B.png,B,synth_028
data/synth_squares/img/sq_03610_N.png,N,synth_056
data/squares/empty/019_a1.png,empty,019
data/squares/empty/016_d6.png,empty,016
data/synth_squares/img/sq_02028_n.png,n,synth_031
data/synth_squares/img/sq_01554_Q.png,Q,synth_024
data/synth_squares/img/sq_00492_n.png,n,synth_007
data/squares/p/037_d5.png,p,037
data/synth_squares/img/sq_02122_empty.png,empty,synth_033
data/squares/empty/065_b7.png,empty,065
data/synth_squares/img/sq_01499_empty.png,empty,synth_023
data/synth_squares/img/sq_02112_B.png,B,synth_033
data/synth_squares/img/sq_02557_P.png,P,synth_039
data/synth_squares/img/sq_02002_B.png,B,synth_031
data/squares/k/006_g2.png,k,006
data/squares/K/006_d8.png,K,006
data/synth_squares/img/sq_02355_q.png,q,synth_036
data/synth_squares/img/sq_01383_Q.png,Q,synth_021
data/squares/k/016_h2.png,k,016
data/synth_squares/img/sq_00817_b.png,b,synth_012
data/squares/empty/050_a3.png,empty,050
data/squares/empty/000_e7.png,empty,000
data/squares/empty/029_b2.png,empty,029
data/squares/empty/047_b7.png,empty,047
data/squares/empty/035_g7.png,empty,035
data/squares/empty/058_a2.png,empty,058
data/squares/empty/008_a8.png,empty,008
data/synth_squares/img/sq_01523_k.png,k,synth_023
data/synth_squares/img/sq_03733_K.png,K,synth_058
data/synth_squares/img/sq_03118_p.png,p,synth_048
data/squares/empty/016_e3.png,empty,016
data/squares/empty/017_h8.png,empty,017
data/squares/empty/071_f6.png,empty,071
data/synth_squares/img/sq_00750_r.png,r,synth_011
data/synth_squares/img/sq_00196_K.png,K,synth_003
data/squares/empty/038_a3.png,empty,038
data/synth_squares/img/sq_02316_r.png,r,synth_036
data/synth_squares/img/sq_02698_P.png,P,synth_042
data/synth_squares/img/sq_02415_R.png,R,synth_037
data/synth_squares/img/sq_01463_B.png,B,synth_022
data/synth_squares/img/sq_00731_q.png,q,synth_011
data/squares/empty/070_h8.png,empty,070
data/synth_squares/img/sq_02614_r.png,r,synth_040
data/synth_squares/img/sq_01058_Q.png,Q,synth_016
data/squares/b/032_e7.png,b,032
data/squares/K/024_a1.png,K,024
data/squares/empty/074_f1.png,empty,074
data/squares/empty/029_f5.png,empty,029
data/squares/empty/010_e8.png,empty,010
data/squares/empty/014_f1.png,empty,014
data/squares/empty/028_h4.png,empty,028
data/synth_squares/img/sq_02086_K.png,K,synth_032
data/synth_squares/img/sq_02996_B.png,B,synth_046
data/synth_squares/img/sq_03629_Q.png,Q,synth_056
data/squares/empty/036_g7.png,empty,036
data/squares/empty/050_h7.png,empty,050
data/synth_squares/img/sq_02732_Q.png,Q,synth_042
data/synth_squares/img/sq_00230_P.png,P,synth_003
data/squares/empty/030_c3.png,empty,030
data/synth_squares/img/sq_01163_n.png,n,synth_018
data/squares/empty/015_a6.png,empty,015
data/synth_squares/img/sq_01487_p.png,p,synth_023
data/squares/empty/033_f3.png,empty,033
data/squares/empty/030_h6.png,empty,030
data/squares/empty/068_e1.png,empty,068
data/squares/empty/050_c7.png,empty,050
data/squares/empty/053_h3.png,empty,053
data/synth_squares/img/sq_01304_Q.png,Q,synth_020
data/squares/empty/021_c1.png,empty,021
data/synth_squares/img/sq_03748_B.png,B,synth_058
data/synth_squares/img/sq_02857_q.png,q,synth_044
data/synth_squares/img/sq_00488_N.png,N,synth_007
data/squares/empty/048_g7.png,empty,048
data/squares/empty/063_g4.png,empty,063
data/synth_squares/img/sq_00401_r.png,r,synth_006
data/squares/empty/033_a4.png,empty,033
data/squares/empty/066_c8.png,empty,066
data/squares/empty/016_b4.png,empty,016
data/squares/empty/027_e3.png,empty,027
data/squares/empty/070_c3.png,empty,070
data/squares/N/003_d6.png,N,003
data/squares/empty/046_c8.png,empty,046
data/squares/empty/031_g3.png,empty,031
data/synth_squares/img/sq_02910_R.png,R,synth_045
data/synth_squares/img/sq_03653_N.png,N,synth_057
data/synth_squares/img/sq_01405_K.png,K,synth_021
data/squares/P/014_d3.png,P,014
data/squares/empty/060_d6.png,empty,060
data/squares/empty/012_d1.png,empty,012
data/squares/empty/032_c8.png,empty,032
data/squares/empty/036_g6.png,empty,036
data/squares/empty/068_b7.png,empty,068
data/squares/empty/016_e2.png,empty,016
data/synth_squares/img/sq_02065_r.png,r,synth_032
data/synth_squares/img/sq_02660_n.png,n,synth_041
data/squares/empty/021_c8.png,empty,021
data/squares/k/060_d5.png,k,060
data/squares/empty/001_f8.png,empty,001
data/synth_squares/img/sq_03081_p.png,p,synth_048
data/synth_squares/img/sq_02273_R.png,R,synth_035
data/squares/empty/012_b4.png,empty,012
data/synth_squares/img/sq_01190_p.png,p,synth_018
data/squares/empty/012_g5.png,empty,012
data/squares/empty/065_f2.png,empty,065
data/squares/empty/049_g7.png,empty,049
data/squares/empty/048_g4.png,empty,048
data/synth_squares/img/sq_03353_b.png,b,synth_052
data/synth_squares/img/sq_02298_n.png,n,synth_035
data/synth_squares/img/sq_00300_p.png,p,synth_004
data/squares/empty/009_a3.png,empty,009
data/squares/empty/064_e6.png,empty,064
data/synth_squares/img/sq_00854_b.png,b,synth_013
data/squares/empty/040_b1.png,empty,040
data/squares/empty/065_e1.png,empty,065
data/squares/N/048_f5.png,N,048
data/synth_squares/img/sq_02422_r.png,r,synth_037
data/synth_squares/img/sq_00695_r.png,r,synth_010
data/squares/p/019_a3.png,p,019
data/synth_squares/img/sq_00208_n.png,n,synth_003
data/squares/empty/052_d8.png,empty,052
data/synth_squares/img/sq_03725_P.png,P,synth_058
data/synth_squares/img/sq_00457_k.png,k,synth_007
data/synth_squares/img/sq_01057_p.png,p,synth_016
data/squares/R/012_c2.png,R,012
data/synth_squares/img/sq_01725_b.png,b,synth_026
data/synth_squares/img/sq_01511_P.png,P,synth_023
data/squares/empty/058_f6.png,empty,058
data/synth_squares/img/sq_03195_p.png,p,synth_049
data/synth_squares/img/sq_01212_k.png,k,synth_018
data/squares/p/035_g6.png,p,035
data/squares/empty/000_e3.png,empty,000
data/synth_squares/img/sq_02810_B.png,B,synth_043
data/synth_squares/img/sq_00396_P.png,P,synth_006
data/synth_squares/img/sq_03688_n.png,n,synth_057
data/synth_squares/img/sq_00359_k.png,k,synth_005
data/squares/empty/045_d3.png,empty,045
data/squares/empty/009_d4.png,empty,009
data/synth_squares/img/sq_00450_r.png,r,synth_007
data/synth_squares/img/sq_02023_q.png,q,synth_031
data/squares/empty/021_f4.png,empty,021
data/synth_squares/img/sq_03779_K.png,K,synth_059
data/synth_squares/img/sq_02622_K.png,K,synth_040
data/squares/empty/022_d3.png,empty,022
data/synth_squares/img/sq_01980_B.png,B,synth_030
data/synth_squares/img/sq_03296_p.png,p,synth_051
data/squares/empty/040_g1.png,empty,040
data/synth_squares/img/sq_02455_q.png,q,synth_038
data/squares/empty/031_h8.png,empty,031
data/squares/empty/037_f4.png,empty,037
data/synth_squares/img/sq_01872_q.png,q,synth_029
data/squares/empty/043_c4.png,empty,043
data/synth_squares/img/sq_00821_N.png,N,synth_012
data/squares/empty/010_e2.png,empty,010
data/squares/b/025_d1.png,b,025
data/synth_squares/img/sq_02831_p.png,p,synth_044
data/squares/empty/006_c3.png,empty,006
data/synth_squares/img/sq_00660_k.png,k,synth_010
data/squares/k/070_h7.png,k,070
data/squares/empty/067_b2.png,empty,067
data/synth_squares/img/sq_01839_q.png,q,synth_028
data/squares/B/025_b8.png,B,025
data/squares/empty/039_a6.png,empty,039
data/synth_squares/img/sq_00380_n.png,n,synth_005
data/squares/empty/048_a8.png,empty,048
data/synth_squares/img/sq_03791_empty.png,empty,synth_059
data/synth_squares/img/sq_00121_n.png,n,synth_001
data/squares/empty/066_d4.png,empty,066
data/synth_squares/img/sq_00257_B.png,B,synth_004
data/squares/empty/039_e8.png,empty,039
data/synth_squares/img/sq_02689_n.png,n,synth_042
data/synth_squares/img/sq_02573_n.png,n,synth_040
data/squares/empty/031_f4.png,empty,031
data/squares/empty/044_g2.png,empty,044
data/synth_squares/img/sq_03485_q.png,q,synth_054
data/synth_squares/img/sq_01961_p.png,p,synth_030
data/synth_squares/img/sq_02382_B.png,B,synth_037
data/squares/empty/023_g4.png,empty,023
data/synth_squares/img/sq_02021_R.png,R,synth_031
data/squares/empty/062_c5.png,empty,062
data/synth_squares/img/sq_01129_empty.png,empty,synth_017
data/synth_squares/img/sq_01440_N.png,N,synth_022
data/squares/empty/044_b4.png,empty,044
data/synth_squares/img/sq_01916_N.png,N,synth_029
data/squares/empty/016_a1.png,empty,016
data/squares/empty/018_e2.png,empty,018
data/squares/empty/018_g7.png,empty,018
data/synth_squares/img/sq_03655_q.png,q,synth_057
data/squares/empty/058_d2.png,empty,058
data/squares/empty/056_e1.png,empty,056
data/synth_squares/img/sq_03041_r.png,r,synth_047
data/synth_squares/img/sq_02612_n.png,n,synth_040
data/squares/empty/023_h4.png,empty,023
data/synth_squares/img/sq_00077_B.png,B,synth_001
data/squares/empty/057_g8.png,empty,057
data/synth_squares/img/sq_03100_k.png,k,synth_048
data/synth_squares/img/sq_02134_B.png,B,synth_033
data/squares/empty/038_c1.png,empty,038
data/squares/empty/038_f3.png,empty,038
data/synth_squares/img/sq_02760_n.png,n,synth_043
data/squares/n/063_e8.png,n,063
data/synth_squares/img/sq_01548_P.png,P,synth_024
data/synth_squares/img/sq_02324_k.png,k,synth_036
data/squares/empty/001_a8.png,empty,001
data/squares/empty/003_c6.png,empty,003
data/squares/empty/001_c5.png,empty,001
data/squares/empty/040_a4.png,empty,040
data/synth_squares/img/sq_01146_N.png,N,synth_017
data/synth_squares/img/sq_00409_q.png,q,synth_006
data/synth_squares/img/sq_03156_R.png,R,synth_049
data/squares/empty/022_h3.png,empty,022
data/squares/empty/067_c5.png,empty,067
data/squares/b/045_a7.png,b,045
data/synth_squares/img/sq_03166_P.png,P,synth_049
data/synth_squares/img/sq_03122_B.png,B,synth_048
data/squares/empty/017_a3.png,empty,017
data/squares/empty/021_a4.png,empty,021
data/squares/empty/035_c8.png,empty,035
data/synth_squares/img/sq_01507_B.png,B,synth_023
data/synth_squares/img/sq_00914_empty.png,empty,synth_014
data/squares/empty/060_a5.png,empty,060
data/synth_squares/img/sq_02371_N.png,N,synth_037
data/synth_squares/img/sq_01461_P.png,P,synth_022
data/squares/n/001_c4.png,n,001
data/squares/empty/061_g4.png,empty,061
data/squares/empty/050_f1.png,empty,050
data/squares/empty/023_f4.png,empty,023
data/synth_squares/img/sq_01384_r.png,r,synth_021
data/synth_squares/img/sq_03591_Q.png,Q,synth_056
data/squares/empty/054_e6.png,empty,054
data/synth_squares/img/sq_03705_empty.png,empty,synth_057
data/synth_squares/img/sq_00631_N.png,N,synth_009
data/synth_squares/img/sq_03856_b.png,b,synth_060
data/squares/empty/057_f1.png,empty,057
data/squares/empty/013_f6.png,empty,013
data/synth_squares/img/sq_01557_p.png,p,synth_024
data/squares/empty/009_e6.png,empty,009
data/synth_squares/img/sq_01535_R.png,R,synth_023
data/synth_squares/img/sq_00312_k.png,k,synth_004
data/squares/empty/059_e6.png,empty,059
data/squares/K/050_d6.png,K,050
data/squares/r/001_b3.png,r,001
data/squares/Q/070_b4.png,Q,070
data/squares/empty/006_g7.png,empty,006
data/squares/empty/004_h3.png,empty,004
data/squares/empty/054_c5.png,empty,054
data/squares/empty/015_f8.png,empty,015
data/squares/empty/039_g6.png,empty,039
data/synth_squares/img/sq_02611_Q.png,Q,synth_040
data/synth_squares/img/sq_01730_r.png,r,synth_027
data/squares/empty/019_h7.png,empty,019
data/synth_squares/img/sq_03029_empty.png,empty,synth_047
data/squares/empty/016_f3.png,empty,016
data/synth_squares/img/sq_02522_K.png,K,synth_039
data/synth_squares/img/sq_03698_P.png,P,synth_057
data/squares/empty/011_h8.png,empty,011
data/squares/empty/055_e1.png,empty,055
data/squares/p/031_f5.png,p,031
data/squares/empty/030_e4.png,empty,030
data/synth_squares/img/sq_01359_b.png,b,synth_021
data/synth_squares/img/sq_01333_b.png,b,synth_020
data/squares/k/022_g3.png,k,022
data/synth_squares/img/sq_01491_n.png,n,synth_023
data/squares/empty/036_g3.png,empty,036
data/squares/b/044_c4.png,b,044
data/squares/empty/043_a2.png,empty,043
data/synth_squares/img/sq_00513_empty.png,empty,synth_008
data/synth_squares/img/sq_01710_empty.png,empty,synth_026
data/synth_squares/img/sq_00185_N.png,N,synth_002
data/synth_squares/img/sq_00263_K.png,K,synth_004
data/squares/empty/048_c6.png,empty,048
data/squares/empty/061_d3.png,empty,061
data/synth_squares/img/sq_02038_r.png,r,synth_031
data/synth_squares/img/sq_01345_n.png,n,synth_021
data/squares/empty/055_e5.png,empty,055
data/squares/empty/011_a7.png,empty,011
data/squares/p/065_h4.png,p,065
data/synth_squares/img/sq_02025_n.png,n,synth_031
data/squares/p/008_g3.png,p,008
data/squares/empty/038_g7.png,empty,038
data/synth_squares/img/sq_03387_R.png,R,synth_052
data/synth_squares/img/sq_03839_b.png,b,synth_059
data/squares/empty/042_a7.png,empty,042
data/synth_squares/img/sq_02918_P.png,P,synth_045
data/squares/b/003_h1.png,b,003
data/squares/empty/009_c4.png,empty,009
data/squares/empty/017_c8.png,empty,017
data/squares/empty/026_d3.png,empty,026
data/squares/empty/014_g3.png,empty,014
data/synth_squares/img/sq_02446_k.png,k,synth_038
data/synth_squares/img/sq_03160_N.png,N,synth_049
data/squares/empty/014_h2.png,empty,014
data/squares/B/015_b8.png,B,015
data/squares/empty/004_a2.png,empty,004
data/squares/empty/015_f1.png,empty,015
data/squares/empty/012_h6.png,empty,012
data/squares/empty/008_f6.png,empty,008
data/synth_squares/img/sq_01261_K.png,K,synth_019
data/synth_squares/img/sq_02405_p.png,p,synth_037
data/squares/empty/035_g5.png,empty,035
data/squares/empty/025_g1.png,empty,025
data/squares/empty/064_g4.png,empty,064
data/squares/empty/035_h5.png,empty,035
data/squares/empty/025_h6.png,empty,025
data/synth_squares/img/sq_00376_B.png,B,synth_005
data/synth_squares/img/sq_03855_N.png,N,synth_060
data/synth_squares/img/sq_00456_N.png,N,synth_007
data/synth_squares/img/sq_00735_P.png,P,synth_011
data/synth_squares/img/sq_01957_n.png,n,synth_030
data/squares/empty/009_g7.png,empty,009
data/squares/n/044_f5.png,n,044
data/squares/q/036_d8.png,q,036
data/squares/empty/037_h5.png,empty,037
data/squares/empty/028_h5.png,empty,028
data/synth_squares/img/sq_01302_empty.png,empty,synth_020
data/squares/empty/057_g2.png,empty,057
data/squares/empty/029_g6.png,empty,029
data/squares/empty/011_g6.png,empty,011
data/synth_squares/img/sq_03209_P.png,P,synth_050
data/squares/empty/006_b1.png,empty,006
data/squares/empty/073_f3.png,empty,073
data/synth_squares/img/sq_02240_r.png,r,synth_035
data/squares/empty/018_e1.png,empty,018
data/squares/empty/010_f8.png,empty,010
data/squares/r/050_e6.png,r,050
data/squares/empty/013_d7.png,empty,013
data/synth_squares/img/sq_01686_r.png,r,synth_026
data/squares/empty/037_g6.png,empty,037
data/synth_squares/img/sq_03405_r.png,r,synth_053
data/squares/empty/040_e7.png,empty,040
data/synth_squares/img/sq_01926_r.png,r,synth_030
data/synth_squares/img/sq_00015_b.png,b,synth_000
data/squares/empty/026_f3.png,empty,026
data/synth_squares/img/sq_00354_Q.png,Q,synth_005
data/squares/empty/062_h6.png,empty,062
data/squares/empty/026_c8.png,empty,026
data/squares/empty/000_g4.png,empty,000
data/synth_squares/img/sq_03422_P.png,P,synth_053
data/squares/empty/036_d3.png,empty,036
data/squares/empty/012_c7.png,empty,012
data/squares/empty/021_h6.png,empty,021
data/squares/empty/036_c2.png,empty,036
data/synth_squares/img/sq_00471_r.png,r,synth_007
data/synth_squares/img/sq_03742_empty.png,empty,synth_058
data/synth_squares/img/sq_00720_empty.png,empty,synth_011
data/squares/empty/048_f2.png,empty,048
data/squares/empty/059_b6.png,empty,059
data/squares/R/007_a4.png,R,007
data/squares/empty/017_g3.png,empty,017
data/synth_squares/img/sq_01599_k.png,k,synth_024
data/squares/empty/005_f7.png,empty,005
data/synth_squares/img/sq_01174_K.png,K,synth_018
data/squares/empty/008_b4.png,empty,008
data/squares/empty/031_d2.png,empty,031
data/synth_squares/img/sq_01528_P.png,P,synth_023
data/squares/B/040_c4.png,B,040
data/squares/empty/034_f8.png,empty,034
data/synth_squares/img/sq_03708_b.png,b,synth_057
data/squares/empty/011_d7.png,empty,011
data/squares/empty/014_c2.png,empty,014
data/synth_squares/img/sq_03358_n.png,n,synth_052
data/synth_squares/img/sq_00174_B.png,B,synth_002
data/synth_squares/img/sq_02560_p.png,p,synth_040
data/squares/empty/038_d7.png,empty,038
data/synth_squares/img/sq_02052_R.png,R,synth_032
data/synth_squares/img/sq_03343_P.png,P,synth_052
data/synth_squares/img/sq_01708_b.png,b,synth_026
data/squares/empty/031_c5.png,empty,031
data/synth_squares/img/sq_02467_R.png,R,synth_038
data/squares/empty/039_b1.png,empty,039
data/squares/empty/004_d1.png,empty,004
data/squares/empty/027_h6.png,empty,027
data/squares/empty/037_c7.png,empty,037
data/squares/empty/032_h8.png,empty,032
data/squares/empty/029_e6.png,empty,029
data/synth_squares/img/sq_00753_q.png,q,synth_011
data/squares/empty/004_a4.png,empty,004
data/synth_squares/img/sq_00912_K.png,K,synth_014
data/squares/K/034_b7.png,K,034
data/synth_squares/img/sq_02078_r.png,r,synth_032
data/squares/k/027_f2.png,k,027
data/synth_squares/img/sq_01628_r.png,r,synth_025
data/squares/empty/000_d5.png,empty,000
data/synth_squares/img/sq_00525_b.png,b,synth_008
data/squares/empty/050_a8.png,empty,050
data/synth_squares/img/sq_01967_B.png,B,synth_030
data/synth_squares/img/sq_02773_N.png,N,synth_043
data/synth_squares/img/sq_01632_Q.png,Q,synth_025
data/synth_squares/img/sq_00191_R.png,R,synth_002
data/squares/empty/017_f6.png,empty,017
data/squares/empty/025_h1.png,empty,025
data/squares/K/016_b5.png,K,016
data/synth_squares/img/sq_00893_q.png,q,synth_013
data/squares/empty/013_e5.png,empty,013
data/squares/empty/065_g2.png,empty,065
data/squares/p/066_b4.png,p,066
data/squares/empty/022_b2.png,empty,022
data/synth_squares/img/sq_01563_r.png,r,synth_024
data/squares/p/002_f6.png,p,002
data/squares/empty/018_h1.png,empty,018
data/synth_squares/img/sq_01357_Q.png,Q,synth_021
data/synth_squares/img/sq_02413_b.png,b,synth_037
data/squares/empty/032_b4.png,empty,032
data/squares/empty/062_f7.png,empty,062
data/synth_squares/img/sq_03014_N.png,N,synth_047
data/synth_squares/img/sq_00480_K.png,K,synth_007
data/synth_squares/img/sq_02664_p.png,p,synth_041
data/squares/empty/037_h3.png,empty,037
data/synth_squares/img/sq_01651_n.png,n,synth_025
data/squares/empty/023_g3.png,empty,023
data/synth_squares/img/sq_02951_empty.png,empty,synth_046
data/synth_squares/img/sq_02358_r.png,r,synth_036
data/synth_squares/img/sq_00630_Q.png,Q,synth_009
data/synth_squares/img/sq_01249_K.png,K,synth_019
data/synth_squares/img/sq_02777_r.png,r,synth_043
data/squares/empty/042_e7.png,empty,042
data/squares/empty/041_b4.png,empty,041
data/squares/empty/041_c6.png,empty,041
data/synth_squares/img/sq_02990_b.png,b,synth_046
data/synth_squares/img/sq_03562_B.png,B,synth_055
data/squares/empty/029_h6.png,empty,029
data/squares/empty/073_b7.png,empty,073
data/squares/empty/054_c8.png,empty,054
data/squares/B/019_b8.png,B,019
data/squares/K/047_e8.png,K,047
data/squares/empty/018_h5.png,empty,018
data/squares/empty/052_e4.png,empty,052
data/squares/empty/058_f2.png,empty,058
data/synth_squares/img/sq_02903_N.png,N,synth_045
data/squares/empty/061_d6.png,empty,061
data/squares/empty/056_b3.png,empty,056
data/synth_squares/img/sq_03442_N.png,N,synth_053
data/synth_squares/img/sq_02860_n.png,n,synth_044
data/squares/empty/069_g8.png,empty,069
data/synth_squares/img/sq_00350_q.png,q,synth_005
data/synth_squares/img/sq_03261_q.png,q,synth_050
data/synth_squares/img/sq_01992_r.png,r,synth_031
data/synth_squares/img/sq_03664_R.png,R,synth_057
data/squares/k/008_e4.png,k,008
data/synth_squares/img/sq_01327_P.png,P,synth_020
data/squares/empty/054_h7.png,empty,054
data/synth_squares/img/sq_01189_q.png,q,synth_018
data/squares/empty/001_a3.png,empty,001
data/squares/r/050_g5.png,r,050
data/squares/empty/036_f4.png,empty,036
data/squares/empty/011_f7.png,empty,011
data/squares/empty/056_g3.png,empty,056
data/squares/N/066_c7.png,N,066
data/squares/empty/061_h7.png,empty,061
data/synth_squares/img/sq_01034_R.png,R,synth_016
data/synth_squares/img/sq_03641_n.png,n,synth_056
data/squares/empty/046_a3.png,empty,046
data/synth_squares/img/sq_00024_empty.png,empty,synth_000
data/squares/empty/010_d5.png,empty,010
data/squares/empty/068_g4.png,empty,068
data/synth_squares/img/sq_02768_Q.png,Q,synth_043
data/squares/empty/019_g4.png,empty,019
data/squares/empty/073_h3.png,empty,073
data/synth_squares/img/sq_01703_Q.png,Q,synth_026
data/synth_squares/img/sq_01433_b.png,b,synth_022
data/squares/empty/062_a5.png,empty,062
data/synth_squares/img/sq_03804_b.png,b,synth_059
data/synth_squares/img/sq_00255_n.png,n,synth_003
data/synth_squares/img/sq_03011_N.png,N,synth_047
data/squares/empty/069_a7.png,empty,069
data/squares/empty/021_a3.png,empty,021
data/synth_squares/img/sq_00830_p.png,p,synth_012
data/synth_squares/img/sq_02066_r.png,r,synth_032
data/squares/empty/040_f6.png,empty,040
data/squares/empty/025_a6.png,empty,025
data/synth_squares/img/sq_02915_k.png,k,synth_045
data/squares/empty/040_e6.png,empty,040
data/squares/empty/001_g6.png,empty,001
data/synth_squares/img/sq_02334_n.png,n,synth_036
data/squares/n/045_e4.png,n,045
data/squares/empty/028_d7.png,empty,028
data/synth_squares/img/sq_03624_empty.png,empty,synth_056
data/synth_squares/img/sq_02713_empty.png,empty,synth_042
data/squares/q/065_e8.png,q,065
data/synth_squares/img/sq_03377_r.png,r,synth_052
data/squares/empty/015_e3.png,empty,015
data/synth_squares/img/sq_03777_n.png,n,synth_059
data/squares/empty/056_e3.png,empty,056
data/synth_squares/img/sq_01815_Q.png,Q,synth_028
data/squares/empty/037_b1.png,empty,037
data/squares/empty/043_a6.png,empty,043
data/synth_squares/img/sq_02852_P.png,P,synth_044
data/synth_squares/img/sq_02094_n.png,n,synth_032
data/squares/empty/011_c7.png,empty,011
data/squares/empty/057_a3.png,empty,057
data/squares/empty/057_e7.png,empty,057
data/synth_squares/img/sq_03868_b.png,b,synth_060
data/synth_squares/img/sq_00193_q.png,q,synth_003
data/squares/empty/064_c8.png,empty,064
data/squares/empty/064_g2.png,empty,064
data/synth_squares/img/sq_03531_k.png,k,synth_055
data/squares/empty/005_c8.png,empty,005
data/squares/B/052_b8.png,B,052
data/squares/K/019_f7.png,K,019
data/synth_squares/img/sq_00549_b.png,b,synth_008
data/squares/empty/055_a8.png,empty,055
data/squares/empty/032_h2.png,empty,032
data/synth_squares/img/sq_03622_b.png,b,synth_056
data/synth_squares/img/sq_00018_K.png,K,synth_000
data/squares/empty/058_b1.png,empty,058
data/synth_squares/img/sq_01619_q.png,q,synth_025
data/squares/empty/045_g7.png,empty,045
data/synth_squares/img/sq_01030_k.png,k,synth_016
data/squares/K/042_b7.png,K,042
data/synth_squares/img/sq_00802_q.png,q,synth_012
data/synth_squares/img/sq_00469_b.png,b,synth_007
data/synth_squares/img/sq_00640_empty.png,empty,synth_010
data/synth_squares/img/sq_00707_Q.png,Q,synth_011
data/squares/empty/044_a4.png,empty,044
data/squares/empty/068_e4.png,empty,068
data/synth_squares/img/sq_00601_N.png,N,synth_009
data/squares/empty/052_e5.png,empty,052
data/squares/empty/009_a8.png,empty,009
data/synth_squares/img/sq_03722_R.png,R,synth_058
data/squares/empty/043_e6.png,empty,043
data/squares/empty/010_a3.png,empty,010
data/squares/empty/055_h3.png,empty,055
data/squares/empty/040_b3.png,empty,040
data/squares/empty/063_d4.png,empty,063
data/squares/K/035_b7.png,K,035
data/squares/empty/054_e1.png,empty,054
data/synth_squares/img/sq_01062_P.png,P,synth_016
data/squares/empty/027_e4.png,empty,027
data/squares/empty/048_f4.png,empty,048
data/squares/empty/045_c6.png,empty,045
data/synth_squares/img/sq_01420_k.png,k,synth_022
data/squares/empty/003_f5.png,empty,003
data/synth_squares/img/sq_01341_N.png,N,synth_020
data/synth_squares/img/sq_00248_empty.png,empty,synth_003
data/synth_squares/img/sq_02776_p.png,p,synth_043
data/squares/empty/017_d5.png,empty,017
data/squares/empty/030_b7.png,empty,030
data/squares/empty/006_d4.png,empty,006
data/squares/empty/037_a3.png,empty,037
data/synth_squares/img/sq_00285_n.png,n,synth_004
data/synth_squares/img/sq_02253_r.png,r,synth_035
data/synth_squares/img/sq_03322_P.png,P,synth_051
data/squares/empty/041_f3.png,empty,041
data/synth_squares/img/sq_01096_p.png,p,synth_017
data/squares/empty/067_h8.png,empty,067
data/synth_squares/img/sq_03385_q.png,q,synth_052
data/synth_squares/img/sq_02357_q.png,q,synth_036
data/synth_squares/img/sq_01924_P.png,P,synth_030
data/squares/empty/066_f6.png,empty,066
data/synth_squares/img/sq_02921_R.png,R,synth_045
data/squares/empty/066_g8.png,empty,066
data/squares/empty/013_f1.png,empty,013
data/synth_squares/img/sq_02706_b.png,b,synth_042
data/synth_squares/img/sq_01087_p.png,p,synth_016
data/squares/empty/049_d8.png,empty,049
data/synth_squares/img/sq_03832_N.png,N,synth_059
data/synth_squares/img/sq_01336_empty.png,empty,synth_020
data/squares/empty/012_e3.png,empty,012
data/squares/empty/043_a7.png,empty,043
data/squares/r/031_d4.png,r,031
data/squares/empty/005_g3.png,empty,005
data/squares/empty/050_g8.png,empty,050
data/squares/empty/024_f6.png,empty,024
data/synth_squares/img/sq_00019_b.png,b,synth_000
data/squares/empty/048_c8.png,empty,048
data/squares/empty/049_a8.png,empty,049
data/synth_squares/img/sq_01377_B.png,B,synth_021
data/squares/empty/009_a2.png,empty,009
data/synth_squares/img/sq_00765_N.png,N,synth_011
data/synth_squares/img/sq_03370_R.png,R,synth_052
data/squares/empty/033_g8.png,empty,033
data/synth_squares/img/sq_02528_empty.png,empty,synth_039
data/squares/empty/057_f2.png,empty,057
data/squares/empty/034_d7.png,empty,034
data/synth_squares/img/sq_03478_b.png,b,synth_054
data/squares/n/027_a3.png,n,027
data/synth_squares/img/sq_00223_n.png,n,synth_003
data/squares/empty/038_c6.png,empty,038
data/synth_squares/img/sq_01996_K.png,K,synth_031
data/synth_squares/img/sq_03505_N.png,N,synth_054
data/squares/empty/057_a8.png,empty,057
data/synth_squares/img/sq_03672_N.png,N,synth_057
data/synth_squares/img/sq_01294_B.png,B,synth_020
data/synth_squares/img/sq_02510_q.png,q,synth_039
data/synth_squares/img/sq_00716_P.png,P,synth_011
data/synth_squares/img/sq_01935_q.png,q,synth_030
data/squares/empty/038_a5.png,empty,038
data/squares/empty/036_f8.png,empty,036
data/squares/empty/045_c2.png,empty,045
data/synth_squares/img/sq_03626_empty.png,empty,synth_056
data/squares/empty/041_c3.png,empty,041
data/synth_squares/img/sq_02092_B.png,B,synth_032
data/synth_squares/img/sq_00348_empty.png,empty,synth_005
data/squares/empty/021_f3.png,empty,021
data/synth_squares/img/sq_03038_k.png,k,synth_047
data/synth_squares/img/sq_01395_r.png,r,synth_021
data/synth_squares/img/sq_00996_empty.png,empty,synth_015
data/synth_squares/img/sq_00693_p.png,p,synth_010
data/synth_squares/img/sq_03367_q.png,q,synth_052
data/synth_squares/img/sq_02027_R.png,R,synth_031
data/synth_squares/img/sq_01768_R.png,R,synth_027
data/synth_squares/img/sq_01307_n.png,n,synth_020
data/squares/empty/058_e4.png,empty,058
data/synth_squares/img/sq_00053_p.png,p,synth_000
data/squares/r/067_e8.png,r,067
data/synth_squares/img/sq_01817_B.png,B,synth_028
data/squares/b/022_e4.png,b,022
data/synth_squares/img/sq_01737_B.png,B,synth_027
data/synth_squares/img/sq_03210_k.png,k,synth_050
data/synth_squares/img/sq_03401_Q.png,Q,synth_053
data/synth_squares/img/sq_03264_R.png,R,synth_051
data/squares/empty/003_g8.png,empty,003
data/squares/empty/074_h5.png,empty,074
data/squares/empty/010_h1.png,empty,010
data/synth_squares/img/sq_00090_b.png,b,synth_001
data/squares/empty/056_d3.png,empty,056
data/squares/empty/053_d1.png,empty,053
data/squares/empty/026_h2.png,empty,026
data/squares/B/042_b8.png,B,042
data/synth_squares/img/sq_01947_empty.png,empty,synth_030
data/synth_squares/img/sq_02416_p.png,p,synth_037
data/synth_squares/img/sq_02037_R.png,R,synth_031
data/squares/empty/037_g7.png,empty,037
data/synth_squares/img/sq_03788_R.png,R,synth_059
data/squares/b/069_h7.png,b,069
data/squares/empty/011_g3.png,empty,011
data/squares/empty/043_c2.png,empty,043
data/synth_squares/img/sq_01687_k.png,k,synth_026
data/synth_squares/img/sq_03808_P.png,P,synth_059
data/squares/empty/008_a4.png,empty,008
data/synth_squares/img/sq_00361_B.png,B,synth_005
data/squares/empty/065_f6.png,empty,065
data/synth_squares/img/sq_02552_empty.png,empty,synth_039
data/squares/empty/074_c5.png,empty,074
data/synth_squares/img/sq_01799_n.png,n,synth_028
data/squares/empty/048_c2.png,empty,048
data/squares/empty/037_g8.png,empty,037
data/synth_squares/img/sq_03312_b.png,b,synth_051
data/squares/empty/057_c1.png,empty,057
data/squares/empty/045_f1.png,empty,045
data/squares/empty/042_a1.png,empty,042
data/squares/empty/014_b6.png,empty,014
data/synth_squares/img/sq_02969_K.png,K,synth_046
data/squares/empty/015_g6.png,empty,015
data/synth_squares/img/sq_02437_empty.png,empty,synth_038
data/squares/b/030_h5.png,b,030
data/squares/empty/032_d4.png,empty,032
data/squares/empty/046_d3.png,empty,046
data/squares/empty/071_h6.png,empty,071
data/squares/p/025_b6.png,p,025
data/synth_squares/img/sq_00557_k.png,k,synth_008
data/synth_squares/img/sq_03107_R.png,R,synth_048
data/synth_squares/img/sq_03379_Q.png,Q,synth_052
data/squares/empty/013_b5.png,empty,013
data/squares/empty/059_c1.png,empty,059
data/squares/r/069_h6.png,r,069
data/synth_squares/img/sq_00417_Q.png,Q,synth_006
data/squares/empty/022_c1.png,empty,022
data/synth_squares/img/sq_01965_q.png,q,synth_030
data/squares/empty/044_e5.png,empty,044
data/synth_squares/img/sq_00847_b.png,b,synth_013
data/squares/empty/036_e5.png,empty,036
data/synth_squares/img/sq_02770_k.png,k,synth_043
data/squares/empty/010_g8.png,empty,010
data/synth_squares/img/sq_03888_n.png,n,synth_060
data/squares/empty/008_d2.png,empty,008
data/squares/K/046_e8.png,K,046
data/synth_squares/img/sq_00875_p.png,p,synth_013
data/squares/empty/059_a1.png,empty,059
data/squares/empty/066_d1.png,empty,066
data/synth_squares/img/sq_00176_k.png,k,synth_002
data/squares/empty/040_d2.png,empty,040
data/squares/empty/041_c5.png,empty,041
data/synth_squares/img/sq_00089_p.png,p,synth_001
data/synth_squares/img/sq_01194_p.png,p,synth_018
data/synth_squares/img/sq_01922_p.png,p,synth_030
data/squares/empty/052_f5.png,empty,052
data/synth_squares/img/sq_00638_P.png,P,synth_009
data/synth_squares/img/sq_01402_P.png,P,synth_021
data/synth_squares/img/sq_00431_N.png,N,synth_006
data/synth_squares/img/sq_03529_p.png,p,synth_055
data/synth_squares/img/sq_02517_P.png,P,synth_039
data/squares/empty/048_d5.png,empty,048
data/squares/empty/037_g4.png,empty,037
data/squares/empty/069_g4.png,empty,069
data/synth_squares/img/sq_01979_R.png,R,synth_030
data/synth_squares/img/sq_02321_R.png,R,synth_036
data/squares/empty/044_h2.png,empty,044
data/squares/empty/048_e7.png,empty,048
data/synth_squares/img/sq_03260_k.png,k,synth_050
data/synth_squares/img/sq_03584_n.png,n,synth_056
data/synth_squares/img/sq_00576_b.png,b,synth_009
data/squares/empty/007_a5.png,empty,007
data/squares/empty/025_b3.png,empty,025
data/synth_squares/img/sq_01321_q.png,q,synth_020
data/squares/empty/055_d2.png,empty,055
data/squares/empty/010_e1.png,empty,010
data/squares/empty/053_a1.png,empty,053
data/synth_squares/img/sq_03729_b.png,b,synth_058
data/synth_squares/img/sq_00005_R.png,R,synth_000
data/synth_squares/img/sq_02715_b.png,b,synth_042
data/synth_squares/img/sq_02439_k.png,k,synth_038
data/synth_squares/img/sq_02356_B.png,B,synth_036
data/synth_squares/img/sq_02685_R.png,R,synth_041
data/squares/empty/020_e8.png,empty,020
data/squares/empty/055_c7.png,empty,055
data/squares/empty/024_d5.png,empty,024
data/synth_squares/img/sq_00844_K.png,K,synth_013
data/squares/empty/001_e8.png,empty,001
data/squares/empty/070_d4.png,empty,070
data/synth_squares/img/sq_01392_n.png,n,synth_021
data/synth_squares/img/sq_01610_Q.png,Q,synth_025
data/synth_squares/img/sq_02954_k.png,k,synth_046
data/squares/empty/013_c1.png,empty,013
data/squares/empty/068_d1.png,empty,068
data/synth_squares/img/sq_01386_Q.png,Q,synth_021
data/synth_squares/img/sq_02575_K.png,K,synth_040
data/squares/empty/002_h5.png,empty,002
data/squares/empty/059_f5.png,empty,059
data/squares/empty/016_e7.png,empty,016
data/synth_squares/img/sq_02348_R.png,R,synth_036
data/squares/empty/024_e7.png,empty,024
data/synth_squares/img/sq_01182_N.png,N,synth_018
data/squares/empty/034_c1.png,empty,034
data/synth_squares/img/sq_03598_k.png,k,synth_056
data/squares/empty/070_g5.png,empty,070
data/squares/empty/014_e7.png,empty,014
data/synth_squares/img/sq_01198_r.png,r,synth_018
data/squares/empty/045_h3.png,empty,045
data/synth_squares/img/sq_02820_k.png,k,synth_044
data/squares/empty/025_g5.png,empty,025
data/squares/empty/026_e6.png,empty,026
data/squares/empty/018_e5.png,empty,018
data/squares/empty/020_c6.png,empty,020
data/synth_squares/img/sq_00585_empty.png,empty,synth_009
data/synth_squares/img/sq_03463_N.png,N,synth_054
data/squares/empty/013_b3.png,empty,013
data/synth_squares/img/sq_02855_N.png,N,synth_044
data/squares/empty/060_d3.png,empty,060
data/squares/empty/034_h8.png,empty,034
data/synth_squares/img/sq_01033_n.png,n,synth_016
data/squares/empty/032_e4.png,empty,032
data/squares/b/069_h1.png,b,069
data/synth_squares/img/sq_02958_B.png,B,synth_046
data/squares/empty/070_e5.png,empty,070
data/synth_squares/img/sq_03359_B.png,B,synth_052
data/synth_squares/img/sq_03846_Q.png,Q,synth_060
data/squares/empty/013_f4.png,empty,013
data/squares/empty/058_f3.png,empty,058
data/squares/empty/067_a1.png,empty,067
data/synth_squares/img/sq_03085_b.png,b,synth_048
data/squares/empty/043_d1.png,empty,043
data/synth_squares/img/sq_01875_P.png,P,synth_029
data/squares/empty/033_f5.png,empty,033
data/synth_squares/img/sq_02268_K.png,K,synth_035
data/synth_squares/img/sq_00175_k.png,k,synth_002
data/synth_squares/img/sq_00690_r.png,r,synth_010
data/synth_squares/img/sq_00915_Q.png,Q,synth_014
data/squares/empty/013_b7.png,empty,013
data/squares/empty/063_f3.png,empty,063
data/squares/empty/023_a3.png,empty,023
data/squares/empty/048_a1.png,empty,048
data/squares/empty/017_b4.png,empty,017
data/synth_squares/img/sq_01772_N.png,N,synth_027
data/squares/empty/001_f2.png,empty,001
data/squares/empty/005_e1.png,empty,005
data/synth_squares/img/sq_02121_N.png,N,synth_033
data/synth_squares/img/sq_03499_p.png,p,synth_054
data/synth_squares/img/sq_01607_p.png,p,synth_025
data/squares/empty/061_h4.png,empty,061
data/squares/empty/040_h1.png,empty,040
data/squares/empty/004_b6.png,empty,004
data/squares/empty/070_a1.png,empty,070
data/synth_squares/img/sq_01231_R.png,R,synth_019
data/synth_squares/img/sq_03757_b.png,b,synth_058
data/squares/empty/026_e8.png,empty,026
data/squares/p/032_c7.png,p,032
data/synth_squares/img/sq_00201_K.png,K,synth_003
data/synth_squares/img/sq_03652_empty.png,empty,synth_057
data/squares/empty/038_h1.png,empty,038
data/synth_squares/img/sq_01396_q.png,q,synth_021
data/squares/empty/004_b1.png,empty,004
data/squares/empty/064_b3.png,empty,064
data/synth_squares/img/sq_02780_N.png,N,synth_043
data/squares/empty/046_e4.png,empty,046
data/squares/empty/009_a1.png,empty,009
data/squares/empty/023_b7.png,empty,023
data/synth_squares/img/sq_02833_Q.png,Q,synth_044
data/synth_squares/img/sq_01303_P.png,P,synth_020
data/synth_squares/img/sq_01857_Q.png,Q,synth_029
data/squares/empty/027_h7.png,empty,027
data/squares/empty/014_g8.png,empty,014
data/synth_squares/img/sq_01777_q.png,q,synth_027
data/squares/P/045_b4.png,P,045
data/synth_squares/img/sq_00564_q.png,q,synth_008
data/synth_squares/img/sq_03055_p.png,p,synth_047
data/squares/empty/009_f2.png,empty,009
data/synth_squares/img/sq_00614_k.png,k,synth_009
data/squares/K/037_c3.png,K,037
data/squares/empty/022_e5.png,empty,022
data/synth_squares/img/sq_00511_K.png,K,synth_007
data/squares/B/031_g1.png,B,031
data/squares/empty/049_g8.png,empty,049
data/squares/empty/019_h2.png,empty,019
data/squares/empty/012_a8.png,empty,012
data/synth_squares/img/sq_03834_k.png,k,synth_059
data/squares/empty/067_b5.png,empty,067
data/squares/empty/053_c6.png,empty,053
data/squares/empty/011_a5.png,empty,011
data/squares/R/019_f3.png,R,019
data/squares/empty/034_e2.png,empty,034
data/squares/empty/033_g4.png,empty,033
data/synth_squares/img/sq_01751_p.png,p,synth_027
data/synth_squares/img/sq_03334_R.png,R,synth_052
data/squares/empty/003_e3.png,empty,003
data/squares/empty/060_b2.png,empty,060
data/squares/p/052_g6.png,p,052
data/squares/empty/067_d2.png,empty,067
data/squares/empty/060_e7.png,empty,060
data/squares/n/048_a4.png,n,048
data/squares/empty/028_d5.png,empty,028
data/synth_squares/img/sq_03508_Q.png,Q,synth_054
data/squares/empty/004_e7.png,empty,004
data/squares/empty/021_d2.png,empty,021
data/synth_squares/img/sq_03599_r.png,r,synth_056
data/synth_squares/img/sq_01207_K.png,K,synth_018
data/squares/empty/043_g3.png,empty,043
data/squares/N/046_a2.png,N,046
data/synth_squares/img/sq_00767_q.png,q,synth_011
data/squares/b/029_d8.png,b,029
data/squares/empty/068_g6.png,empty,068
data/squares/empty/070_e2.png,empty,070
data/synth_squares/img/sq_01020_empty.png,empty,synth_015
data/squares/K/061_b7.png,K,061
data/squares/empty/031_d7.png,empty,031
data/squares/empty/006_c1.png,empty,006
data/synth_squares/img/sq_03131_r.png,r,synth_048
data/squares/empty/039_d1.png,empty,039
data/squares/empty/069_g6.png,empty,069
data/synth_squares/img/sq_01977_q.png,q,synth_030
data/synth_squares/img/sq_01335_K.png,K,synth_020
data/squares/empty/001_h6.png,empty,001
data/squares/empty/039_a1.png,empty,039
data/synth_squares/img/sq_01503_B.png,B,synth_023
data/synth_squares/img/sq_00478_empty.png,empty,synth_007
data/squares/b/034_h1.png,b,034
data/squares/empty/010_c1.png,empty,010
data/synth_squares/img/sq_01176_Q.png,Q,synth_018
data/squares/empty/003_d7.png,empty,003
data/synth_squares/img/sq_02807_B.png,B,synth_043
data/squares/empty/047_e5.png,empty,047
data/synth_squares/img/sq_01147_k.png,k,synth_017
data/synth_squares/img/sq_01239_empty.png,empty,synth_019
data/squares/empty/006_c6.png,empty,006
data/synth_squares/img/sq_00363_R.png,R,synth_005
data/squares/B/062_b8.png,B,062
data/squares/p/047_a4.png,p,047
data/synth_squares/img/sq_03311_P.png,P,synth_051
data/squares/empty/045_c1.png,empty,045
data/squares/empty/048_h3.png,empty,048
data/synth_squares/img/sq_03807_b.png,b,synth_059
data/synth_squares/img/sq_01824_P.png,P,synth_028
data/squares/empty/065_f4.png,empty,065
data/synth_squares/img/sq_00430_r.png,r,synth_006
data/squares/empty/031_c8.png,empty,031
data/squares/N/070_e3.png,N,070
data/squares/empty/044_b7.png,empty,044
data/squares/empty/053_a7.png,empty,053
data/squares/empty/071_g5.png,empty,071
data/squares/empty/047_b3.png,empty,047
data/squares/empty/007_g3.png,empty,007
data/synth_squares/img/sq_02753_R.png,R,synth_043
data/squares/empty/002_g3.png,empty,002
data/squares/empty/011_h6.png,empty,011
data/synth_squares/img/sq_03770_p.png,p,synth_058
data/synth_squares/img/sq_00270_p.png,p,synth_004
data/synth_squares/img/sq_01281_r.png,r,synth_020
data/squares/empty/047_a3.png,empty,047
data/synth_squares/img/sq_01677_k.png,k,synth_026
data/squares/empty/070_a2.png,empty,070
data/synth_squares/img/sq_01127_r.png,r,synth_017
data/synth_squares/img/sq_02819_R.png,R,synth_044
data/squares/empty/045_d5.png,empty,045
data/squares/empty/023_b1.png,empty,023
data/synth_squares/img/sq_00514_q.png,q,synth_008
data/synth_squares/img/sq_03423_q.png,q,synth_053
data/synth_squares/img/sq_00197_B.png,B,synth_003
data/squares/empty/041_d6.png,empty,041
data/synth_squares/img/sq_02289_p.png,p,synth_035
data/squares/B/045_b8.png,B,045
data/squares/empty/025_a3.png,empty,025
data/squares/empty/032_e3.png,empty,032
data/squares/B/074_b8.png,B,074
data/squares/empty/007_c2.png,empty,007
data/synth_squares/img/sq_03828_n.png,n,synth_059
data/synth_squares/img/sq_02736_q.png,q,synth_042
data/synth_squares/img/sq_00165_B.png,B,synth_002
data/synth_squares/img/sq_03735_n.png,n,synth_058
data/squares/empty/003_a8.png,empty,003
data/squares/empty/057_e2.png,empty,057
data/synth_squares/img/sq_02180_R.png,R,synth_034
data/squares/empty/022_c8.png,empty,022
data/synth_squares/img/sq_00033_K.png,K,synth_000
data/squares/r/015_b6.png,r,015
data/squares/empty/026_a4.png,empty,026
data/squares/q/006_b5.png,q,006
data/squares/empty/052_f8.png,empty,052
data/synth_squares/img/sq_03794_R.png,R,synth_059
data/squares/empty/054_b1.png,empty,054
data/squares/empty/038_b5.png,empty,038
data/synth_squares/img/sq_01078_K.png,K,synth_016
data/synth_squares/img/sq_03658_P.png,P,synth_057
data/squares/empty/029_c8.png,empty,029
data/synth_squares/img/sq_00766_P.png,P,synth_011
data/synth_squares/img/sq_03860_R.png,R,synth_060
data/squares/empty/016_d2.png,empty,016
data/squares/empty/018_g4.png,empty,018
data/squares/empty/054_e7.png,empty,054
data/squares/B/032_g4.png,B,032
data/synth_squares/img/sq_02584_B.png,B,synth_040
data/squares/empty/031_d1.png,empty,031
data/synth_squares/img/sq_01233_K.png,K,synth_019
data/squares/empty/062_a2.png,empty,062
data/synth_squares/img/sq_00748_k.png,k,synth_011
data/squares/Q/026_b7.png,Q,026
data/squares/n/009_f5.png,n,009
data/squares/empty/071_b6.png,empty,071
data/squares/empty/042_d6.png,empty,042
data/synth_squares/img/sq_02567_b.png,b,synth_040
data/synth_squares/img/sq_00920_R.png,R,synth_014
data/squares/p/059_c3.png,p,059
data/squares/k/019_g1.png,k,019
data/squares/empty/044_d6.png,empty,044
data/squares/empty/063_b3.png,empty,063
data/squares/empty/058_h6.png,empty,058
data/synth_squares/img/sq_03596_k.png,k,synth_056
data/squares/empty/005_f6.png,empty,005
data/squares/empty/040_f7.png,empty,040
data/squares/empty/017_h7.png,empty,017
data/squares/empty/017_e1.png,empty,017
data/synth_squares/img/sq_01437_n.png,n,synth_022
data/synth_squares/img/sq_01638_b.png,b,synth_025
data/squares/empty/073_a6.png,empty,073
data/synth_squares/img/sq_03535_b.png,b,synth_055
data/squares/empty/054_f5.png,empty,054
data/synth_squares/img/sq_01183_K.png,K,synth_018
data/synth_squares/img/sq_01621_K.png,K,synth_025
data/squares/empty/005_h3.png,empty,005
data/squares/b/028_d4.png,b,028
data/synth_squares/img/sq_02926_empty.png,empty,synth_045
data/synth_squares/img/sq_01834_b.png,b,synth_028
data/squares/empty/050_f7.png,empty,050
data/squares/b/005_h7.png,b,005
data/squares/empty/060_g8.png,empty,060
data/squares/empty/023_a6.png,empty,023
data/squares/empty/024_e4.png,empty,024
data/squares/empty/050_e4.png,empty,050
data/squares/empty/016_h4.png,empty,016
data/synth_squares/img/sq_00998_R.png,R,synth_015
data/squares/q/067_d4.png,q,067
data/synth_squares/img/sq_02672_b.png,b,synth_041
data/squares/empty/064_g7.png,empty,064
data/synth_squares/img/sq_02586_p.png,p,synth_040
data/synth_squares/img/sq_00676_r.png,r,synth_010
data/synth_squares/img/sq_03302_b.png,b,synth_051
data/synth_squares/img/sq_01093_b.png,b,synth_017
data/synth_squares/img/sq_00670_R.png,R,synth_010
data/squares/empty/057_c4.png,empty,057
data/synth_squares/img/sq_01180_N.png,N,synth_018
data/squares/empty/010_e6.png,empty,010
data/squares/empty/029_h5.png,empty,029
data/synth_squares/img/sq_01094_K.png,K,synth_017
data/synth_squares/img/sq_01417_n.png,n,synth_022
data/synth_squares/img/sq_02465_r.png,r,synth_038
data/synth_squares/img/sq_00624_K.png,K,synth_009
data/synth_squares/img/sq_01906_K.png,K,synth_029
data/squares/empty/065_b2.png,empty,065
data/synth_squares/img/sq_01366_q.png,q,synth_021
data/squares/empty/067_e6.png,empty,067
data/squares/empty/004_b3.png,empty,004
data/synth_squares/img/sq_00712_N.png,N,synth_011
data/squares/k/037_h1.png,k,037
data/squares/empty/035_h6.png,empty,035
data/squares/n/033_c5.png,n,033
data/squares/empty/042_h3.png,empty,042
data/synth_squares/img/sq_02339_K.png,K,synth_036
data/squares/p/042_g4.png,p,042
data/squares/empty/000_g7.png,empty,000
data/squares/K/017_a4.png,K,017
data/squares/empty/069_h2.png,empty,069
data/squares/empty/052_c3.png,empty,052
data/squares/k/041_g5.png,k,041
data/synth_squares/img/sq_00308_q.png,q,synth_004
data/squares/r/059_g4.png,r,059
data/synth_squares/img/sq_01279_q.png,q,synth_019
data/synth_squares/img/sq_01276_empty.png,empty,synth_019
data/squares/empty/022_d6.png,empty,022
data/squares/empty/028_a1.png,empty,028
data/squares/empty/012_c8.png,empty,012
data/squares/empty/017_a7.png,empty,017
data/synth_squares/img/sq_02872_R.png,R,synth_044
data/squares/empty/042_f5.png,empty,042
data/squares/empty/008_h1.png,empty,008
data/synth_squares/img/sq_03509_b.png,b,synth_054
data/squares/P/068_d7.png,P,068
data/synth_squares/img/sq_01173_b.png,b,synth_018
data/squares/empty/071_a5.png,empty,071
data/squares/empty/047_a6.png,empty,047
data/synth_squares/img/sq_00872_r.png,r,synth_013
data/squares/empty/053_b4.png,empty,053
data/synth_squares/img/sq_01365_n.png,n,synth_021
data/squares/empty/004_d4.png,empty,004
data/synth_squares/img/sq_03484_r.png,r,synth_054
data/synth_squares/img/sq_01102_B.png,B,synth_017
data/squares/empty/040_h5.png,empty,040
data/squares/N/043_b4.png,N,043
data/squares/empty/014_h4.png,empty,014
data/squares/empty/063_e5.png,empty,063
data/squares/empty/065_c2.png,empty,065
data/synth_squares/img/sq_00200_N.png,N,synth_003
data/squares/empty/038_e3.png,empty,038
data/squares/empty/015_a7.png,empty,015
data/synth_squares/img/sq_03734_Q.png,Q,synth_058
data/synth_squares/img/sq_00665_b.png,b,synth_010
data/synth_squares/img/sq_00397_n.png,n,synth_006
data/squares/empty/021_e1.png,empty,021
data/squares/empty/055_d3.png,empty,055
data/synth_squares/img/sq_02718_k.png,k,synth_042
data/synth_squares/img/sq_00260_n.png,n,synth_004
data/synth_squares/img/sq_02662_B.png,B,synth_041
data/squares/R/038_c2.png,R,038
data/synth_squares/img/sq_03341_B.png,B,synth_052
data/synth_squares/img/sq_00604_k.png,k,synth_009
data/synth_squares/img/sq_00353_p.png,p,synth_005
data/squares/empty/005_c3.png,empty,005
data/squares/empty/033_e4.png,empty,033
data/synth_squares/img/sq_02206_q.png,q,synth_034
data/squares/empty/053_a2.png,empty,053
data/squares/empty/018_f4.png,empty,018
data/synth_squares/img/sq_03461_Q.png,Q,synth_054
data/squares/empty/008_g5.png,empty,008
data/squares/empty/028_e1.png,empty,028
data/synth_squares/img/sq_01164_k.png,k,synth_018
data/squares/empty/018_h2.png,empty,018
data/synth_squares/img/sq_03601_K.png,K,synth_056
data/squares/empty/018_c4.png,empty,018
data/squares/K/039_e3.png,K,039
data/synth_squares/img/sq_01704_p.png,p,synth_026
data/synth_squares/img/sq_02450_K.png,K,synth_038
data/synth_squares/img/sq_03246_B.png,B,synth_050
data/squares/R/020_h8.png,R,020
data/squares/empty/070_h3.png,empty,070
data/synth_squares/img/sq_00428_K.png,K,synth_006
data/synth_squares/img/sq_02429_K.png,K,synth_037
data/synth_squares/img/sq_02220_b.png,b,synth_034
data/synth_squares/img/sq_03812_k.png,k,synth_059
data/synth_squares/img/sq_03518_r.png,r,synth_054
data/squares/empty/024_f3.png,empty,024
data/squares/empty/057_h3.png,empty,057
data/synth_squares/img/sq_01585_n.png,n,synth_024
data/synth_squares/img/sq_02090_R.png,R,synth_032
data/synth_squares/img/sq_02704_R.png,R,synth_042
data/synth_squares/img/sq_01468_Q.png,Q,synth_022
data/squares/empty/043_a3.png,empty,043
data/squares/empty/036_f3.png,empty,036
data/squares/empty/059_d6.png,empty,059
data/synth_squares/img/sq_00714_b.png,b,synth_011
data/squares/N/052_c7.png,N,052
data/squares/empty/020_c8.png,empty,020
data/squares/n/023_e1.png,n,023
data/squares/empty/041_e3.png,empty,041
data/squares/empty/061_c2.png,empty,061
data/synth_squares/img/sq_02453_empty.png,empty,synth_038
data/synth_squares/img/sq_03202_r.png,r,synth_050
data/squares/empty/005_c6.png,empty,005
data/synth_squares/img/sq_01406_q.png,q,synth_021
data/synth_squares/img/sq_02908_P.png,P,synth_045
data/squares/empty/056_c4.png,empty,056
data/synth_squares/img/sq_03416_q.png,q,synth_053
data/synth_squares/img/sq_03495_K.png,K,synth_054
data/squares/empty/031_f8.png,empty,031
data/synth_squares/img/sq_00663_Q.png,Q,synth_010
data/squares/empty/055_b2.png,empty,055
data/synth_squares/img/sq_02507_P.png,P,synth_039
data/synth_squares/img/sq_03325_R.png,R,synth_051
data/squares/empty/035_e3.png,empty,035
data/squares/empty/032_c3.png,empty,032
data/synth_squares/img/sq_02702_q.png,q,synth_042
data/synth_squares/img/sq_03034_P.png,P,synth_047
data/squares/N/068_g3.png,N,068
data/squares/empty/035_g4.png,empty,035
data/squares/R/040_h3.png,R,040
data/squares/empty/015_g5.png,empty,015
data/synth_squares/img/sq_03668_k.png,k,synth_057
data/squares/empty/064_f5.png,empty,064
data/squares/empty/061_f2.png,empty,061
data/squares/empty/067_g4.png,empty,067
data/synth_squares/img/sq_01175_empty.png,empty,synth_018
data/squares/empty/050_f3.png,empty,050
data/squares/empty/038_f7.png,empty,038
data/squares/empty/050_d3.png,empty,050
data/squares/empty/024_c3.png,empty,024
data/synth_squares/img/sq_03892_K.png,K,synth_060
data/synth_squares/img/sq_03211_n.png,n,synth_050
data/synth_squares/img/sq_02494_k.png,k,synth_038
data/squares/empty/047_d1.png,empty,047
data/squares/empty/056_b6.png,empty,056
data/synth_squares/img/sq_03019_r.png,r,synth_047
data/synth_squares/img/sq_01877_B.png,B,synth_029
data/synth_squares/img/sq_00145_B.png,B,synth_002
data/synth_squares/img/sq_03557_q.png,q,synth_055
data/synth_squares/img/sq_00876_n.png,n,synth_013
data/squares/empty/062_g2.png,empty,062
data/squares/empty/054_h6.png,empty,054
data/squares/empty/046_g1.png,empty,046
data/squares/empty/002_h7.png,empty,002
data/synth_squares/img/sq_03474_Q.png,Q,synth_054
data/squares/empty/049_c2.png,empty,049
data/synth_squares/img/sq_00443_N.png,N,synth_006
data/squares/empty/066_e4.png,empty,066
data/synth_squares/img/sq_00809_n.png,n,synth_012
data/squares/empty/035_h2.png,empty,035
data/synth_squares/img/sq_00325_B.png,B,synth_005
data/synth_squares/img/sq_01527_empty.png,empty,synth_023
data/synth_squares/img/sq_01767_q.png,q,synth_027
data/synth_squares/img/sq_03326_R.png,R,synth_051
data/squares/empty/005_h1.png,empty,005
data/squares/empty/040_c6.png,empty,040
data/squares/empty/012_g2.png,empty,012
data/squares/empty/020_e4.png,empty,020
data/squares/B/052_f1.png,B,052
data/synth_squares/img/sq_03149_r.png,r,synth_049
data/squares/empty/044_d1.png,empty,044
data/squares/empty/042_f4.png,empty,042
data/synth_squares/img/sq_01114_R.png,R,synth_017
data/synth_squares/img/sq_01418_p.png,p,synth_022
data/synth_squares/img/sq_00153_b.png,b,synth_002
data/squares/empty/010_b7.png,empty,010
data/squares/r/067_b3.png,r,067
data/squares/empty/067_b1.png,empty,067
data/synth_squares/img/sq_02674_q.png,q,synth_041
data/squares/empty/036_c1.png,empty,036
data/synth_squares/img/sq_00076_k.png,k,synth_001
data/squares/empty/018_d6.png,empty,018
data/synth_squares/img/sq_02803_N.png,N,synth_043
data/synth_squares/img/sq_02982_q.png,q,synth_046
data/squares/empty/046_g7.png,empty,046
data/synth_squares/img/sq_00636_q.png,q,synth_009
data/synth_squares/img/sq_00038_p.png,p,synth_000
data/squares/empty/007_f2.png,empty,007
data/squares/empty/006_f1.png,empty,006
data/synth_squares/img/sq_01300_q.png,q,synth_020
data/squares/N/029_a2.png,N,029
data/squares/empty/033_f1.png,empty,033
data/squares/empty/002_b5.png,empty,002
data/synth_squares/img/sq_02202_k.png,k,synth_034
data/synth_squares/img/sq_01008_R.png,R,synth_015
data/synth_squares/img/sq_03070_r.png,r,synth_047
data/squares/empty/012_f2.png,empty,012
data/synth_squares/img/sq_00032_p.png,p,synth_000
data/squares/empty/065_c4.png,empty,065
data/squares/empty/069_b7.png,empty,069
data/synth_squares/img/sq_03783_R.png,R,synth_059
data/synth_squares/img/sq_03793_K.png,K,synth_059
data/synth_squares/img/sq_00411_k.png,k,synth_006
data/squares/empty/005_e8.png,empty,005
data/squares/empty/067_c2.png,empty,067
data/squares/empty/005_g4.png,empty,005
data/synth_squares/img/sq_00314_K.png,K,synth_004
data/synth_squares/img/sq_00626_P.png,P,synth_009
data/squares/empty/015_f7.png,empty,015
data/squares/empty/073_e4.png,empty,073
data/synth_squares/img/sq_00727_N.png,N,synth_011
data/synth_squares/img/sq_02251_P.png,P,synth_035
data/synth_squares/img/sq_01923_r.png,r,synth_030
data/synth_squares/img/sq_00646_B.png,B,synth_010
data/squares/empty/011_b7.png,empty,011
data/synth_squares/img/sq_02295_n.png,n,synth_035
data/synth_squares/img/sq_01217_K.png,K,synth_019
data/squares/empty/074_f4.png,empty,074
data/squares/empty/074_e8.png,empty,074
data/squares/empty/068_f7.png,empty,068
data/squares/empty/031_c6.png,empty,031
data/synth_squares/img/sq_00901_k.png,k,synth_014
data/squares/empty/074_b3.png,empty,074
data/squares/empty/071_e5.png,empty,071
data/squares/empty/057_g1.png,empty,057
data/squares/empty/054_a6.png,empty,054
data/squares/empty/061_f8.png,empty,061
data/synth_squares/img/sq_03553_N.png,N,synth_055
data/squares/empty/066_h1.png,empty,066
data/squares/empty/005_d5.png,empty,005
data/squares/empty/058_f7.png,empty,058
data/squares/empty/052_h4.png,empty,052
data/squares/empty/005_e4.png,empty,005
data/squares/empty/043_g4.png,empty,043
data/synth_squares/img/sq_00254_b.png,b,synth_003
data/synth_squares/img/sq_01650_Q.png,Q,synth_025
data/synth_squares/img/sq_01265_r.png,r,synth_019
data/squares/empty/062_b6.png,empty,062
data/synth_squares/img/sq_01128_k.png,k,synth_017
data/squares/empty/019_a4.png,empty,019
data/squares/k/024_d2.png,k,024
data/squares/empty/046_c3.png,empty,046
data/synth_squares/img/sq_00684_r.png,r,synth_010
data/synth_squares/img/sq_02489_B.png,B,synth_038
data/squares/N/044_g1.png,N,044
data/squares/empty/031_b1.png,empty,031
data/squares/empty/002_g5.png,empty,002
data/squares/empty/016_f1.png,empty,016
data/squares/empty/043_b6.png,empty,043
data/synth_squares/img/sq_02231_k.png,k,synth_034
data/squares/empty/015_e1.png,empty,015
data/synth_squares/img/sq_01909_K.png,K,synth_029
data/synth_squares/img/sq_01049_b.png,b,synth_016
data/squares/empty/073_g3.png,empty,073
data/squares/empty/038_f2.png,empty,038
data/synth_squares/img/sq_00438_empty.png,empty,synth_006
data/synth_squares/img/sq_00732_N.png,N,synth_011
data/squares/empty/030_c5.png,empty,030
data/squares/empty/012_e7.png,empty,012
data/synth_squares/img/sq_02995_r.png,r,synth_046
data/synth_squares/img/sq_02341_b.png,b,synth_036
data/squares/empty/052_f2.png,empty,052
data/synth_squares/img/sq_01464_r.png,r,synth_022
data/squares/empty/059_f3.png,empty,059
data/synth_squares/img/sq_01634_r.png,r,synth_025
data/squares/empty/037_e3.png,empty,037
data/synth_squares/img/sq_01712_P.png,P,synth_026
data/squares/empty/006_f5.png,empty,006
data/synth_squares/img/sq_02235_N.png,N,synth_034
data/synth_squares/img/sq_02928_P.png,P,synth_045
data/synth_squares/img/sq_00922_empty.png,empty,synth_014
data/squares/empty/004_e5.png,empty,004
data/synth_squares/img/sq_01267_empty.png,empty,synth_019
data/squares/empty/040_e1.png,empty,040
data/synth_squares/img/sq_02335_Q.png,Q,synth_036
data/squares/empty/038_a1.png,empty,038
data/squares/empty/030_f7.png,empty,030
data/synth_squares/img/sq_00857_q.png,q,synth_013
data/synth_squares/img/sq_00282_K.png,K,synth_004
data/synth_squares/img/sq_03273_R.png,R,synth_051
data/synth_squares/img/sq_01070_k.png,k,synth_016
data/squares/empty/035_h3.png,empty,035
data/synth_squares/img/sq_02374_q.png,q,synth_037
data/squares/empty/062_g8.png,empty,062
data/synth_squares/img/sq_01974_p.png,p,synth_030
data/synth_squares/img/sq_00621_N.png,N,synth_009
data/squares/empty/060_e1.png,empty,060
data/squares/empty/069_a1.png,empty,069
data/synth_squares/img/sq_02879_Q.png,Q,synth_044
data/synth_squares/img/sq_03192_empty.png,empty,synth_049
data/synth_squares/img/sq_02242_Q.png,Q,synth_035
data/synth_squares/img/sq_02219_p.png,p,synth_034
data/squares/empty/053_h5.png,empty,053
data/squares/empty/061_a6.png,empty,061
data/squares/k/028_g1.png,k,028
data/squares/empty/010_h3.png,empty,010
data/synth_squares/img/sq_03153_N.png,N,synth_049
data/squares/empty/024_g4.png,empty,024
data/squares/empty/019_f2.png,empty,019
data/synth_squares/img/sq_02244_N.png,N,synth_035
data/squares/empty/004_c2.png,empty,004
data/squares/r/053_h1.png,r,053
data/synth_squares/img/sq_02457_q.png,q,synth_038
data/squares/empty/000_e2.png,empty,000
data/synth_squares/img/sq_01015_k.png,k,synth_015
data/synth_squares/img/sq_03524_k.png,k,synth_055
data/synth_squares/img/sq_03274_empty.png,empty,synth_051
data/squares/empty/001_c1.png,empty,001
data/synth_squares/img/sq_03008_P.png,P,synth_047
data/synth_squares/img/sq_01895_B.png,B,synth_029
data/synth_squares/img/sq_03491_b.png,b,synth_054
data/synth_squares/img/sq_03230_n.png,n,synth_050
data/squares/empty/012_b7.png,empty,012
data/squares/empty/059_h2.png,empty,059
data/synth_squares/img/sq_00028_K.png,K,synth_000
data/synth_squares/img/sq_01042_empty.png,empty,synth_016
data/synth_squares/img/sq_03388_B.png,B,synth_052
data/squares/empty/058_b6.png,empty,058
data/synth_squares/img/sq_03822_K.png,K,synth_059
data/synth_squares/img/sq_01056_K.png,K,synth_016
data/squares/empty/066_e1.png,empty,066
data/synth_squares/img/sq_02815_b.png,b,synth_043
data/squares/empty/074_c2.png,empty,074
data/squares/empty/009_b1.png,empty,009
data/squares/empty/064_h3.png,empty,064
data/synth_squares/img/sq_01432_k.png,k,synth_022
data/synth_squares/img/sq_03020_K.png,K,synth_047
data/squares/empty/046_h2.png,empty,046
data/synth_squares/img/sq_00190_n.png,n,synth_002
data/squares/r/037_d8.png,r,037
data/synth_squares/img/sq_02376_k.png,k,synth_037
data/squares/empty/039_g4.png,empty,039
data/synth_squares/img/sq_02797_n.png,n,synth_043
data/squares/empty/000_d7.png,empty,000
data/squares/empty/044_h8.png,empty,044
data/synth_squares/img/sq_02030_N.png,N,synth_031
data/synth_squares/img/sq_03185_k.png,k,synth_049
data/synth_squares/img/sq_03347_p.png,p,synth_052
data/squares/r/038_g5.png,r,038
data/squares/p/019_h5.png,p,019
data/squares/empty/058_e7.png,empty,058
data/squares/empty/037_a5.png,empty,037
data/synth_squares/img/sq_01116_Q.png,Q,synth_017
data/synth_squares/img/sq_03306_B.png,B,synth_051
data/squares/empty/067_c8.png,empty,067
data/synth_squares/img/sq_03320_p.png,p,synth_051
data/squares/n/065_f5.png,n,065
data/squares/empty/043_h1.png,empty,043
data/synth_squares/img/sq_01754_Q.png,Q,synth_027
data/synth_squares/img/sq_02845_p.png,p,synth_044
data/synth_squares/img/sq_01832_empty.png,empty,synth_028
data/synth_squares/img/sq_01436_empty.png,empty,synth_022
data/squares/empty/060_h4.png,empty,060
data/squares/empty/040_a6.png,empty,040
data/squares/empty/040_b2.png,empty,040
data/synth_squares/img/sq_01925_empty.png,empty,synth_030
data/synth_squares/img/sq_03013_k.png,k,synth_047
data/synth_squares/img/sq_00772_q.png,q,synth_012
data/synth_squares/img/sq_02208_Q.png,Q,synth_034
data/synth_squares/img/sq_02331_B.png,B,synth_036
data/squares/empty/069_g7.png,empty,069
data/squares/empty/036_a7.png,empty,036
data/synth_squares/img/sq_02207_K.png,K,synth_034
data/synth_squares/img/sq_01858_p.png,p,synth_029
data/squares/empty/055_c1.png,empty,055
data/squares/empty/030_d1.png,empty,030
data/synth_squares/img/sq_00969_R.png,R,synth_015
data/synth_squares/img/sq_01846_P.png,P,synth_028
data/synth_squares/img/sq_00213_B.png,B,synth_003
data/squares/empty/039_e2.png,empty,039
data/synth_squares/img/sq_01770_b.png,b,synth_027
data/squares/empty/014_b2.png,empty,014
data/squares/empty/014_d4.png,empty,014
data/squares/empty/068_e5.png,empty,068
data/squares/empty/025_f3.png,empty,025
data/squares/p/047_d2.png,p,047
data/synth_squares/img/sq_02300_empty.png,empty,synth_035
data/squares/empty/070_b5.png,empty,070
data/squares/K/033_c6.png,K,033
data/synth_squares/img/sq_00144_k.png,k,synth_002
data/squares/empty/069_c4.png,empty,069
data/squares/empty/052_b3.png,empty,052
data/squares/empty/021_f2.png,empty,021
data/squares/empty/004_b2.png,empty,004
data/synth_squares/img/sq_00385_n.png,n,synth_006
data/synth_squares/img/sq_01181_n.png,n,synth_018
data/synth_squares/img/sq_00769_empty.png,empty,synth_012
data/squares/empty/009_e2.png,empty,009
data/synth_squares/img/sq_00581_k.png,k,synth_009
data/synth_squares/img/sq_00096_N.png,N,synth_001
data/synth_squares/img/sq_01547_B.png,B,synth_024
data/synth_squares/img/sq_02058_p.png,p,synth_032
data/synth_squares/img/sq_01017_empty.png,empty,synth_015
data/synth_squares/img/sq_01301_b.png,b,synth_020
data/synth_squares/img/sq_02474_b.png,b,synth_038
data/synth_squares/img/sq_00352_r.png,r,synth_005
data/synth_squares/img/sq_02391_N.png,N,synth_037
data/squares/q/062_f2.png,q,062
data/synth_squares/img/sq_02899_r.png,r,synth_045
data/squares/empty/067_b6.png,empty,067
data/squares/empty/003_b1.png,empty,003
data/squares/empty/024_c2.png,empty,024
data/squares/empty/065_f1.png,empty,065
data/squares/empty/050_h3.png,empty,050
data/synth_squares/img/sq_01206_p.png,p,synth_018
data/squares/P/011_e6.png,P,011
data/synth_squares/img/sq_03060_R.png,R,synth_047
data/synth_squares/img/sq_01187_Q.png,Q,synth_018
data/synth_squares/img/sq_01350_P.png,P,synth_021
data/squares/B/029_g5.png,B,029
data/synth_squares/img/sq_01000_N.png,N,synth_015
data/synth_squares/img/sq_00042_K.png,K,synth_000
data/squares/empty/020_f1.png,empty,020
data/squares/empty/015_h4.png,empty,015
data/synth_squares/img/sq_00115_k.png,k,synth_001
data/squares/empty/001_a5.png,empty,001
data/squares/empty/049_c8.png,empty,049
data/squares/empty/029_a5.png,empty,029
data/synth_squares/img/sq_03116_Q.png,Q,synth_048
data/squares/empty/033_f7.png,empty,033
data/squares/empty/055_h1.png,empty,055
data/squares/R/071_b3.png,R,071
data/synth_squares/img/sq_00371_Q.png,Q,synth_005
data/synth_squares/img/sq_02538_r.png,r,synth_039
data/synth_squares/img/sq_03573_k.png,k,synth_055
data/squares/empty/071_b4.png,empty,071
data/squares/empty/066_f8.png,empty,066
data/synth_squares/img/sq_03089_p.png,p,synth_048
data/synth_squares/img/sq_01534_K.png,K,synth_023
data/squares/empty/063_f2.png,empty,063
data/synth_squares/img/sq_02650_p.png,p,synth_041
data/squares/empty/034_g2.png,empty,034
data/squares/empty/014_g1.png,empty,014
data/squares/empty/049_h8.png,empty,049
data/synth_squares/img/sq_03221_R.png,R,synth_050
data/synth_squares/img/sq_01338_Q.png,Q,synth_020
data/squares/empty/032_g5.png,empty,032
data/synth_squares/img/sq_03864_b.png,b,synth_060
data/synth_squares/img/sq_01987_q.png,q,synth_031
data/squares/empty/011_c3.png,empty,011
data/squares/empty/014_c7.png,empty,014
data/squares/empty/001_d6.png,empty,001
data/squares/empty/011_e5.png,empty,011
data/synth_squares/img/sq_02350_R.png,R,synth_036
data/squares/empty/068_c6.png,empty,068
data/synth_squares/img/sq_00001_empty.png,empty,synth_000
data/squares/empty/035_f1.png,empty,035
data/squares/empty/016_b2.png,empty,016
data/squares/empty/005_d4.png,empty,005
data/squares/empty/061_d1.png,empty,061
data/squares/empty/043_f2.png,empty,043
data/squares/empty/056_b7.png,empty,056
data/squares/empty/015_a4.png,empty,015
data/synth_squares/img/sq_03104_n.png,n,synth_048
data/synth_squares/img/sq_03446_Q.png,Q,synth_053
data/synth_squares/img/sq_03203_Q.png,Q,synth_050
data/synth_squares/img/sq_00803_R.png,R,synth_012
data/squares/empty/063_e1.png,empty,063
data/synth_squares/img/sq_00447_P.png,P,synth_006
data/synth_squares/img/sq_02984_B.png,B,synth_046
data/synth_squares/img/sq_02497_N.png,N,synth_039
data/squares/R/002_e7.png,R,002
data/synth_squares/img/sq_01119_R.png,R,synth_017
data/synth_squares/img/sq_00971_k.png,k,synth_015
data/synth_squares/img/sq_01220_n.png,n,synth_019
data/squares/p/068_g5.png,p,068
data/squares/empty/036_e1.png,empty,036
data/synth_squares/img/sq_00599_P.png,P,synth_009
data/squares/empty/011_d6.png,empty,011
data/squares/N/050_b1.png,N,050
data/synth_squares/img/sq_03875_R.png,R,synth_060
data/squares/empty/062_d7.png,empty,062
data/squares/empty/071_d1.png,empty,071
data/synth_squares/img/sq_02154_R.png,R,synth_033
data/synth_squares/img/sq_03550_k.png,k,synth_055
data/squares/empty/035_f7.png,empty,035
data/synth_squares/img/sq_03428_K.png,K,synth_053
data/synth_squares/img/sq_00768_p.png,p,synth_012
data/synth_squares/img/sq_02469_b.png,b,synth_038
data/squares/empty/014_h5.png,empty,014
data/squares/B/069_f8.png,B,069
data/squares/empty/000_e8.png,empty,000
data/synth_squares/img/sq_03048_empty.png,empty,synth_047
data/squares/empty/005_h2.png,empty,005
data/synth_squares/img/sq_00442_empty.png,empty,synth_006
data/squares/empty/068_a6.png,empty,068
data/squares/empty/013_a6.png,empty,013
data/synth_squares/img/sq_01172_empty.png,empty,synth_018
data/squares/empty/053_a4.png,empty,053
data/synth_squares/img/sq_03340_empty.png,empty,synth_052
data/squares/empty/035_c5.png,empty,035
data/squares/empty/007_e3.png,empty,007
data/squares/empty/056_h6.png,empty,056
data/squares/empty/008_a6.png,empty,008
data/synth_squares/img/sq_00898_b.png,b,synth_014
data/synth_squares/img/sq_02322_R.png,R,synth_036
data/squares/B/061_b8.png,B,061
data/squares/empty/014_h8.png,empty,014
data/synth_squares/img/sq_03781_empty.png,empty,synth_059
data/synth_squares/img/sq_01060_N.png,N,synth_016
data/squares/empty/029_g3.png,empty,029
data/squares/empty/045_d8.png,empty,045
data/synth_squares/img/sq_01431_B.png,B,synth_022
data/squares/empty/025_d2.png,empty,025
data/synth_squares/img/sq_02746_P.png,P,synth_042
data/squares/empty/016_h3.png,empty,016
data/squares/empty/066_b6.png,empty,066
data/synth_squares/img/sq_03760_R.png,R,synth_058
data/squares/empty/039_f2.png,empty,039
data/squares/empty/057_d3.png,empty,057
data/synth_squares/img/sq_01488_p.png,p,synth_023
data/squares/R/001_h8.png,R,001
data/squares/b/009_d1.png,b,009
data/squares/B/008_d7.png,B,008
data/squares/b/059_e8.png,b,059
data/squares/empty/007_h5.png,empty,007
data/synth_squares/img/sq_00375_P.png,P,synth_005
data/squares/B/003_d8.png,B,003
data/squares/empty/026_e3.png,empty,026
data/squares/empty/060_d4.png,empty,060
data/squares/P/040_c5.png,P,040
data/squares/empty/034_g3.png,empty,034
data/squares/empty/012_b6.png,empty,012
data/squares/empty/062_b4.png,empty,062
data/squares/empty/074_c4.png,empty,074
data/synth_squares/img/sq_02802_b.png,b,synth_043
data/squares/empty/014_b7.png,empty,014
data/synth_squares/img/sq_02234_B.png,B,synth_034
data/synth_squares/img/sq_01855_R.png,R,synth_028
data/synth_squares/img/sq_00747_q.png,q,synth_011
data/synth_squares/img/sq_01311_B.png,B,synth_020
data/synth_squares/img/sq_01591_p.png,p,synth_024
data/synth_squares/img/sq_00702_K.png,K,synth_010
data/squares/empty/070_g2.png,empty,070
data/squares/empty/050_d4.png,empty,050
data/synth_squares/img/sq_00009_Q.png,Q,synth_000
data/synth_squares/img/sq_01749_empty.png,empty,synth_027
data/squares/empty/016_f8.png,empty,016
data/squares/empty/037_b2.png,empty,037
data/squares/empty/026_g3.png,empty,026
data/synth_squares/img/sq_02102_empty.png,empty,synth_032
data/squares/p/064_b2.png,p,064
data/synth_squares/img/sq_01655_n.png,n,synth_025
data/squares/N/037_a4.png,N,037
data/squares/N/013_b1.png,N,013
data/squares/empty/056_d5.png,empty,056
data/squares/empty/016_a8.png,empty,016
data/synth_squares/img/sq_02151_r.png,r,synth_033
data/synth_squares/img/sq_00059_k.png,k,synth_000
data/squares/empty/031_f1.png,empty,031
data/squares/empty/016_g4.png,empty,016
data/synth_squares/img/sq_02840_p.png,p,synth_044
data/squares/empty/015_g2.png,empty,015
data/squares/empty/070_a3.png,empty,070
data/squares/empty/022_a5.png,empty,022
data/squares/empty/018_c3.png,empty,018
data/squares/n/033_d8.png,n,033
data/squares/Q/056_a3.png,Q,056
data/synth_squares/img/sq_01014_B.png,B,synth_015
data/synth_squares/img/sq_00924_Q.png,Q,synth_014
data/squares/empty/054_d7.png,empty,054
data/synth_squares/img/sq_01346_R.png,R,synth_021
data/synth_squares/img/sq_00678_B.png,B,synth_010
data/synth_squares/img/sq_03513_K.png,K,synth_054
data/squares/empty/000_h8.png,empty,000
data/synth_squares/img/sq_02979_b.png,b,synth_046
data/squares/empty/067_d7.png,empty,067
data/synth_squares/img/sq_03232_q.png,q,synth_050
data/squares/N/021_g4.png,N,021
data/synth_squares/img/sq_01812_Q.png,Q,synth_028
data/synth_squares/img/sq_01293_empty.png,empty,synth_020
data/synth_squares/img/sq_03128_k.png,k,synth_048
data/synth_squares/img/sq_01193_K.png,K,synth_018
data/squares/empty/025_e3.png,empty,025
data/synth_squares/img/sq_01695_empty.png,empty,synth_026
data/squares/empty/041_a7.png,empty,041
data/squares/empty/032_f7.png,empty,032
data/squares/p/012_c3.png,p,012
data/synth_squares/img/sq_02854_R.png,R,synth_044
data/synth_squares/img/sq_03882_K.png,K,synth_060
data/synth_squares/img/sq_03552_q.png,q,synth_055
data/squares/empty/017_a8.png,empty,017
data/squares/k/001_e6.png,k,001
data/squares/empty/073_b6.png,empty,073
data/squares/r/015_a1.png,r,015
data/squares/empty/032_d5.png,empty,032
data/synth_squares/img/sq_02377_k.png,k,synth_037
data/synth_squares/img/sq_03252_p.png,p,synth_050
data/synth_squares/img/sq_01314_k.png,k,synth_020
data/synth_squares/img/sq_01569_R.png,R,synth_024
data/squares/empty/042_b2.png,empty,042
data/squares/empty/026_e1.png,empty,026
data/squares/empty/022_g6.png,empty,022
data/synth_squares/img/sq_00933_Q.png,Q,synth_014
data/squares/empty/063_d3.png,empty,063
data/squares/empty/052_a1.png,empty,052
data/squares/empty/056_f2.png,empty,056
data/squares/empty/030_h2.png,empty,030
data/squares/empty/035_f5.png,empty,035
data/squares/P/054_a7.png,P,054
data/squares/empty/024_a2.png,empty,024
data/squares/r/058_g5.png,r,058
data/squares/R/060_f8.png,R,060
data/squares/empty/029_g2.png,empty,029
data/squares/empty/010_c5.png,empty,010
data/squares/empty/055_b5.png,empty,055
data/squares/empty/071_h7.png,empty,071
data/synth_squares/img/sq_01933_b.png,b,synth_030
data/squares/empty/032_f5.png,empty,032
data/squares/empty/068_e6.png,empty,068
data/squares/empty/028_a8.png,empty,028
data/squares/n/030_b5.png,n,030
data/synth_squares/img/sq_03635_P.png,P,synth_056
data/synth_squares/img/sq_00798_empty.png,empty,synth_012
data/synth_squares/img/sq_02076_Q.png,Q,synth_032
data/squares/empty/045_e2.png,empty,045
data/squares/empty/071_e6.png,empty,071
data/squares/R/039_h1.png,R,039
data/squares/empty/011_b1.png,empty,011
data/squares/R/031_a7.png,R,031
data/synth_squares/img/sq_00951_empty.png,empty,synth_014
data/synth_squares/img/sq_03382_P.png,P,synth_052
data/synth_squares/img/sq_02436_N.png,N,synth_038
data/synth_squares/img/sq_03447_R.png,R,synth_053
data/squares/empty/073_c2.png,empty,073
data/synth_squares/img/sq_01385_p.png,p,synth_021
data/synth_squares/img/sq_00950_r.png,r,synth_014
data/synth_squares/img/sq_03787_k.png,k,synth_059
data/squares/empty/024_h3.png,empty,024
data/squares/empty/026_f4.png,empty,026
data/synth_squares/img/sq_00725_k.png,k,synth_011
data/synth_squares/img/sq_01592_empty.png,empty,synth_024
data/synth_squares/img/sq_03331_empty.png,empty,synth_052
data/synth_squares/img/sq_03642_p.png,p,synth_056
data/squares/empty/019_d6.png,empty,019
data/synth_squares/img/sq_03784_K.png,K,synth_059
data/squares/empty/069_c3.png,empty,069
data/squares/empty/061_a7.png,empty,061
data/squares/K/052_h8.png,K,052
data/squares/empty/034_h4.png,empty,034
data/synth_squares/img/sq_02729_empty.png,empty,synth_042
data/squares/empty/009_d6.png,empty,009
data/synth_squares/img/sq_00368_b.png,b,synth_005
data/synth_squares/img/sq_02472_empty.png,empty,synth_038
data/squares/empty/041_a6.png,empty,041
data/squares/B/071_f8.png,B,071
data/squares/b/014_f2.png,b,014
data/squares/empty/015_e8.png,empty,015
data/synth_squares/img/sq_00709_Q.png,Q,synth_011
data/squares/empty/026_g8.png,empty,026
data/squares/q/046_a6.png,q,046
data/synth_squares/img/sq_00645_k.png,k,synth_010
data/squares/empty/074_d3.png,empty,074
data/synth_squares/img/sq_03774_empty.png,empty,synth_058
data/squares/empty/028_h8.png,empty,028
data/squares/empty/012_f3.png,empty,012
data/squares/empty/054_e4.png,empty,054
data/synth_squares/img/sq_03649_n.png,n,synth_057
data/synth_squares/img/sq_03097_B.png,B,synth_048
data/squares/empty/040_g3.png,empty,040
data/squares/empty/011_f3.png,empty,011
data/squares/empty/002_b2.png,empty,002
data/synth_squares/img/sq_03241_K.png,K,synth_050
data/squares/B/053_e1.png,B,053
data/squares/empty/021_f7.png,empty,021
data/squares/empty/011_d4.png,empty,011
data/squares/empty/066_e2.png,empty,066
data/synth_squares/img/sq_00890_b.png,b,synth_013
data/synth_squares/img/sq_01135_q.png,q,synth_017
data/synth_squares/img/sq_03125_R.png,R,synth_048
data/synth_squares/img/sq_03847_R.png,R,synth_060
data/synth_squares/img/sq_01337_P.png,P,synth_020
data/squares/empty/040_g5.png,empty,040
data/synth_squares/img/sq_01215_q.png,q,synth_018
data/squares/R/029_f1.png,R,029
data/squares/empty/038_e8.png,empty,038
data/squares/empty/045_b6.png,empty,045
data/synth_squares/img/sq_01781_n.png,n,synth_027
data/synth_squares/img/sq_02676_r.png,r,synth_041
data/squares/N/038_h5.png,N,038
data/squares/empty/022_h1.png,empty,022
data/synth_squares/img/sq_01052_K.png,K,synth_016
data/synth_squares/img/sq_00878_Q.png,Q,synth_013
data/squares/empty/067_a3.png,empty,067
data/synth_squares/img/sq_03133_K.png,K,synth_048
data/squares/empty/024_a8.png,empty,024
data/squares/p/052_g4.png,p,052
data/synth_squares/img/sq_02875_N.png,N,synth_044
data/squares/empty/035_g3.png,empty,035
data/synth_squares/img/sq_02818_R.png,R,synth_044
data/squares/empty/020_c7.png,empty,020
data/squares/empty/024_e5.png,empty,024
data/squares/B/059_b8.png,B,059
data/synth_squares/img/sq_03523_R.png,R,synth_055
data/synth_squares/img/sq_00484_empty.png,empty,synth_007
data/squares/empty/026_g7.png,empty,026
data/squares/empty/015_a5.png,empty,015
data/squares/empty/027_b6.png,empty,027
data/squares/empty/028_e7.png,empty,028
data/squares/empty/025_c6.png,empty,025
data/squares/b/019_c6.png,b,019
data/synth_squares/img/sq_03003_R.png,R,synth_046
data/squares/empty/017_h1.png,empty,017
data/synth_squares/img/sq_02089_b.png,b,synth_032
data/squares/empty/017_h6.png,empty,017
data/squares/empty/008_b3.png,empty,008
data/squares/empty/003_c7.png,empty,003
data/squares/empty/057_a7.png,empty,057
data/squares/empty/023_c6.png,empty,023
data/squares/empty/016_g1.png,empty,016
data/synth_squares/img/sq_03886_b.png,b,synth_060
data/squares/empty/061_f3.png,empty,061
data/synth_squares/img/sq_00027_B.png,B,synth_000
data/synth_squares/img/sq_02171_B.png,B,synth_033
data/synth_squares/img/sq_02241_q.png,q,synth_035
data/squares/empty/058_d3.png,empty,058
data/synth_squares/img/sq_03618_P.png,P,synth_056
data/synth_squares/img/sq_00681_K.png,K,synth_010
data/squares/empty/039_e1.png,empty,039
data/squares/empty/008_h2.png,empty,008
data/synth_squares/img/sq_01513_n.png,n,synth_023
data/squares/empty/010_a8.png,empty,010
data/squares/empty/031_e4.png,empty,031
data/squares/empty/069_f5.png,empty,069
data/synth_squares/img/sq_02104_b.png,b,synth_032
data/synth_squares/img/sq_00073_P.png,P,synth_001
data/squares/empty/020_e6.png,empty,020
data/squares/empty/014_a7.png,empty,014
data/synth_squares/img/sq_01234_K.png,K,synth_019
data/synth_squares/img/sq_00799_empty.png,empty,synth_012
data/squares/empty/039_h5.png,empty,039
data/synth_squares/img/sq_03797_empty.png,empty,synth_059
data/synth_squares/img/sq_00526_r.png,r,synth_008
data/squares/empty/047_f7.png,empty,047
data/synth_squares/img/sq_02597_n.png,n,synth_040
data/squares/empty/002_e8.png,empty,002
data/squares/P/022_g2.png,P,022
data/synth_squares/img/sq_02516_R.png,R,synth_039
data/synth_squares/img/sq_02205_k.png,k,synth_034
data/squares/empty/003_a1.png,empty,003
data/synth_squares/img/sq_02024_n.png,n,synth_031
data/squares/empty/042_e2.png,empty,042
data/synth_squares/img/sq_02814_N.png,N,synth_043
data/synth_squares/img/sq_03262_N.png,N,synth_050
data/squares/empty/002_a6.png,empty,002
data/synth_squares/img/sq_01932_R.png,R,synth_030
data/synth_squares/img/sq_02479_p.png,p,synth_038
data/synth_squares/img/sq_00512_R.png,R,synth_008
data/synth_squares/img/sq_03468_b.png,b,synth_054
data/squares/r/009_g1.png,r,009
data/synth_squares/img/sq_01716_k.png,k,synth_026
data/synth_squares/img/sq_01225_N.png,N,synth_019
data/squares/P/061_a4.png,P,061
data/synth_squares/img/sq_03731_r.png,r,synth_058
data/squares/empty/065_h5.png,empty,065
data/squares/n/063_f8.png,n,063
data/squares/empty/070_c6.png,empty,070
data/squares/empty/006_f6.png,empty,006
data/squares/K/056_c7.png,K,056
data/synth_squares/img/sq_01878_k.png,k,synth_029
data/synth_squares/img/sq_01596_K.png,K,synth_024
data/squares/empty/023_c5.png,empty,023
data/synth_squares/img/sq_02876_Q.png,Q,synth_044
data/synth_squares/img/sq_02512_n.png,n,synth_039
data/squares/empty/041_f5.png,empty,041
data/squares/N/019_g8.png,N,019
data/synth_squares/img/sq_03056_b.png,b,synth_047
data/squares/empty/030_h1.png,empty,030
data/synth_squares/img/sq_02406_k.png,k,synth_037
data/squares/empty/040_b6.png,empty,040
data/squares/empty/036_d5.png,empty,036
data/squares/empty/001_g8.png,empty,001
data/squares/empty/001_c8.png,empty,001
data/squares/empty/004_d5.png,empty,004
data/synth_squares/img/sq_01863_q.png,q,synth_029
data/synth_squares/img/sq_02711_empty.png,empty,synth_042
data/squares/empty/033_f6.png,empty,033
data/squares/empty/057_h2.png,empty,057
data/synth_squares/img/sq_00850_B.png,B,synth_013
data/squares/empty/017_g8.png,empty,017
data/synth_squares/img/sq_03030_k.png,k,synth_047
data/squares/empty/070_f7.png,empty,070
data/squares/empty/021_e2.png,empty,021
data/squares/b/020_h5.png,b,020
data/synth_squares/img/sq_02135_k.png,k,synth_033
data/squares/empty/068_f2.png,empty,068
data/synth_squares/img/sq_02741_k.png,k,synth_042
data/synth_squares/img/sq_03142_n.png,n,synth_049
data/squares/empty/068_b2.png,empty,068
data/synth_squares/img/sq_00366_empty.png,empty,synth_005
data/synth_squares/img/sq_03857_b.png,b,synth_060
data/synth_squares/img/sq_00023_K.png,K,synth_000
data/squares/empty/055_c5.png,empty,055
data/synth_squares/img/sq_01451_p.png,p,synth_022
data/squares/empty/057_f6.png,empty,057
data/squares/empty/002_a2.png,empty,002
data/squares/empty/011_e8.png,empty,011
data/squares/empty/057_e1.png,empty,057
data/synth_squares/img/sq_00705_R.png,R,synth_011
data/synth_squares/img/sq_03764_B.png,B,synth_058
data/synth_squares/img/sq_03257_p.png,p,synth_050
data/synth_squares/img/sq_03004_Q.png,Q,synth_046
data/squares/empty/033_f8.png,empty,033
data/squares/empty/049_b4.png,empty,049
data/squares/empty/008_h8.png,empty,008
data/squares/empty/040_f4.png,empty,040
data/squares/empty/002_f2.png,empty,002
data/squares/empty/043_c5.png,empty,043
data/squares/empty/001_f1.png,empty,001
data/squares/empty/073_c1.png,empty,073
data/synth_squares/img/sq_03581_K.png,K,synth_055
data/synth_squares/img/sq_00967_empty.png,empty,synth_015
data/squares/B/001_d8.png,B,001
data/squares/empty/045_h4.png,empty,045
data/squares/empty/010_a5.png,empty,010
data/squares/empty/002_d7.png,empty,002
data/squares/b/048_g1.png,b,048
data/squares/empty/065_g7.png,empty,065
data/squares/empty/054_h5.png,empty,054
data/synth_squares/img/sq_01558_b.png,b,synth_024
data/synth_squares/img/sq_03316_empty.png,empty,synth_051
data/squares/N/063_c5.png,N,063
data/squares/empty/010_h8.png,empty,010
data/synth_squares/img/sq_02892_empty.png,empty,synth_045
data/squares/empty/024_g1.png,empty,024
data/synth_squares/img/sq_01736_B.png,B,synth_027
data/squares/B/034_b8.png,B,034
data/synth_squares/img/sq_00272_Q.png,Q,synth_004
data/squares/empty/007_a8.png,empty,007
data/synth_squares/img/sq_01943_P.png,P,synth_030
data/squares/empty/044_c6.png,empty,044
data/squares/empty/002_g6.png,empty,002
data/squares/empty/050_h6.png,empty,050
data/squares/K/071_f4.png,K,071
data/squares/empty/056_b5.png,empty,056
data/squares/empty/009_b6.png,empty,009
data/squares/empty/024_a3.png,empty,024
data/synth_squares/img/sq_02758_r.png,r,synth_043
data/squares/empty/016_d1.png,empty,016
data/squares/empty/070_h4.png,empty,070
data/squares/empty/017_f8.png,empty,017
data/synth_squares/img/sq_00704_B.png,B,synth_011
data/squares/empty/007_g5.png,empty,007
data/synth_squares/img/sq_00862_R.png,R,synth_013
data/synth_squares/img/sq_00733_K.png,K,synth_011
data/synth_squares/img/sq_02724_q.png,q,synth_042
data/synth_squares/img/sq_03546_Q.png,Q,synth_055
data/synth_squares/img/sq_01286_K.png,K,synth_020
data/squares/empty/045_c3.png,empty,045
data/squares/empty/041_h5.png,empty,041
data/synth_squares/img/sq_02015_Q.png,Q,synth_031
data/squares/empty/045_a1.png,empty,045
data/synth_squares/img/sq_02212_B.png,B,synth_034
data/squares/empty/016_c1.png,empty,016
data/squares/N/039_d5.png,N,039
data/squares/N/066_f4.png,N,066
data/squares/empty/070_b1.png,empty,070
data/synth_squares/img/sq_01572_r.png,r,synth_024
data/squares/K/063_b7.png,K,063
data/squares/empty/068_h8.png,empty,068
data/squares/empty/023_e7.png,empty,023
data/synth_squares/img/sq_02054_Q.png,Q,synth_032
data/squares/empty/013_h4.png,empty,013
data/squares/empty/020_g8.png,empty,020
data/synth_squares/img/sq_00800_b.png,b,synth_012
data/squares/empty/047_e4.png,empty,047
data/synth_squares/img/sq_02546_B.png,B,synth_039
data/squares/empty/071_c2.png,empty,071
data/squares/empty/011_f6.png,empty,011
data/synth_squares/img/sq_00060_N.png,N,synth_000
data/synth_squares/img/sq_02665_k.png,k,synth_041
data/synth_squares/img/sq_02846_Q.png,Q,synth_044
data/squares/empty/041_h4.png,empty,041
data/synth_squares/img/sq_03756_P.png,P,synth_058
data/synth_squares/img/sq_00171_k.png,k,synth_002
data/squares/empty/064_c5.png,empty,064
data/squares/P/044_e4.png,P,044
data/squares/empty/073_d8.png,empty,073
data/squares/empty/018_g2.png,empty,018
data/synth_squares/img/sq_03164_B.png,B,synth_049
data/squares/empty/001_a7.png,empty,001
data/squares/empty/000_e5.png,empty,000
data/synth_squares/img/sq_01329_N.png,N,synth_020
data/squares/empty/073_c6.png,empty,073
data/squares/empty/022_e2.png,empty,022
data/synth_squares/img/sq_00838_K.png,K,synth_013
data/synth_squares/img/sq_01956_empty.png,empty,synth_030
data/synth_squares/img/sq_03383_n.png,n,synth_052
data/squares/empty/059_d7.png,empty,059
data/synth_squares/img/sq_02642_q.png,q,synth_041
data/squares/empty/000_f3.png,empty,000
data/synth_squares/img/sq_03046_n.png,n,synth_047
data/squares/R/025_e1.png,R,025
data/synth_squares/img/sq_00464_empty.png,empty,synth_007
data/squares/B/073_h1.png,B,073
data/squares/b/027_d8.png,b,027
data/squares/B/062_g5.png,B,062
data/squares/R/029_e7.png,R,029
data/synth_squares/img/sq_01125_Q.png,Q,synth_017
data/synth_squares/img/sq_02930_r.png,r,synth_045
data/synth_squares/img/sq_00651_q.png,q,synth_010
data/synth_squares/img/sq_00530_B.png,B,synth_008
data/synth_squares/img/sq_00240_Q.png,Q,synth_003
data/squares/empty/053_c2.png,empty,053
data/squares/P/009_h7.png,P,009
data/squares/empty/036_f6.png,empty,036
data/synth_squares/img/sq_02396_n.png,n,synth_037
data/synth_squares/img/sq_00825_b.png,b,synth_012
data/squares/empty/046_e5.png,empty,046
data/squares/empty/020_f2.png,empty,020
data/squares/empty/024_e6.png,empty,024
data/synth_squares/img/sq_03532_Q.png,Q,synth_055
data/squares/empty/069_e7.png,empty,069
data/synth_squares/img/sq_02085_p.png,p,synth_032
data/squares/empty/031_e6.png,empty,031
data/squares/empty/011_a8.png,empty,011
data/squares/empty/021_a6.png,empty,021
data/synth_squares/img/sq_01188_empty.png,empty,synth_018
data/synth_squares/img/sq_02504_N.png,N,synth_039
data/squares/empty/020_a6.png,empty,020
data/synth_squares/img/sq_01791_p.png,p,synth_027
data/synth_squares/img/sq_02521_empty.png,empty,synth_039
data/synth_squares/img/sq_03111_b.png,b,synth_048
data/squares/empty/062_b1.png,empty,062
data/synth_squares/img/sq_02136_R.png,R,synth_033
data/synth_squares/img/sq_02284_b.png,b,synth_035
data/synth_squares/img/sq_02179_b.png,b,synth_034
data/squares/empty/006_b4.png,empty,006
data/synth_squares/img/sq_01255_p.png,p,synth_019
data/squares/B/033_g1.png,B,033
data/synth_squares/img/sq_01804_B.png,B,synth_028
data/synth_squares/img/sq_01453_r.png,r,synth_022
data/squares/empty/040_a5.png,empty,040
data/synth_squares/img/sq_03517_r.png,r,synth_054
data/squares/empty/013_e6.png,empty,013
data/synth_squares/img/sq_03498_r.png,r,synth_054
data/squares/B/025_e5.png,B,025
data/squares/empty/028_e5.png,empty,028
data/squares/p/019_b4.png,p,019
data/squares/empty/057_b1.png,empty,057
data/synth_squares/img/sq_03891_P.png,P,synth_060
data/squares/empty/053_a5.png,empty,053
data/synth_squares/img/sq_02468_P.png,P,synth_038
data/synth_squares/img/sq_03679_R.png,R,synth_057
data/squares/empty/049_h2.png,empty,049
data/synth_squares/img/sq_02095_N.png,N,synth_032
data/synth_squares/img/sq_03373_N.png,N,synth_052
data/synth_squares/img/sq_03394_empty.png,empty,synth_053
data/synth_squares/img/sq_01733_n.png,n,synth_027
data/squares/empty/058_b5.png,empty,058
data/synth_squares/img/sq_00462_r.png,r,synth_007
data/squares/empty/017_b3.png,empty,017
data/squares/empty/032_a5.png,empty,032
data/synth_squares/img/sq_03798_r.png,r,synth_059
data/squares/empty/036_e3.png,empty,036
data/squares/empty/004_e2.png,empty,004
data/synth_squares/img/sq_01764_R.png,R,synth_027
data/synth_squares/img/sq_01892_q.png,q,synth_029
data/squares/empty/026_c3.png,empty,026
data/synth_squares/img/sq_01105_n.png,n,synth_017
data/squares/empty/066_b5.png,empty,066
data/squares/n/034_d8.png,n,034
data/synth_squares/img/sq_01598_B.png,B,synth_024
data/synth_squares/img/sq_03415_P.png,P,synth_053
data/squares/empty/005_f2.png,empty,005
data/synth_squares/img/sq_00786_n.png,n,synth_012
data/squares/empty/046_h1.png,empty,046
data/squares/q/065_f8.png,q,065
data/squares/empty/004_h4.png,empty,004
data/synth_squares/img/sq_02333_q.png,q,synth_036
data/squares/empty/030_a1.png,empty,030
data/squares/empty/043_f8.png,empty,043
data/squares/empty/008_e6.png,empty,008
data/synth_squares/img/sq_02694_q.png,q,synth_042
data/squares/empty/042_g5.png,empty,042
data/synth_squares/img/sq_00120_q.png,q,synth_001
data/synth_squares/img/sq_00216_n.png,n,synth_003
data/squares/empty/069_a5.png,empty,069
data/synth_squares/img/sq_01583_r.png,r,synth_024
data/squares/empty/030_h3.png,empty,030
data/synth_squares/img/sq_03022_b.png,b,synth_047
data/squares/empty/066_a6.png,empty,066
data/squares/empty/008_h4.png,empty,008
data/synth_squares/img/sq_03010_p.png,p,synth_047
data/squares/empty/049_h4.png,empty,049
data/squares/empty/046_b4.png,empty,046
data/squares/empty/059_b4.png,empty,059
data/squares/empty/055_d7.png,empty,055
data/synth_squares/img/sq_02452_R.png,R,synth_038
data/squares/empty/049_e5.png,empty,049
data/squares/empty/040_c3.png,empty,040
data/squares/empty/022_f2.png,empty,022
data/synth_squares/img/sq_03079_r.png,r,synth_048
data/squares/empty/023_d3.png,empty,023
data/squares/empty/025_h5.png,empty,025
data/squares/empty/045_e5.png,empty,045
data/synth_squares/img/sq_00592_k.png,k,synth_009
data/squares/empty/018_h4.png,empty,018
data/synth_squares/img/sq_02592_q.png,q,synth_040
data/synth_squares/img/sq_01907_B.png,B,synth_029
data/squares/empty/050_c6.png,empty,050
data/synth_squares/img/sq_02535_Q.png,Q,synth_039
data/synth_squares/img/sq_00734_K.png,K,synth_011
data/squares/k/049_f2.png,k,049
data/squares/empty/059_f1.png,empty,059
data/squares/empty/030_b6.png,empty,030
data/squares/empty/068_g2.png,empty,068
data/squares/empty/061_d4.png,empty,061
data/squares/empty/039_f7.png,empty,039
data/squares/empty/058_a5.png,empty,058
data/synth_squares/img/sq_03069_p.png,p,synth_047
data/squares/empty/043_b7.png,empty,043
data/squares/empty/028_h3.png,empty,028
data/squares/empty/074_f6.png,empty,074
data/synth_squares/img/sq_01137_q.png,q,synth_017
data/synth_squares/img/sq_02884_K.png,K,synth_045
data/synth_squares/img/sq_02016_k.png,k,synth_031
data/synth_squares/img/sq_03319_Q.png,Q,synth_051
data/synth_squares/img/sq_03805_r.png,r,synth_059
data/squares/empty/045_h6.png,empty,045
data/squares/empty/074_h3.png,empty,074
data/squares/empty/047_f3.png,empty,047
data/squares/empty/039_h2.png,empty,039
data/squares/p/013_c2.png,p,013
data/squares/empty/028_d3.png,empty,028
data/squares/empty/021_e7.png,empty,021
data/squares/empty/038_b7.png,empty,038
data/squares/empty/056_b1.png,empty,056
data/squares/empty/031_a4.png,empty,031
data/squares/empty/049_g4.png,empty,049
data/synth_squares/img/sq_00311_P.png,P,synth_004
data/synth_squares/img/sq_00425_q.png,q,synth_006
data/squares/empty/058_h8.png,empty,058
data/squares/empty/034_e1.png,empty,034
data/squares/n/014_a6.png,n,014
data/squares/empty/012_c4.png,empty,012
data/squares/empty/065_b6.png,empty,065
data/squares/empty/055_f6.png,empty,055
data/squares/empty/066_h4.png,empty,066
data/squares/empty/066_h2.png,empty,066
data/synth_squares/img/sq_02609_b.png,b,synth_040
data/squares/empty/056_c8.png,empty,056
data/squares/empty/033_d4.png,empty,033
data/squares/empty/016_f6.png,empty,016
data/squares/empty/058_d1.png,empty,058
data/squares/empty/043_e2.png,empty,043
data/synth_squares/img/sq_03887_N.png,N,synth_060
data/synth_squares/img/sq_01415_k.png,k,synth_022
data/synth_squares/img/sq_02217_empty.png,empty,synth_034
data/squares/empty/020_a8.png,empty,020
data/squares/empty/003_h8.png,empty,003
data/synth_squares/img/sq_02419_Q.png,Q,synth_037
data/squares/empty/027_e2.png,empty,027
data/synth_squares/img/sq_02001_r.png,r,synth_031
data/synth_squares/img/sq_01101_K.png,K,synth_017
data/synth_squares/img/sq_03628_B.png,B,synth_056
data/squares/empty/041_f6.png,empty,041
data/squares/empty/053_g3.png,empty,053
data/synth_squares/img/sq_03677_k.png,k,synth_057
data/synth_squares/img/sq_00219_empty.png,empty,synth_003
data/synth_squares/img/sq_03500_b.png,b,synth_054
data/synth_squares/img/sq_01757_r.png,r,synth_027
data/squares/empty/020_g3.png,empty,020
data/synth_squares/img/sq_03590_Q.png,Q,synth_056
data/synth_squares/img/sq_02985_q.png,q,synth_046
data/squares/K/073_b5.png,K,073
data/synth_squares/img/sq_02591_empty.png,empty,synth_040
data/squares/empty/055_a3.png,empty,055
data/squares/empty/032_d1.png,empty,032
data/synth_squares/img/sq_00392_Q.png,Q,synth_006
data/synth_squares/img/sq_01689_k.png,k,synth_026
data/synth_squares/img/sq_02836_b.png,b,synth_044
data/synth_squares/img/sq_02886_r.png,r,synth_045
data/synth_squares/img/sq_00098_empty.png,empty,synth_001
data/synth_squares/img/sq_01151_R.png,R,synth_017
data/squares/empty/023_b6.png,empty,023
data/synth_squares/img/sq_00389_R.png,R,synth_006
data/squares/empty/061_c1.png,empty,061
data/squares/B/032_f6.png,B,032
data/squares/empty/073_d4.png,empty,073
data/synth_squares/img/sq_00848_B.png,B,synth_013
data/synth_squares/img/sq_03071_r.png,r,synth_047
data/synth_squares/img/sq_02562_k.png,k,synth_040
data/synth_squares/img/sq_00319_R.png,R,synth_004
data/synth_squares/img/sq_00143_q.png,q,synth_002
data/squares/empty/005_b1.png,empty,005
data/squares/empty/016_g7.png,empty,016
data/squares/empty/041_d2.png,empty,041
data/squares/K/074_c6.png,K,074
data/squares/empty/074_e3.png,empty,074
data/synth_squares/img/sq_03248_B.png,B,synth_050
data/squares/empty/031_b3.png,empty,031
data/squares/empty/052_b4.png,empty,052
data/squares/empty/018_f8.png,empty,018
data/squares/q/029_e8.png,q,029
data/squares/empty/035_c3.png,empty,035
data/synth_squares/img/sq_03817_B.png,B,synth_059
data/synth_squares/img/sq_01449_Q.png,Q,synth_022
data/synth_squares/img/sq_03356_Q.png,Q,synth_052
data/squares/K/004_d8.png,K,004
data/synth_squares/img/sq_00203_P.png,P,synth_003
data/squares/empty/028_g7.png,empty,028
data/squares/empty/071_d5.png,empty,071
data/synth_squares/img/sq_01546_N.png,N,synth_024
data/squares/empty/071_b7.png,empty,071
data/synth_squares/img/sq_00916_Q.png,Q,synth_014
data/synth_squares/img/sq_00826_p.png,p,synth_012
data/squares/empty/074_e4.png,empty,074
data/squares/b/058_e8.png,b,058
data/squares/r/038_d8.png,r,038
data/squares/P/027_a6.png,P,027
data/synth_squares/img/sq_03654_p.png,p,synth_057
data/synth_squares/img/sq_00938_B.png,B,synth_014
data/synth_squares/img/sq_00228_Q.png,Q,synth_003
data/squares/empty/068_c7.png,empty,068
data/squares/empty/034_c8.png,empty,034
data/squares/b/044_g3.png,b,044
data/squares/empty/023_d2.png,empty,023
data/synth_squares/img/sq_02976_n.png,n,synth_046
data/synth_squares/img/sq_02379_n.png,n,synth_037
data/squares/empty/005_g2.png,empty,005
data/synth_squares/img/sq_03786_q.png,q,synth_059
data/squares/B/013_a4.png,B,013
data/synth_squares/img/sq_02767_empty.png,empty,synth_043
data/squares/empty/052_b1.png,empty,052
data/squares/empty/043_g8.png,empty,043
data/squares/empty/016_d4.png,empty,016
data/squares/empty/035_e5.png,empty,035
data/squares/empty/027_c6.png,empty,027
data/squares/empty/035_a3.png,empty,035
data/squares/empty/015_g8.png,empty,015
data/squares/empty/045_f3.png,empty,045
data/synth_squares/img/sq_00652_q.png,q,synth_010
data/squares/empty/050_h2.png,empty,050
data/synth_squares/img/sq_00012_r.png,r,synth_000
data/squares/empty/019_d2.png,empty,019
data/synth_squares/img/sq_00112_p.png,p,synth_001
data/synth_squares/img/sq_03066_P.png,P,synth_047
data/squares/empty/003_f7.png,empty,003
data/squares/empty/008_e2.png,empty,008
data/squares/empty/062_f1.png,empty,062
data/squares/P/044_d2.png,P,044
data/synth_squares/img/sq_00991_P.png,P,synth_015
data/squares/empty/074_g5.png,empty,074
data/synth_squares/img/sq_03630_empty.png,empty,synth_056
data/squares/empty/048_d7.png,empty,048
data/squares/empty/059_c2.png,empty,059
data/synth_squares/img/sq_03838_r.png,r,synth_059
data/synth_squares/img/sq_02172_q.png,q,synth_033
data/squares/B/045_e8.png,B,045
data/synth_squares/img/sq_03207_R.png,R,synth_050
data/synth_squares/img/sq_01342_R.png,R,synth_020
data/synth_squares/img/sq_00379_p.png,p,synth_005
data/synth_squares/img/sq_02167_B.png,B,synth_033
data/synth_squares/img/sq_00841_P.png,P,synth_013
data/squares/empty/019_e5.png,empty,019
data/squares/empty/047_d5.png,empty,047
data/squares/empty/039_c2.png,empty,039
data/squares/empty/010_b1.png,empty,010
data/squares/empty/028_d6.png,empty,028
data/squares/empty/039_c1.png,empty,039
data/squares/empty/001_e2.png,empty,001
data/synth_squares/img/sq_01107_b.png,b,synth_017
data/squares/R/037_f7.png,R,037
data/squares/empty/049_g5.png,empty,049
data/synth_squares/img/sq_01859_Q.png,Q,synth_029
data/synth_squares/img/sq_03435_R.png,R,synth_053
data/squares/empty/058_c7.png,empty,058
data/synth_squares/img/sq_00963_empty.png,empty,synth_015
data/squares/empty/028_g4.png,empty,028
data/synth_squares/img/sq_02483_k.png,k,synth_038
data/synth_squares/img/sq_03814_B.png,B,synth_059
data/synth_squares/img/sq_03280_b.png,b,synth_051
data/squares/N/013_d8.png,N,013
data/synth_squares/img/sq_03345_r.png,r,synth_052
data/squares/empty/005_a8.png,empty,005
data/synth_squares/img/sq_02515_Q.png,Q,synth_039
data/squares/K/014_c1.png,K,014
data/squares/empty/002_h6.png,empty,002
data/synth_squares/img/sq_02645_Q.png,Q,synth_041
data/squares/r/041_d8.png,r,041
data/squares/b/028_d8.png,b,028
data/squares/empty/001_g1.png,empty,001
data/synth_squares/img/sq_00388_n.png,n,synth_006
data/squares/empty/001_a1.png,empty,001
data/synth_squares/img/sq_02146_p.png,p,synth_033
data/synth_squares/img/sq_00262_b.png,b,synth_004
data/synth_squares/img/sq_00483_B.png,B,synth_007
data/squares/empty/065_f3.png,empty,065
data/squares/empty/036_h4.png,empty,036
data/synth_squares/img/sq_02631_empty.png,empty,synth_041
data/squares/empty/060_f6.png,empty,060
data/squares/empty/006_e8.png,empty,006
data/synth_squares/img/sq_01237_N.png,N,synth_019
data/squares/empty/044_e3.png,empty,044
data/synth_squares/img/sq_03198_n.png,n,synth_049
data/synth_squares/img/sq_03534_N.png,N,synth_055
data/squares/empty/012_g4.png,empty,012
data/squares/empty/066_a8.png,empty,066
data/squares/empty/030_a4.png,empty,030
data/synth_squares/img/sq_03530_b.png,b,synth_055
data/squares/empty/011_b4.png,empty,011
data/squares/p/068_d6.png,p,068
data/synth_squares/img/sq_02100_q.png,q,synth_032
data/squares/empty/073_d3.png,empty,073
data/synth_squares/img/sq_00202_B.png,B,synth_003
data/synth_squares/img/sq_00575_Q.png,Q,synth_008
data/synth_squares/img/sq_01360_n.png,n,synth_021
data/squares/empty/050_g2.png,empty,050
data/squares/empty/005_e5.png,empty,005
data/squares/empty/073_f4.png,empty,073
data/squares/empty/064_a1.png,empty,064
data/synth_squares/img/sq_02369_b.png,b,synth_037
data/squares/r/040_d8.png,r,040
data/synth_squares/img/sq_01938_P.png,P,synth_030
data/squares/empty/034_a4.png,empty,034
data/squares/empty/018_e7.png,empty,018
data/synth_squares/img/sq_01715_n.png,n,synth_026
data/squares/empty/000_a8.png,empty,000
data/squares/empty/070_g8.png,empty,070
data/squares/empty/016_h8.png,empty,016
data/squares/empty/037_b4.png,empty,037
data/synth_squares/img/sq_02683_N.png,N,synth_041
data/synth_squares/img/sq_00288_P.png,P,synth_004
data/squares/empty/036_e6.png,empty,036
data/squares/empty/030_d3.png,empty,030
data/synth_squares/img/sq_00722_K.png,K,synth_011
data/synth_squares/img/sq_00891_b.png,b,synth_013
data/synth_squares/img/sq_02157_p.png,p,synth_033
data/squares/empty/048_c7.png,empty,048
data/synth_squares/img/sq_01287_N.png,N,synth_020
data/synth_squares/img/sq_01210_Q.png,Q,synth_018
data/squares/empty/050_g1.png,empty,050
data/synth_squares/img/sq_00025_n.png,n,synth_000
data/synth_squares/img/sq_01551_B.png,B,synth_024
data/synth_squares/img/sq_01416_p.png,p,synth_022
data/synth_squares/img/sq_02925_r.png,r,synth_045
data/squares/empty/021_c2.png,empty,021
data/squares/empty/036_a8.png,empty,036
data/squares/K/040_d5.png,K,040
data/synth_squares/img/sq_00633_Q.png,Q,synth_009
data/squares/empty/062_d1.png,empty,062
data/synth_squares/img/sq_01744_b.png,b,synth_027
data/squares/empty/000_a7.png,empty,000
data/synth_squares/img/sq_03675_Q.png,Q,synth_057
data/squares/empty/019_h1.png,empty,019
data/squares/empty/019_b1.png,empty,019
data/squares/empty/035_h7.png,empty,035
data/synth_squares/img/sq_03620_p.png,p,synth_056
data/squares/P/020_h7.png,P,020
data/squares/empty/035_c4.png,empty,035
data/squares/empty/043_a8.png,empty,043
data/squares/empty/066_e6.png,empty,066
data/squares/empty/057_c5.png,empty,057
data/synth_squares/img/sq_03253_K.png,K,synth_050
data/synth_squares/img/sq_03492_r.png,r,synth_054
data/synth_squares/img/sq_00321_empty.png,empty,synth_005
data/synth_squares/img/sq_03015_n.png,n,synth_047
data/squares/K/048_e1.png,K,048
data/synth_squares/img/sq_02751_Q.png,Q,synth_042
data/squares/empty/064_h1.png,empty,064
data/squares/empty/035_d2.png,empty,035
data/synth_squares/img/sq_02963_Q.png,Q,synth_046
data/squares/empty/024_e8.png,empty,024
data/squares/empty/007_b5.png,empty,007
data/squares/R/063_h6.png,R,063
data/synth_squares/img/sq_03614_p.png,p,synth_056
data/squares/empty/036_e4.png,empty,036
data/squares/empty/014_b3.png,empty,014
data/synth_squares/img/sq_00107_q.png,q,synth_001
data/squares/empty/063_g1.png,empty,063
data/squares/empty/064_g6.png,empty,064
data/synth_squares/img/sq_00209_r.png,r,synth_003
data/squares/empty/028_b6.png,empty,028
data/synth_squares/img/sq_01714_n.png,n,synth_026
data/squares/empty/020_e7.png,empty,020
data/squares/empty/021_d5.png,empty,021
data/squares/empty/061_f1.png,empty,061
data/synth_squares/img/sq_03368_b.png,b,synth_052
data/squares/empty/049_a1.png,empty,049
data/synth_squares/img/sq_00074_q.png,q,synth_001
data/synth_squares/img/sq_01582_k.png,k,synth_024
data/squares/empty/028_a2.png,empty,028
data/squares/B/063_b8.png,B,063
data/synth_squares/img/sq_00609_empty.png,empty,synth_009
data/squares/empty/050_c4.png,empty,050
data/squares/empty/018_d3.png,empty,018
data/synth_squares/img/sq_02550_b.png,b,synth_039
data/synth_squares/img/sq_02543_B.png,B,synth_039
data/synth_squares/img/sq_02409_n.png,n,synth_037
data/synth_squares/img/sq_01866_n.png,n,synth_029
data/synth_squares/img/sq_03178_N.png,N,synth_049
data/synth_squares/img/sq_03661_N.png,N,synth_057
data/squares/empty/011_c5.png,empty,011
data/synth_squares/img/sq_01828_p.png,p,synth_028
data/squares/n/013_h1.png,n,013
data/squares/n/018_a2.png,n,018
data/squares/p/059_g5.png,p,059
data/synth_squares/img/sq_03802_Q.png,Q,synth_059
data/squares/empty/040_f8.png,empty,040
data/squares/empty/067_g7.png,empty,067
data/squares/empty/012_e8.png,empty,012
data/squares/empty/055_g5.png,empty,055
data/squares/empty/031_e2.png,empty,031
data/synth_squares/img/sq_03067_N.png,N,synth_047
data/synth_squares/img/sq_02347_r.png,r,synth_036
data/squares/empty/045_h8.png,empty,045
data/squares/empty/028_g6.png,empty,028
data/squares/empty/006_g1.png,empty,006
data/synth_squares/img/sq_01473_P.png,P,synth_023
data/synth_squares/img/sq_01504_R.png,R,synth_023
data/squares/k/007_f3.png,k,007
data/squares/K/066_a2.png,K,066
data/squares/empty/027_h3.png,empty,027
data/squares/empty/019_c2.png,empty,019
data/synth_squares/img/sq_03516_Q.png,Q,synth_054
data/synth_squares/img/sq_00102_P.png,P,synth_001
data/squares/B/016_b8.png,B,016
data/synth_squares/img/sq_01885_n.png,n,synth_029
data/synth_squares/img/sq_03561_P.png,P,synth_055
data/synth_squares/img/sq_02196_N.png,N,synth_034
data/synth_squares/img/sq_00347_Q.png,Q,synth_005
data/squares/k/034_e4.png,k,034
data/squares/empty/045_a3.png,empty,045
data/synth_squares/img/sq_00502_k.png,k,synth_007
data/squares/empty/034_b6.png,empty,034
data/squares/B/055_g8.png,B,055
data/squares/empty/054_g8.png,empty,054
data/synth_squares/img/sq_01373_n.png,n,synth_021
data/synth_squares/img/sq_02902_P.png,P,synth_045
data/squares/P/053_f2.png,P,053
data/synth_squares/img/sq_00843_n.png,n,synth_013
data/synth_squares/img/sq_01963_R.png,R,synth_030
data/squares/k/021_h7.png,k,021
data/synth_squares/img/sq_01879_N.png,N,synth_029
data/synth_squares/img/sq_03355_k.png,k,synth_052
data/squares/empty/006_c8.png,empty,006
data/squares/empty/048_h7.png,empty,048
data/squares/empty/026_f2.png,empty,026
data/synth_squares/img/sq_00703_Q.png,Q,synth_010
data/squares/empty/026_a8.png,empty,026
data/squares/empty/009_e1.png,empty,009
data/squares/empty/067_d8.png,empty,067
data/synth_squares/img/sq_00387_q.png,q,synth_006
data/synth_squares/img/sq_02048_p.png,p,synth_032
data/squares/empty/030_c7.png,empty,030
data/squares/empty/066_f5.png,empty,066
data/squares/empty/028_c8.png,empty,028
data/squares/empty/060_c6.png,empty,060
data/synth_squares/img/sq_01997_r.png,r,synth_031
data/synth_squares/img/sq_00743_b.png,b,synth_011
data/synth_squares/img/sq_01629_n.png,n,synth_025
data/squares/R/021_h5.png,R,021
data/synth_squares/img/sq_02233_B.png,B,synth_034
data/synth_squares/img/sq_01019_n.png,n,synth_015
data/synth_squares/img/sq_00126_b.png,b,synth_001
data/synth_squares/img/sq_03433_n.png,n,synth_053
data/synth_squares/img/sq_02303_R.png,R,synth_035
data/synth_squares/img/sq_03897_K.png,K,synth_060
data/squares/empty/022_g1.png,empty,022
data/squares/empty/034_a8.png,empty,034
data/synth_squares/img/sq_03163_empty.png,empty,synth_049
data/squares/empty/049_b7.png,empty,049
data/squares/empty/034_e5.png,empty,034
data/synth_squares/img/sq_00565_P.png,P,synth_008
data/synth_squares/img/sq_01758_b.png,b,synth_027
data/synth_squares/img/sq_03730_r.png,r,synth_058
data/squares/empty/007_g1.png,empty,007
data/squares/empty/030_a3.png,empty,030
data/squares/empty/000_h7.png,empty,000
data/squares/empty/039_c6.png,empty,039
data/squares/empty/031_b2.png,empty,031
data/squares/empty/047_d4.png,empty,047
data/squares/empty/019_d7.png,empty,019
data/synth_squares/img/sq_01731_k.png,k,synth_027
data/synth_squares/img/sq_00309_n.png,n,synth_004
data/synth_squares/img/sq_02495_k.png,k,synth_038
data/squares/empty/004_c7.png,empty,004
data/synth_squares/img/sq_02745_R.png,R,synth_042
data/squares/empty/017_d4.png,empty,017
data/squares/r/043_d7.png,r,043
data/synth_squares/img/sq_01958_k.png,k,synth_030
data/squares/q/021_d7.png,q,021
data/squares/empty/074_h1.png,empty,074
data/squares/empty/003_e1.png,empty,003
data/squares/empty/021_e6.png,empty,021
data/squares/empty/016_b1.png,empty,016
data/squares/empty/005_b5.png,empty,005
data/synth_squares/img/sq_02087_N.png,N,synth_032
data/synth_squares/img/sq_00132_K.png,K,synth_002
data/synth_squares/img/sq_02192_k.png,k,synth_034
data/squares/empty/052_g8.png,empty,052
data/squares/empty/023_a7.png,empty,023
data/squares/empty/009_f4.png,empty,009
data/squares/empty/017_g5.png,empty,017
data/synth_squares/img/sq_02856_n.png,n,synth_044
data/squares/empty/064_c2.png,empty,064
data/squares/empty/038_a2.png,empty,038
data/synth_squares/img/sq_02296_q.png,q,synth_035
data/synth_squares/img/sq_03637_empty.png,empty,synth_056
data/synth_squares/img/sq_01800_q.png,q,synth_028
data/synth_squares/img/sq_00031_n.png,n,synth_000
data/synth_squares/img/sq_00539_empty.png,empty,synth_008
data/synth_squares/img/sq_01229_Q.png,Q,synth_019
data/squares/empty/007_g8.png,empty,007
data/synth_squares/img/sq_00718_K.png,K,synth_011
data/synth_squares/img/sq_01713_b.png,b,synth_026
data/squares/empty/071_f3.png,empty,071
data/squares/k/065_g3.png,k,065
data/squares/empty/059_f6.png,empty,059
data/squares/empty/002_b7.png,empty,002
data/squares/empty/032_f1.png,empty,032
data/squares/P/005_e6.png,P,005
data/squares/empty/016_g8.png,empty,016
data/synth_squares/img/sq_01483_R.png,R,synth_023
data/squares/empty/013_g8.png,empty,013
data/squares/empty/021_e3.png,empty,021
data/squares/empty/015_d7.png,empty,015
data/synth_squares/img/sq_03690_B.png,B,synth_057
data/squares/empty/052_d7.png,empty,052
data/squares/empty/044_a7.png,empty,044
data/squares/b/021_h4.png,b,021
data/synth_squares/img/sq_00333_b.png,b,synth_005
data/synth_squares/img/sq_01399_N.png,N,synth_021
data/squares/empty/065_h1.png,empty,065
data/squares/empty/042_e1.png,empty,042
data/synth_squares/img/sq_00069_P.png,P,synth_001
data/synth_squares/img/sq_03754_Q.png,Q,synth_058
data/squares/empty/039_d7.png,empty,039
data/squares/empty/024_h7.png,empty,024
data/squares/empty/065_d5.png,empty,065
data/squares/empty/020_a2.png,empty,020
data/synth_squares/img/sq_02368_b.png,b,synth_037
data/synth_squares/img/sq_02163_r.png,r,synth_033
data/squares/empty/061_g6.png,empty,061
data/squares/empty/046_g2.png,empty,046
data/squares/empty/029_h4.png,empty,029
data/synth_squares/img/sq_03488_R.png,R,synth_054
data/squares/empty/041_b3.png,empty,041
data/synth_squares/img/sq_00658_b.png,b,synth_010
data/squares/empty/071_f2.png,empty,071
data/synth_squares/img/sq_03256_p.png,p,synth_050
data/synth_squares/img/sq_03127_Q.png,Q,synth_048
data/squares/empty/045_g8.png,empty,045
data/squares/empty/018_d1.png,empty,018
data/squares/empty/069_e2.png,empty,069
data/synth_squares/img/sq_01100_R.png,R,synth_017
data/synth_squares/img/sq_01110_b.png,b,synth_017
data/squares/empty/014_f5.png,empty,014
data/synth_squares/img/sq_01841_b.png,b,synth_028
data/squares/empty/013_a2.png,empty,013
data/synth_squares/img/sq_01918_N.png,N,synth_029
data/synth_squares/img/sq_03062_Q.png,Q,synth_047
data/squares/empty/007_d5.png,empty,007
data/synth_squares/img/sq_02939_q.png,q,synth_045
data/squares/B/006_b8.png,B,006
data/synth_squares/img/sq_02766_P.png,P,synth_043
data/squares/empty/064_h5.png,empty,064
data/synth_squares/img/sq_03418_P.png,P,synth_053
data/squares/empty/011_b3.png,empty,011
data/synth_squares/img/sq_00116_r.png,r,synth_001
data/squares/empty/057_a6.png,empty,057
data/synth_squares/img/sq_01409_N.png,N,synth_022
data/synth_squares/img/sq_00683_p.png,p,synth_010
data/squares/empty/022_c3.png,empty,022
data/squares/b/017_f5.png,b,017
data/synth_squares/img/sq_03533_b.png,b,synth_055
data/squares/empty/001_e4.png,empty,001
data/synth_squares/img/sq_03728_K.png,K,synth_058
data/synth_squares/img/sq_01568_B.png,B,synth_024
data/synth_squares/img/sq_03140_empty.png,empty,synth_049
data/squares/empty/053_g6.png,empty,053
data/synth_squares/img/sq_01459_b.png,b,synth_022
data/squares/empty/067_h6.png,empty,067
data/squares/empty/019_b7.png,empty,019
data/squares/empty/017_c1.png,empty,017
data/synth_squares/img/sq_02789_P.png,P,synth_043
data/synth_squares/img/sq_03567_P.png,P,synth_055
data/synth_squares/img/sq_02124_r.png,r,synth_033
data/synth_squares/img/sq_01604_empty.png,empty,synth_025
data/squares/empty/034_e3.png,empty,034
data/squares/empty/062_b5.png,empty,062
data/squares/empty/067_f4.png,empty,067
data/synth_squares/img/sq_02174_Q.png,Q,synth_033
data/squares/B/024_b8.png,B,024
data/squares/empty/070_e8.png,empty,070
data/squares/empty/052_a4.png,empty,052
data/synth_squares/img/sq_03643_empty.png,empty,synth_056
data/synth_squares/img/sq_02012_K.png,K,synth_031
data/squares/empty/005_h8.png,empty,005
data/squares/empty/063_g7.png,empty,063
data/synth_squares/img/sq_02320_empty.png,empty,synth_036
data/squares/empty/061_e1.png,empty,061
data/squares/empty/034_h7.png,empty,034
data/squares/empty/017_f2.png,empty,017
data/synth_squares/img/sq_00574_b.png,b,synth_008
data/synth_squares/img/sq_01763_b.png,b,synth_027
data/synth_squares/img/sq_01740_N.png,N,synth_027
data/synth_squares/img/sq_01264_Q.png,Q,synth_019
data/squares/empty/036_d1.png,empty,036
data/synth_squares/img/sq_03154_B.png,B,synth_049
data/synth_squares/img/sq_02851_B.png,B,synth_044
data/synth_squares/img/sq_00243_b.png,b,synth_003
data/squares/n/012_f1.png,n,012
data/synth_squares/img/sq_00490_B.png,B,synth_007
data/squares/empty/074_f5.png,empty,074
data/synth_squares/img/sq_00494_N.png,N,synth_007
data/synth_squares/img/sq_01390_Q.png,Q,synth_021
data/squares/empty/064_c4.png,empty,064
data/squares/empty/033_b4.png,empty,033
data/synth_squares/img/sq_01590_n.png,n,synth_024
data/squares/empty/019_d3.png,empty,019
data/squares/empty/068_g8.png,empty,068
data/synth_squares/img/sq_01721_r.png,r,synth_026
data/synth_squares/img/sq_03669_K.png,K,synth_057
data/squares/P/027_g7.png,P,027
data/squares/empty/013_d6.png,empty,013
data/squares/empty/005_d2.png,empty,005
data/squares/empty/010_a7.png,empty,010
data/synth_squares/img/sq_01605_q.png,q,synth_025
data/synth_squares/img/sq_02299_R.png,R,synth_035
data/squares/empty/058_c2.png,empty,058
data/synth_squares/img/sq_00781_q.png,q,synth_012
data/squares/empty/006_h1.png,empty,006
data/squares/b/037_b5.png,b,037
data/squares/empty/070_d8.png,empty,070
data/synth_squares/img/sq_00061_K.png,K,synth_000
data/squares/empty/039_b4.png,empty,039
data/squares/N/050_b5.png,N,050
data/synth_squares/img/sq_00589_p.png,p,synth_009
data/squares/empty/060_c7.png,empty,060
data/squares/empty/055_f8.png,empty,055
data/squares/b/026_d8.png,b,026
data/synth_squares/img/sq_02735_q.png,q,synth_042
data/squares/empty/020_c4.png,empty,020
data/squares/k/073_g5.png,k,073
data/synth_squares/img/sq_02826_Q.png,Q,synth_044
data/squares/empty/071_e7.png,empty,071
data/synth_squares/img/sq_00041_b.png,b,synth_000
data/synth_squares/img/sq_01502_q.png,q,synth_023
data/squares/empty/056_e4.png,empty,056
data/synth_squares/img/sq_03348_R.png,R,synth_052
data/synth_squares/img/sq_00199_r.png,r,synth_003
data/squares/empty/003_f2.png,empty,003
data/squares/r/017_b1.png,r,017
data/synth_squares/img/sq_02932_P.png,P,synth_045
data/squares/empty/014_e2.png,empty,014
data/squares/empty/059_g8.png,empty,059
data/squares/empty/000_b4.png,empty,000
data/squares/empty/003_g6.png,empty,003
data/synth_squares/img/sq_03095_R.png,R,synth_048
data/synth_squares/img/sq_03050_B.png,B,synth_047
data/synth_squares/img/sq_03809_k.png,k,synth_059
data/squares/empty/049_g3.png,empty,049
data/synth_squares/img/sq_03449_r.png,r,synth_053
data/squares/empty/017_g4.png,empty,017
data/synth_squares/img/sq_03575_r.png,r,synth_055
data/synth_squares/img/sq_00310_q.png,q,synth_004
data/synth_squares/img/sq_01927_P.png,P,synth_030
data/squares/empty/035_g2.png,empty,035
data/squares/empty/017_e7.png,empty,017
data/synth_squares/img/sq_03054_empty.png,empty,synth_047
data/squares/empty/045_e3.png,empty,045
data/synth_squares/img/sq_02508_q.png,q,synth_039
data/synth_squares/img/sq_02168_r.png,r,synth_033
data/squares/P/031_h6.png,P,031
data/squares/empty/039_g1.png,empty,039
data/squares/empty/026_a1.png,empty,026
data/synth_squares/img/sq_02904_k.png,k,synth_045
data/squares/empty/040_e2.png,empty,040
data/squares/b/042_h2.png,b,042
data/synth_squares/img/sq_01614_k.png,k,synth_025
data/squares/B/002_b8.png,B,002
data/synth_squares/img/sq_02960_Q.png,Q,synth_046
data/synth_squares/img/sq_03541_P.png,P,synth_055
data/synth_squares/img/sq_03074_K.png,K,synth_048
data/squares/empty/043_a5.png,empty,043
data/squares/empty/027_f3.png,empty,027
data/squares/empty/032_b2.png,empty,032
data/squares/empty/017_c3.png,empty,017
data/synth_squares/img/sq_00064_b.png,b,synth_001
data/synth_squares/img/sq_01803_R.png,R,synth_028
data/synth_squares/img/sq_02568_P.png,P,synth_040
data/squares/empty/039_e5.png,empty,039
data/squares/empty/061_a8.png,empty,061
data/synth_squares/img/sq_01833_k.png,k,synth_028
data/squares/r/003_e4.png,r,003
data/squares/empty/035_e6.png,empty,035
data/synth_squares/img/sq_03105_P.png,P,synth_048
data/synth_squares/img/sq_02031_Q.png,Q,synth_031
data/squares/b/004_c4.png,b,004
data/squares/empty/031_b6.png,empty,031
data/squares/empty/038_g4.png,empty,038
data/synth_squares/img/sq_02837_K.png,K,synth_044
data/squares/empty/071_c7.png,empty,071
data/synth_squares/img/sq_01707_Q.png,Q,synth_026
data/synth_squares/img/sq_00568_p.png,p,synth_008
data/squares/empty/050_g7.png,empty,050
data/squares/empty/048_a2.png,empty,048
data/squares/empty/060_h3.png,empty,060
data/squares/empty/023_c7.png,empty,023
data/squares/empty/004_h6.png,empty,004
data/squares/K/065_c7.png,K,065
data/synth_squares/img/sq_00020_K.png,K,synth_000
data/squares/empty/041_a2.png,empty,041
data/synth_squares/img/sq_02421_r.png,r,synth_037
data/synth_squares/img/sq_02420_N.png,N,synth_037
data/synth_squares/img/sq_03243_n.png,n,synth_050
data/synth_squares/img/sq_02971_p.png,p,synth_046
data/synth_squares/img/sq_02362_N.png,N,synth_036
data/squares/empty/067_a8.png,empty,067
data/synth_squares/img/sq_02011_r.png,r,synth_031
data/synth_squares/img/sq_00068_B.png,B,synth_001
data/synth_squares/img/sq_02703_k.png,k,synth_042
data/squares/empty/042_d2.png,empty,042
data/synth_squares/img/sq_00515_N.png,N,synth_008
data/squares/empty/046_a7.png,empty,046
data/synth_squares/img/sq_02266_K.png,K,synth_035
data/squares/empty/043_b1.png,empty,043
data/squares/empty/038_b1.png,empty,038
data/squares/empty/018_h7.png,empty,018
data/squares/empty/036_d2.png,empty,036
data/squares/empty/073_a5.png,empty,073
data/synth_squares/img/sq_03556_q.png,q,synth_055
data/synth_squares/img/sq_02291_B.png,B,synth_035
data/squares/empty/001_f3.png,empty,001
data/squares/K/018_b6.png,K,018
data/synth_squares/img/sq_00697_q.png,q,synth_010
data/synth_squares/img/sq_00182_r.png,r,synth_002
data/synth_squares/img/sq_03310_empty.png,empty,synth_051
data/synth_squares/img/sq_00644_q.png,q,synth_010
data/squares/empty/003_b4.png,empty,003
data/synth_squares/img/sq_01150_r.png,r,synth_017
data/synth_squares/img/sq_00099_empty.png,empty,synth_001
data/squares/empty/023_b5.png,empty,023
data/synth_squares/img/sq_01076_k.png,k,synth_016
data/synth_squares/img/sq_00416_k.png,k,synth_006
data/synth_squares/img/sq_01016_R.png,R,synth_015
data/squares/empty/013_a3.png,empty,013
data/synth_squares/img/sq_03217_q.png,q,synth_050
data/synth_squares/img/sq_01138_K.png,K,synth_017
data/squares/empty/022_a7.png,empty,022
data/synth_squares/img/sq_00995_q.png,q,synth_015
data/squares/empty/038_c3.png,empty,038
data/squares/empty/019_e6.png,empty,019
data/squares/empty/074_g3.png,empty,074
data/squares/empty/052_c4.png,empty,052
data/synth_squares/img/sq_02214_p.png,p,synth_034
data/squares/empty/074_b6.png,empty,074
data/synth_squares/img/sq_00759_b.png,b,synth_011
data/synth_squares/img/sq_02784_r.png,r,synth_043
data/synth_squares/img/sq_01983_n.png,n,synth_030
data/squares/p/046_g6.png,p,046
data/squares/empty/024_d4.png,empty,024
data/synth_squares/img/sq_02582_k.png,k,synth_040
data/squares/q/025_h8.png,q,025
data/squares/B/036_b8.png,B,036
data/squares/empty/046_b1.png,empty,046
data/squares/empty/011_c8.png,empty,011
data/synth_squares/img/sq_00280_K.png,K,synth_004
data/synth_squares/img/sq_01988_k.png,k,synth_031
data/squares/empty/043_f5.png,empty,043
data/squares/empty/031_g2.png,empty,031
data/squares/empty/058_d6.png,empty,058
data/squares/empty/065_a4.png,empty,065
data/synth_squares/img/sq_02018_R.png,R,synth_031
data/synth_squares/img/sq_01732_r.png,r,synth_027
data/synth_squares/img/sq_01012_r.png,r,synth_015
data/synth_squares/img/sq_00777_Q.png,Q,synth_012
data/squares/empty/005_g6.png,empty,005
data/squares/empty/069_d8.png,empty,069
data/squares/empty/065_b1.png,empty,065
data/synth_squares/img/sq_00983_n.png,n,synth_015
data/squares/empty/011_d5.png,empty,011
data/squares/p/055_a6.png,p,055
data/squares/empty/063_d6.png,empty,063
data/squares/empty/045_e7.png,empty,045
data/synth_squares/img/sq_02722_P.png,P,synth_042
data/squares/empty/047_b5.png,empty,047
data/squares/p/017_h3.png,p,017
data/synth_squares/img/sq_03088_N.png,N,synth_048
data/squares/empty/052_b2.png,empty,052
data/synth_squares/img/sq_03789_p.png,p,synth_059
data/squares/empty/069_f7.png,empty,069
data/squares/empty/039_b3.png,empty,039
data/squares/B/021_b8.png,B,021
data/synth_squares/img/sq_03137_B.png,B,synth_049
data/squares/empty/044_g4.png,empty,044
data/squares/empty/027_b7.png,empty,027
data/squares/N/054_d5.png,N,054
data/squares/empty/030_h7.png,empty,030
data/synth_squares/img/sq_01594_Q.png,Q,synth_024
data/synth_squares/img/sq_03849_R.png,R,synth_060
data/squares/Q/020_b4.png,Q,020
data/squares/N/016_f2.png,N,016
data/synth_squares/img/sq_03761_empty.png,empty,synth_058
data/synth_squares/img/sq_02957_B.png,B,synth_046
data/squares/empty/000_g2.png,empty,000
data/synth_squares/img/sq_03110_empty.png,empty,synth_048
data/squares/empty/046_h7.png,empty,046
data/synth_squares/img/sq_01398_B.png,B,synth_021
data/squares/empty/058_h5.png,empty,058
data/squares/empty/054_d1.png,empty,054
data/squares/Q/042_e8.png,Q,042
data/squares/k/040_f5.png,k,040
data/squares/R/042_f8.png,R,042
data/squares/empty/035_b4.png,empty,035
data/squares/empty/001_g2.png,empty,001
data/synth_squares/img/sq_02440_q.png,q,synth_038
data/synth_squares/img/sq_02705_R.png,R,synth_042
data/synth_squares/img/sq_03212_n.png,n,synth_050
data/squares/empty/071_b5.png,empty,071
data/squares/empty/005_b2.png,empty,005
data/synth_squares/img/sq_01328_K.png,K,synth_020
data/squares/empty/052_h6.png,empty,052
data/synth_squares/img/sq_00885_q.png,q,synth_013
data/synth_squares/img/sq_03506_b.png,b,synth_054
data/synth_squares/img/sq_00980_P.png,P,synth_015
data/squares/empty/071_e4.png,empty,071
data/squares/empty/033_d5.png,empty,033
data/synth_squares/img/sq_02229_empty.png,empty,synth_034
data/squares/empty/018_f3.png,empty,018
data/squares/empty/012_a5.png,empty,012
data/synth_squares/img/sq_01257_b.png,b,synth_019
data/synth_squares/img/sq_03436_R.png,R,synth_053
data/squares/empty/042_c6.png,empty,042
data/squares/empty/021_e8.png,empty,021
data/synth_squares/img/sq_03063_K.png,K,synth_047
data/squares/empty/009_c3.png,empty,009
data/synth_squares/img/sq_00047_k.png,k,synth_000
data/synth_squares/img/sq_02603_Q.png,Q,synth_040
data/squares/empty/073_d2.png,empty,073
data/synth_squares/img/sq_01362_b.png,b,synth_021
data/squares/empty/038_a8.png,empty,038
data/squares/empty/063_b5.png,empty,063
data/squares/empty/073_c7.png,empty,073
data/squares/B/013_b8.png,B,013
data/squares/empty/060_g1.png,empty,060
data/synth_squares/img/sq_03439_n.png,n,synth_053
data/squares/B/044_e8.png,B,044
data/squares/n/069_b3.png,n,069
data/synth_squares/img/sq_00276_n.png,n,synth_004
data/synth_squares/img/sq_03083_K.png,K,synth_048
data/synth_squares/img/sq_03692_K.png,K,synth_057
data/synth_squares/img/sq_02438_K.png,K,synth_038
data/synth_squares/img/sq_01252_q.png,q,synth_019
data/synth_squares/img/sq_02793_K.png,K,synth_043
data/squares/P/032_a6.png,P,032
data/synth_squares/img/sq_01674_r.png,r,synth_026
data/synth_squares/img/sq_01780_p.png,p,synth_027
data/squares/empty/061_c6.png,empty,061
data/synth_squares/img/sq_01755_N.png,N,synth_027
data/squares/empty/041_h3.png,empty,041
data/squares/empty/056_d8.png,empty,056
data/squares/empty/049_d3.png,empty,049
data/synth_squares/img/sq_00959_k.png,k,synth_014
data/synth_squares/img/sq_01401_R.png,R,synth_021
data/synth_squares/img/sq_00384_p.png,p,synth_006
data/synth_squares/img/sq_00056_q.png,q,synth_000
data/squares/Q/011_e4.png,Q,011
data/squares/empty/034_f5.png,empty,034
data/synth_squares/img/sq_03609_P.png,P,synth_056
data/synth_squares/img/sq_02812_R.png,R,synth_043
data/synth_squares/img/sq_01130_P.png,P,synth_017
data/synth_squares/img/sq_02965_q.png,q,synth_046
data/squares/empty/024_c4.png,empty,024
data/synth_squares/img/sq_01842_q.png,q,synth_028
data/synth_squares/img/sq_03374_empty.png,empty,synth_052
data/synth_squares/img/sq_02890_k.png,k,synth_045
data/squares/empty/028_e8.png,empty,028
data/synth_squares/img/sq_00824_p.png,p,synth_012
data/synth_squares/img/sq_00493_empty.png,empty,synth_007
data/squares/empty/022_b3.png,empty,022
data/squares/empty/060_e5.png,empty,060
data/squares/empty/007_c5.png,empty,007
data/squares/empty/020_a1.png,empty,020
data/synth_squares/img/sq_03879_empty.png,empty,synth_060
data/squares/P/061_d7.png,P,061
data/squares/R/024_d8.png,R,024
data/synth_squares/img/sq_00519_B.png,B,synth_008
data/squares/empty/073_b4.png,empty,073
data/synth_squares/img/sq_00472_n.png,n,synth_007
data/synth_squares/img/sq_02464_R.png,R,synth_038
data/synth_squares/img/sq_02681_b.png,b,synth_041
data/squares/n/000_e1.png,n,000
data/squares/k/009_f7.png,k,009
data/squares/empty/057_e3.png,empty,057
data/squares/n/040_g2.png,n,040
data/synth_squares/img/sq_01739_q.png,q,synth_027
data/squares/empty/052_c1.png,empty,052
data/synth_squares/img/sq_01700_n.png,n,synth_026
data/synth_squares/img/sq_03224_k.png,k,synth_050
data/squares/k/018_d4.png,k,018
data/synth_squares/img/sq_01382_k.png,k,synth_021
data/synth_squares/img/sq_00700_empty.png,empty,synth_010
data/squares/empty/068_a7.png,empty,068
data/synth_squares/img/sq_01477_N.png,N,synth_023
data/synth_squares/img/sq_02232_k.png,k,synth_034
data/squares/empty/043_h2.png,empty,043
data/synth_squares/img/sq_03269_k.png,k,synth_051
data/squares/empty/055_e6.png,empty,055
data/squares/empty/061_f5.png,empty,061
data/squares/empty/022_g5.png,empty,022
data/squares/empty/032_c2.png,empty,032
data/squares/Q/015_c2.png,Q,015
data/synth_squares/img/sq_01769_b.png,b,synth_027
data/synth_squares/img/sq_03608_p.png,p,synth_056
data/synth_squares/img/sq_03569_p.png,p,synth_055
data/synth_squares/img/sq_00688_n.png,n,synth_010
data/synth_squares/img/sq_00281_p.png,p,synth_004
data/squares/empty/070_a5.png,empty,070
data/synth_squares/img/sq_01478_n.png,n,synth_023
data/squares/K/069_g2.png,K,069
data/synth_squares/img/sq_00035_k.png,k,synth_000
data/synth_squares/img/sq_01644_P.png,P,synth_025
data/squares/empty/018_c5.png,empty,018
data/squares/empty/029_b1.png,empty,029
data/squares/empty/057_f7.png,empty,057
data/squares/P/020_c3.png,P,020
data/synth_squares/img/sq_00913_B.png,B,synth_014
data/synth_squares/img/sq_03141_P.png,P,synth_049
data/squares/empty/024_b7.png,empty,024
data/squares/B/038_h4.png,B,038
data/squares/empty/038_a6.png,empty,038
data/synth_squares/img/sq_00110_r.png,r,synth_001
data/squares/empty/016_a6.png,empty,016
data/synth_squares/img/sq_01450_P.png,P,synth_022
data/synth_squares/img/sq_00984_P.png,P,synth_015
data/squares/empty/049_d1.png,empty,049
data/squares/empty/004_d3.png,empty,004
data/squares/empty/062_b7.png,empty,062
data/squares/n/060_c2.png,n,060
data/squares/empty/058_d7.png,empty,058
data/squares/empty/013_f3.png,empty,013
data/squares/empty/045_c8.png,empty,045
data/squares/empty/074_e7.png,empty,074
data/squares/empty/067_b4.png,empty,067
data/squares/empty/067_f1.png,empty,067
data/squares/empty/074_b5.png,empty,074
data/squares/empty/065_d2.png,empty,065
data/synth_squares/img/sq_02945_b.png,b,synth_046
data/squares/empty/052_d6.png,empty,052
data/synth_squares/img/sq_02498_N.png,N,synth_039
data/squares/empty/056_h3.png,empty,056
data/synth_squares/img/sq_03162_r.png,r,synth_049
data/squares/empty/046_b3.png,empty,046
data/synth_squares/img/sq_02218_B.png,B,synth_034
data/squares/B/043_c1.png,B,043
data/squares/R/053_e8.png,R,053
data/squares/empty/067_h5.png,empty,067
data/synth_squares/img/sq_03752_R.png,R,synth_058
data/synth_squares/img/sq_02765_K.png,K,synth_043
data/synth_squares/img/sq_02140_N.png,N,synth_033
data/squares/empty/073_g7.png,empty,073
data/squares/B/022_e3.png,B,022
data/synth_squares/img/sq_01682_P.png,P,synth_026
data/squares/empty/042_c4.png,empty,042
data/squares/empty/054_e2.png,empty,054
data/squares/empty/062_b2.png,empty,062
data/squares/empty/058_g6.png,empty,058
data/squares/empty/004_a8.png,empty,004
data/synth_squares/img/sq_00641_p.png,p,synth_010
data/synth_squares/img/sq_03700_b.png,b,synth_057
data/synth_squares/img/sq_00918_r.png,r,synth_014
data/squares/K/054_f2.png,K,054
data/synth_squares/img/sq_01545_N.png,N,synth_024
data/squares/B/069_b8.png,B,069
data/squares/B/013_f8.png,B,013
data/squares/empty/061_a3.png,empty,061
data/synth_squares/img/sq_02074_b.png,b,synth_032
data/synth_squares/img/sq_03186_B.png,B,synth_049
data/squares/empty/074_b4.png,empty,074
data/synth_squares/img/sq_00051_R.png,R,synth_000
data/synth_squares/img/sq_02989_R.png,R,synth_046
data/synth_squares/img/sq_01051_b.png,b,synth_016
data/synth_squares/img/sq_00756_N.png,N,synth_011
data/synth_squares/img/sq_00606_R.png,R,synth_009
data/synth_squares/img/sq_02619_R.png,R,synth_040
data/squares/Q/033_c4.png,Q,033
data/squares/p/070_h6.png,p,070
data/synth_squares/img/sq_02132_R.png,R,synth_033
data/synth_squares/img/sq_00003_B.png,B,synth_000
data/squares/empty/011_h4.png,empty,011
data/synth_squares/img/sq_00989_r.png,r,synth_015
data/synth_squares/img/sq_03413_b.png,b,synth_053
data/synth_squares/img/sq_01213_p.png,p,synth_018
data/squares/empty/046_e3.png,empty,046
data/squares/empty/038_h2.png,empty,038
data/synth_squares/img/sq_01059_P.png,P,synth_016
data/squares/empty/036_c6.png,empty,036
data/squares/empty/024_g8.png,empty,024
data/squares/empty/038_h8.png,empty,038
data/squares/empty/047_g5.png,empty,047
data/squares/empty/007_h1.png,empty,007
data/squares/empty/034_d2.png,empty,034
data/synth_squares/img/sq_01620_P.png,P,synth_025
data/squares/empty/025_g6.png,empty,025
data/squares/empty/073_a2.png,empty,073
data/squares/empty/018_f5.png,empty,018
data/synth_squares/img/sq_03204_empty.png,empty,synth_050
data/synth_squares/img/sq_00045_P.png,P,synth_000
data/synth_squares/img/sq_03889_r.png,r,synth_060
data/squares/empty/073_a3.png,empty,073
data/synth_squares/img/sq_03018_R.png,R,synth_047
data/synth_squares/img/sq_02525_q.png,q,synth_039
data/squares/empty/029_c1.png,empty,029
data/squares/P/002_h2.png,P,002
data/synth_squares/img/sq_01786_n.png,n,synth_027
data/synth_squares/img/sq_00522_empty.png,empty,synth_008
data/synth_squares/img/sq_01850_empty.png,empty,synth_028
data/synth_squares/img/sq_01998_Q.png,Q,synth_031
data/squares/empty/019_a8.png,empty,019
data/synth_squares/img/sq_03540_K.png,K,synth_055
data/synth_squares/img/sq_02035_q.png,q,synth_031
data/squares/k/071_h3.png,k,071
data/squares/empty/053_b7.png,empty,053
data/synth_squares/img/sq_03795_B.png,B,synth_059
data/synth_squares/img/sq_00934_P.png,P,synth_014
data/synth_squares/img/sq_02075_N.png,N,synth_032
data/squares/empty/008_b2.png,empty,008
data/squares/empty/009_c2.png,empty,009
data/squares/empty/000_g3.png,empty,000
data/synth_squares/img/sq_01024_empty.png,empty,synth_016
data/squares/empty/058_h7.png,empty,058
data/synth_squares/img/sq_01316_P.png,P,synth_020
data/synth_squares/img/sq_03697_Q.png,Q,synth_057
data/synth_squares/img/sq_00973_k.png,k,synth_015
data/synth_squares/img/sq_02825_B.png,B,synth_044
data/squares/empty/065_d7.png,empty,065
data/synth_squares/img/sq_01157_P.png,P,synth_018
data/synth_squares/img/sq_00189_k.png,k,synth_002
data/squares/empty/004_f4.png,empty,004
data/synth_squares/img/sq_01939_p.png,p,synth_030
data/squares/empty/015_e6.png,empty,015
data/squares/empty/058_h1.png,empty,058
data/squares/empty/039_b5.png,empty,039
data/synth_squares/img/sq_03188_empty.png,empty,synth_049
data/synth_squares/img/sq_01410_B.png,B,synth_022
data/synth_squares/img/sq_03291_B.png,B,synth_051
data/squares/P/049_d6.png,P,049
data/synth_squares/img/sq_03462_B.png,B,synth_054
data/squares/b/074_g8.png,b,074
data/squares/empty/016_c2.png,empty,016
data/synth_squares/img/sq_03039_b.png,b,synth_047
data/squares/empty/037_g1.png,empty,037
data/squares/P/027_b3.png,P,027
data/squares/empty/044_a5.png,empty,044
data/synth_squares/img/sq_03701_Q.png,Q,synth_057
data/squares/empty/073_e8.png,empty,073
data/squares/empty/041_c2.png,empty,041
data/synth_squares/img/sq_02624_r.png,r,synth_041
data/squares/B/066_g7.png,B,066
data/squares/empty/002_h4.png,empty,002
data/synth_squares/img/sq_00793_R.png,R,synth_012
data/squares/empty/002_g7.png,empty,002
data/squares/empty/043_g6.png,empty,043
data/synth_squares/img/sq_00459_Q.png,Q,synth_007
data/squares/empty/073_c8.png,empty,073
data/squares/empty/040_c7.png,empty,040
data/synth_squares/img/sq_01624_n.png,n,synth_025
data/squares/empty/038_d5.png,empty,038
data/synth_squares/img/sq_03493_r.png,r,synth_054
data/squares/empty/030_b3.png,empty,030
data/synth_squares/img/sq_03703_q.png,q,synth_057
data/synth_squares/img/sq_01986_K.png,K,synth_031
data/synth_squares/img/sq_03645_P.png,P,synth_056
data/squares/empty/044_c2.png,empty,044
data/synth_squares/img/sq_01029_P.png,P,synth_016
data/synth_squares/img/sq_00928_empty.png,empty,synth_014
data/squares/empty/020_f7.png,empty,020
data/squares/empty/042_d7.png,empty,042
data/squares/P/015_c6.png,P,015
data/squares/empty/061_h1.png,empty,061
data/squares/empty/031_d5.png,empty,031
data/synth_squares/img/sq_03114_Q.png,Q,synth_048
data/synth_squares/img/sq_03335_n.png,n,synth_052
data/synth_squares/img/sq_00538_K.png,K,synth_008
data/synth_squares/img/sq_01474_P.png,P,synth_023
data/squares/empty/027_f6.png,empty,027
data/squares/empty/030_c2.png,empty,030
data/squares/n/034_g4.png,n,034
data/squares/empty/069_g1.png,empty,069
data/synth_squares/img/sq_03036_P.png,P,synth_047
data/squares/empty/063_f1.png,empty,063
data/synth_squares/img/sq_02700_k.png,k,synth_042
data/synth_squares/img/sq_01741_K.png,K,synth_027
data/synth_squares/img/sq_02808_empty.png,empty,synth_043
data/synth_squares/img/sq_00365_n.png,n,synth_005
data/squares/empty/016_f4.png,empty,016
data/squares/b/055_e8.png,b,055
data/synth_squares/img/sq_03511_r.png,r,synth_054
data/squares/empty/034_f3.png,empty,034
data/squares/empty/074_d5.png,empty,074
data/synth_squares/img/sq_00791_p.png,p,synth_012
data/synth_squares/img/sq_00994_K.png,K,synth_015
data/squares/empty/073_d5.png,empty,073
data/synth_squares/img/sq_03292_k.png,k,synth_051
data/synth_squares/img/sq_01914_r.png,r,synth_029
data/synth_squares/img/sq_01268_p.png,p,synth_019
data/synth_squares/img/sq_01498_Q.png,Q,synth_023
data/synth_squares/img/sq_03146_B.png,B,synth_049
data/squares/B/067_b8.png,B,067
data/squares/empty/037_e7.png,empty,037
data/squares/empty/066_a1.png,empty,066
data/squares/empty/060_g3.png,empty,060
data/synth_squares/img/sq_00338_N.png,N,synth_005
data/squares/empty/061_h6.png,empty,061
data/squares/k/068_h1.png,k,068
data/synth_squares/img/sq_00078_p.png,p,synth_001
data/synth_squares/img/sq_01991_q.png,q,synth_031
data/squares/empty/054_a1.png,empty,054
data/squares/empty/033_e5.png,empty,033
data/squares/empty/073_h4.png,empty,073
data/synth_squares/img/sq_03244_k.png,k,synth_050
data/synth_squares/img/sq_01586_Q.png,Q,synth_024
data/synth_squares/img/sq_00887_k.png,k,synth_013
data/squares/empty/008_a5.png,empty,008
data/synth_squares/img/sq_02178_empty.png,empty,synth_034
data/squares/p/062_a6.png,p,062
data/synth_squares/img/sq_02649_N.png,N,synth_041
data/squares/empty/029_f6.png,empty,029
data/synth_squares/img/sq_03047_R.png,R,synth_047
data/synth_squares/img/sq_00070_R.png,R,synth_001
data/synth_squares/img/sq_03455_R.png,R,synth_053
data/squares/empty/041_f1.png,empty,041
data/squares/b/044_b6.png,b,044
data/synth_squares/img/sq_01814_K.png,K,synth_028
data/squares/empty/044_g7.png,empty,044
data/squares/N/068_f3.png,N,068
data/squares/empty/066_h7.png,empty,066
data/synth_squares/img/sq_00491_K.png,K,synth_007
data/synth_squares/img/sq_02007_r.png,r,synth_031
data/squares/empty/036_e7.png,empty,036
data/squares/empty/010_a1.png,empty,010
data/squares/empty/074_c3.png,empty,074
data/squares/empty/053_h6.png,empty,053
data/synth_squares/img/sq_02408_b.png,b,synth_037
data/synth_squares/img/sq_02364_B.png,B,synth_036
data/synth_squares/img/sq_03219_r.png,r,synth_050
data/synth_squares/img/sq_01073_n.png,n,synth_016
data/synth_squares/img/sq_03544_N.png,N,synth_055
data/synth_squares/img/sq_01680_K.png,K,synth_026
data/squares/empty/057_h5.png,empty,057
data/synth_squares/img/sq_01908_r.png,r,synth_029
data/synth_squares/img/sq_01324_p.png,p,synth_020
data/squares/p/063_g2.png,p,063
data/synth_squares/img/sq_02476_p.png,p,synth_038
data/squares/empty/046_g5.png,empty,046
data/synth_squares/img/sq_01230_b.png,b,synth_019
data/squares/empty/031_c1.png,empty,031
data/squares/empty/024_h8.png,empty,024
data/squares/empty/070_a6.png,empty,070
data/synth_squares/img/sq_00952_p.png,p,synth_014
data/synth_squares/img/sq_01454_n.png,n,synth_022
data/squares/empty/034_f4.png,empty,034
data/squares/N/006_h7.png,N,006
data/squares/P/022_f4.png,P,022
data/synth_squares/img/sq_01367_P.png,P,synth_021
data/synth_squares/img/sq_01364_empty.png,empty,synth_021
data/synth_squares/img/sq_00968_K.png,K,synth_015
data/synth_squares/img/sq_00977_R.png,R,synth_015
data/synth_squares/img/sq_01112_b.png,b,synth_017
data/synth_squares/img/sq_01155_q.png,q,synth_018
data/squares/empty/032_g2.png,empty,032
data/synth_squares/img/sq_02107_Q.png,Q,synth_032
data/squares/empty/053_c7.png,empty,053
data/squares/empty/030_e7.png,empty,030
data/squares/B/055_b8.png,B,055
data/synth_squares/img/sq_01509_B.png,B,synth_023
data/squares/empty/070_f3.png,empty,070
data/synth_squares/img/sq_00178_b.png,b,synth_002
data/synth_squares/img/sq_02710_B.png,B,synth_042
data/squares/empty/029_d1.png,empty,029
data/synth_squares/img/sq_03876_p.png,p,synth_060
data/synth_squares/img/sq_02549_B.png,B,synth_039
data/synth_squares/img/sq_00050_r.png,r,synth_000
data/squares/empty/071_f7.png,empty,071
data/synth_squares/img/sq_00771_empty.png,empty,synth_012
data/synth_squares/img/sq_01428_b.png,b,synth_022
data/squares/empty/066_f1.png,empty,066
data/synth_squares/img/sq_01883_K.png,K,synth_029
data/squares/empty/074_h8.png,empty,074
data/squares/empty/015_e7.png,empty,015
data/synth_squares/img/sq_01344_n.png,n,synth_021
data/squares/empty/024_g7.png,empty,024
data/squares/empty/056_f4.png,empty,056
data/synth_squares/img/sq_01141_N.png,N,synth_017
data/squares/empty/001_b7.png,empty,001
data/synth_squares/img/sq_00088_P.png,P,synth_001
data/squares/empty/054_d2.png,empty,054
data/synth_squares/img/sq_00181_B.png,B,synth_002
data/squares/empty/017_b7.png,empty,017
data/squares/empty/002_b4.png,empty,002
data/squares/empty/018_a1.png,empty,018
data/squares/empty/059_f7.png,empty,059
data/synth_squares/img/sq_02731_k.png,k,synth_042
data/squares/empty/053_b1.png,empty,053
data/squares/empty/036_b5.png,empty,036
data/synth_squares/img/sq_03225_B.png,B,synth_050
data/synth_squares/img/sq_03863_Q.png,Q,synth_060
data/synth_squares/img/sq_00988_r.png,r,synth_015
data/squares/empty/064_d7.png,empty,064
data/synth_squares/img/sq_02449_p.png,p,synth_038
data/squares/B/044_b8.png,B,044
data/squares/r/037_f8.png,r,037
data/squares/empty/063_g6.png,empty,063
data/synth_squares/img/sq_03400_b.png,b,synth_053
data/squares/empty/002_a4.png,empty,002
data/squares/empty/064_e7.png,empty,064
data/synth_squares/img/sq_01681_p.png,p,synth_026
data/squares/empty/003_d3.png,empty,003
data/squares/empty/047_h7.png,empty,047
data/squares/empty/061_c8.png,empty,061
data/synth_squares/img/sq_03871_K.png,K,synth_060
data/squares/empty/041_f8.png,empty,041
data/synth_squares/img/sq_00252_n.png,n,synth_003
data/synth_squares/img/sq_00103_q.png,q,synth_001
data/synth_squares/img/sq_00520_r.png,r,synth_008
data/squares/empty/026_d5.png,empty,026
data/synth_squares/img/sq_02936_b.png,b,synth_045
data/synth_squares/img/sq_00008_b.png,b,synth_000
data/squares/empty/031_a8.png,empty,031
data/synth_squares/img/sq_01413_B.png,B,synth_022
data/squares/empty/028_a7.png,empty,028
data/synth_squares/img/sq_03636_N.png,N,synth_056
data/squares/empty/002_c7.png,empty,002
data/synth_squares/img/sq_02534_Q.png,Q,synth_039
data/synth_squares/img/sq_02891_N.png,N,synth_045
data/synth_squares/img/sq_00653_empty.png,empty,synth_010
data/squares/empty/024_g5.png,empty,024
data/synth_squares/img/sq_03852_empty.png,empty,synth_060
data/synth_squares/img/sq_03464_b.png,b,synth_054
data/synth_squares/img/sq_03344_N.png,N,synth_052
data/synth_squares/img/sq_00815_k.png,k,synth_012
data/squares/empty/021_b1.png,empty,021
data/squares/empty/025_b5.png,empty,025
data/squares/empty/053_e6.png,empty,053
data/squares/empty/002_g2.png,empty,002
data/synth_squares/img/sq_03352_empty.png,empty,synth_052
data/squares/empty/059_d3.png,empty,059
data/squares/empty/066_c2.png,empty,066
data/synth_squares/img/sq_01904_Q.png,Q,synth_029
data/squares/empty/022_f7.png,empty,022
data/squares/K/029_a6.png,K,029
data/synth_squares/img/sq_00795_r.png,r,synth_012
data/synth_squares/img/sq_02153_R.png,R,synth_033
data/synth_squares/img/sq_03399_q.png,q,synth_053
data/squares/empty/066_h6.png,empty,066
data/squares/empty/064_h7.png,empty,064
data/squares/empty/006_d5.png,empty,006
data/synth_squares/img/sq_02684_r.png,r,synth_041
data/synth_squares/img/sq_00030_P.png,P,synth_000
data/squares/empty/053_d7.png,empty,053
data/squares/empty/046_a4.png,empty,046
data/squares/empty/021_e4.png,empty,021
data/synth_squares/img/sq_00180_k.png,k,synth_002
data/synth_squares/img/sq_01086_R.png,R,synth_016
data/synth_squares/img/sq_02103_K.png,K,synth_032
data/synth_squares/img/sq_02994_b.png,b,synth_046
data/squares/empty/007_h2.png,empty,007
data/synth_squares/img/sq_00475_q.png,q,synth_007
data/synth_squares/img/sq_01668_b.png,b,synth_026
data/squares/empty/015_h1.png,empty,015
data/squares/empty/040_h7.png,empty,040
data/synth_squares/img/sq_02865_P.png,P,synth_044
data/synth_squares/img/sq_01597_P.png,P,synth_024
data/synth_squares/img/sq_00657_b.png,b,synth_010
data/synth_squares/img/sq_00981_K.png,K,synth_015
data/squares/empty/013_d3.png,empty,013
data/squares/empty/006_e7.png,empty,006
data/synth_squares/img/sq_01361_P.png,P,synth_021
data/synth_squares/img/sq_02301_K.png,K,synth_035
data/synth_squares/img/sq_00356_B.png,B,synth_005
data/synth_squares/img/sq_03699_B.png,B,synth_057
data/squares/empty/036_f2.png,empty,036
data/squares/empty/028_g5.png,empty,028
data/synth_squares/img/sq_00861_K.png,K,synth_013
data/squares/empty/020_a4.png,empty,020
data/squares/empty/006_d3.png,empty,006
data/synth_squares/img/sq_01564_q.png,q,synth_024
data/squares/P/019_a6.png,P,019
data/synth_squares/img/sq_01053_R.png,R,synth_016
data/synth_squares/img/sq_01970_n.png,n,synth_030
data/squares/empty/065_h6.png,empty,065
data/squares/empty/021_d3.png,empty,021
data/synth_squares/img/sq_01827_n.png,n,synth_028
data/squares/empty/057_d2.png,empty,057
data/squares/N/011_e1.png,N,011
data/synth_squares/img/sq_01003_N.png,N,synth_015
data/synth_squares/img/sq_01972_B.png,B,synth_030
data/squares/empty/039_e7.png,empty,039
data/synth_squares/img/sq_02388_r.png,r,synth_037
data/synth_squares/img/sq_01277_N.png,N,synth_019
data/squares/empty/038_a4.png,empty,038
data/squares/empty/009_b3.png,empty,009
data/synth_squares/img/sq_00284_n.png,n,synth_004
data/synth_squares/img/sq_01750_Q.png,Q,synth_027
data/squares/empty/054_g4.png,empty,054
data/squares/k/036_f1.png,k,036
data/squares/empty/047_c5.png,empty,047
data/squares/K/021_d1.png,K,021
data/squares/empty/028_c2.png,empty,028
data/squares/empty/031_e5.png,empty,031
data/squares/empty/044_f3.png,empty,044
data/synth_squares/img/sq_02721_q.png,q,synth_042
data/squares/empty/026_h6.png,empty,026
data/squares/empty/005_d1.png,empty,005
data/synth_squares/img/sq_01284_N.png,N,synth_020
data/synth_squares/img/sq_01394_p.png,p,synth_021
data/synth_squares/img/sq_03006_n.png,n,synth_046
data/synth_squares/img/sq_00435_P.png,P,synth_006
data/squares/empty/039_d6.png,empty,039
data/squares/p/059_f2.png,p,059
data/synth_squares/img/sq_01643_k.png,k,synth_025
data/synth_squares/img/sq_02680_K.png,K,synth_041
data/squares/empty/048_d4.png,empty,048
data/squares/empty/006_a3.png,empty,006
data/squares/empty/044_h3.png,empty,044
data/squares/P/058_h2.png,P,058
data/squares/empty/061_e7.png,empty,061
data/squares/empty/059_a7.png,empty,059
data/squares/empty/068_h2.png,empty,068
data/synth_squares/img/sq_01218_K.png,K,synth_019
data/synth_squares/img/sq_02863_r.png,r,synth_044
data/squares/b/001_a2.png,b,001
data/squares/empty/014_g7.png,empty,014
data/synth_squares/img/sq_02764_P.png,P,synth_043
data/squares/empty/042_a8.png,empty,042
data/squares/empty/054_f3.png,empty,054
data/squares/empty/036_e2.png,empty,036
data/squares/empty/029_a1.png,empty,029
data/synth_squares/img/sq_02847_P.png,P,synth_044
data/synth_squares/img/sq_03678_p.png,p,synth_057
data/squares/B/061_c7.png,B,061
data/synth_squares/img/sq_02005_R.png,R,synth_031
data/squares/empty/050_c2.png,empty,050
data/squares/empty/043_d6.png,empty,043
data/squares/empty/047_e3.png,empty,047
data/synth_squares/img/sq_01718_empty.png,empty,synth_026
data/synth_squares/img/sq_01542_q.png,q,synth_024
data/squares/empty/066_h5.png,empty,066
data/squares/empty/021_g3.png,empty,021
data/synth_squares/img/sq_03578_p.png,p,synth_055
data/synth_squares/img/sq_00953_P.png,P,synth_014
data/synth_squares/img/sq_00002_B.png,B,synth_000
data/squares/empty/054_g2.png,empty,054
data/synth_squares/img/sq_01452_B.png,B,synth_022
data/synth_squares/img/sq_02277_n.png,n,synth_035
data/synth_squares/img/sq_03512_N.png,N,synth_054
data/squares/empty/047_d3.png,empty,047
data/squares/empty/049_a4.png,empty,049
data/squares/empty/040_g7.png,empty,040
data/squares/empty/019_b3.png,empty,019
data/squares/empty/066_g1.png,empty,066
data/squares/empty/003_h5.png,empty,003
data/squares/empty/026_f1.png,empty,026
data/synth_squares/img/sq_02839_B.png,B,synth_044
data/synth_squares/img/sq_02968_P.png,P,synth_046
data/squares/empty/012_e4.png,empty,012
data/synth_squares/img/sq_01226_r.png,r,synth_019
data/squares/empty/002_e2.png,empty,002
data/synth_squares/img/sq_03157_P.png,P,synth_049
data/squares/empty/035_f6.png,empty,035
data/synth_squares/img/sq_03317_K.png,K,synth_051
data/synth_squares/img/sq_03080_q.png,q,synth_048
data/synth_squares/img/sq_03723_B.png,B,synth_058
data/synth_squares/img/sq_01929_empty.png,empty,synth_030
data/squares/empty/062_h1.png,empty,062
data/squares/empty/064_h6.png,empty,064
data/synth_squares/img/sq_01457_Q.png,Q,synth_022
data/synth_squares/img/sq_00758_r.png,r,synth_011
data/synth_squares/img/sq_01669_empty.png,empty,synth_026
data/squares/empty/050_a4.png,empty,050
data/squares/B/035_b8.png,B,035
data/synth_squares/img/sq_01851_K.png,K,synth_028
data/squares/empty/053_a3.png,empty,053
data/synth_squares/img/sq_02149_k.png,k,synth_033
data/squares/empty/011_g1.png,empty,011
data/squares/empty/042_c3.png,empty,042
data/synth_squares/img/sq_01648_P.png,P,synth_025
data/synth_squares/img/sq_03023_K.png,K,synth_047
data/synth_squares/img/sq_01505_N.png,N,synth_023
data/synth_squares/img/sq_03706_b.png,b,synth_057
data/synth_squares/img/sq_03395_b.png,b,synth_053
data/squares/empty/010_f7.png,empty,010
data/synth_squares/img/sq_00268_p.png,p,synth_004
data/synth_squares/img/sq_02547_q.png,q,synth_039
data/synth_squares/img/sq_03297_p.png,p,synth_051
data/synth_squares/img/sq_03236_B.png,B,synth_050
data/synth_squares/img/sq_03451_r.png,r,synth_053
data/squares/N/009_d7.png,N,009
data/synth_squares/img/sq_00463_b.png,b,synth_007
data/synth_squares/img/sq_01848_K.png,K,synth_028
data/synth_squares/img/sq_03171_R.png,R,synth_049
data/squares/empty/036_h7.png,empty,036
data/synth_squares/img/sq_01566_k.png,k,synth_024
data/squares/empty/074_d6.png,empty,074
data/synth_squares/img/sq_03848_Q.png,Q,synth_060
data/synth_squares/img/sq_01692_empty.png,empty,synth_026
data/squares/empty/009_a4.png,empty,009
data/squares/empty/002_e3.png,empty,002
data/squares/empty/042_g1.png,empty,042
data/squares/B/056_b8.png,B,056
data/squares/empty/003_a7.png,empty,003
data/synth_squares/img/sq_01915_b.png,b,synth_029
data/synth_squares/img/sq_03313_p.png,p,synth_051
data/synth_squares/img/sq_01809_P.png,P,synth_028
data/squares/empty/065_e5.png,empty,065
data/synth_squares/img/sq_03099_N.png,N,synth_048
data/synth_squares/img/sq_00323_N.png,N,synth_005
data/synth_squares/img/sq_00092_p.png,p,synth_001
data/squares/b/024_d3.png,b,024
data/squares/p/010_b5.png,p,010
data/squares/empty/000_c1.png,empty,000
data/synth_squares/img/sq_00470_n.png,n,synth_007
data/synth_squares/img/sq_02290_empty.png,empty,synth_035
data/squares/B/023_b8.png,B,023
data/synth_squares/img/sq_01485_q.png,q,synth_023
data/synth_squares/img/sq_00418_R.png,R,synth_006
data/squares/empty/022_h4.png,empty,022
data/squares/n/033_h4.png,n,033
data/squares/empty/033_c3.png,empty,033
data/synth_squares/img/sq_02503_p.png,p,synth_039
data/synth_squares/img/sq_01613_r.png,r,synth_025
data/synth_squares/img/sq_01133_empty.png,empty,synth_017
data/synth_squares/img/sq_02626_K.png,K,synth_041
data/synth_squares/img/sq_01009_B.png,B,synth_015
data/synth_squares/img/sq_02761_empty.png,empty,synth_043
data/synth_squares/img/sq_02236_n.png,n,synth_034
data/synth_squares/img/sq_02267_Q.png,Q,synth_035
data/squares/empty/009_g5.png,empty,009
data/squares/empty/058_e3.png,empty,058
data/squares/empty/056_c2.png,empty,056
data/synth_squares/img/sq_01759_P.png,P,synth_027
data/squares/empty/001_f7.png,empty,001
data/synth_squares/img/sq_03250_p.png,p,synth_050
data/squares/empty/050_g6.png,empty,050
data/squares/empty/021_d4.png,empty,021
data/synth_squares/img/sq_01123_p.png,p,synth_017
data/squares/empty/035_b5.png,empty,035
data/squares/empty/017_b2.png,empty,017
data/synth_squares/img/sq_02286_b.png,b,synth_035
data/synth_squares/img/sq_02898_B.png,B,synth_045
data/squares/k/069_h8.png,k,069
data/squares/empty/059_c4.png,empty,059
data/synth_squares/img/sq_03823_R.png,R,synth_059
data/synth_squares/img/sq_02559_k.png,k,synth_039
data/squares/empty/031_c7.png,empty,031
data/synth_squares/img/sq_00426_n.png,n,synth_006
data/squares/empty/009_h6.png,empty,009
data/squares/R/009_h1.png,R,009
data/squares/empty/060_g5.png,empty,060
data/squares/empty/052_b7.png,empty,052
data/squares/empty/056_g1.png,empty,056
data/synth_squares/img/sq_03842_R.png,R,synth_060
data/squares/n/019_e2.png,n,019
data/squares/empty/036_d4.png,empty,036
data/squares/b/068_f5.png,b,068
data/synth_squares/img/sq_02905_B.png,B,synth_045
data/squares/empty/069_b6.png,empty,069
data/synth_squares/img/sq_03452_r.png,r,synth_053
data/squares/q/039_d4.png,q,039
data/synth_squares/img/sq_00303_b.png,b,synth_004
data/squares/B/038_b8.png,B,038
data/synth_squares/img/sq_00245_N.png,N,synth_003
data/synth_squares/img/sq_02372_P.png,P,synth_037
data/squares/empty/004_f5.png,empty,004
data/synth_squares/img/sq_00516_empty.png,empty,synth_008
data/synth_squares/img/sq_00170_q.png,q,synth_002
data/synth_squares/img/sq_00871_p.png,p,synth_013
data/synth_squares/img/sq_00377_P.png,P,synth_005
data/squares/empty/059_e2.png,empty,059
data/squares/empty/020_f6.png,empty,020
data/squares/n/063_h5.png,n,063
data/squares/empty/023_c2.png,empty,023
data/squares/empty/067_d6.png,empty,067
data/synth_squares/img/sq_02778_N.png,N,synth_043
data/synth_squares/img/sq_03226_N.png,N,synth_050
data/synth_squares/img/sq_03005_r.png,r,synth_046
data/synth_squares/img/sq_02155_P.png,P,synth_033
data/squares/empty/048_c5.png,empty,048
data/synth_squares/img/sq_03223_n.png,n,synth_050
data/squares/empty/035_c2.png,empty,035
data/synth_squares/img/sq_00044_R.png,R,synth_000
data/squares/K/058_b4.png,K,058
data/squares/k/064_e2.png,k,064
data/synth_squares/img/sq_02401_b.png,b,synth_037
data/squares/empty/014_g5.png,empty,014
data/squares/empty/050_c5.png,empty,050
data/synth_squares/img/sq_00751_b.png,b,synth_011
data/synth_squares/img/sq_02596_N.png,N,synth_040
data/synth_squares/img/sq_02390_p.png,p,synth_037
data/synth_squares/img/sq_02709_N.png,N,synth_042
data/synth_squares/img/sq_00548_K.png,K,synth_008
data/synth_squares/img/sq_00128_R.png,R,synth_002
data/squares/P/033_b2.png,P,033
data/squares/empty/055_f5.png,empty,055
data/synth_squares/img/sq_02977_r.png,r,synth_046
data/squares/empty/030_f6.png,empty,030
data/synth_squares/img/sq_00528_q.png,q,synth_008
data/squares/empty/058_b3.png,empty,058
data/squares/empty/060_h6.png,empty,060
data/synth_squares/img/sq_03288_K.png,K,synth_051
data/synth_squares/img/sq_03327_N.png,N,synth_051
data/squares/empty/046_f5.png,empty,046
data/synth_squares/img/sq_00849_R.png,R,synth_013
data/squares/empty/035_c7.png,empty,035
data/synth_squares/img/sq_02537_empty.png,empty,synth_039
data/synth_squares/img/sq_03619_K.png,K,synth_056
data/synth_squares/img/sq_03695_p.png,p,synth_057
data/squares/Q/046_h4.png,Q,046
data/synth_squares/img/sq_02029_r.png,r,synth_031
data/synth_squares/img/sq_03663_P.png,P,synth_057
data/synth_squares/img/sq_00749_b.png,b,synth_011
data/synth_squares/img/sq_03258_p.png,p,synth_050
data/synth_squares/img/sq_01085_k.png,k,synth_016
data/squares/empty/071_a3.png,empty,071
data/squares/empty/071_c3.png,empty,071
data/synth_squares/img/sq_01022_q.png,q,synth_015
data/synth_squares/img/sq_01158_p.png,p,synth_018
data/synth_squares/img/sq_00736_N.png,N,synth_011
data/squares/empty/026_d6.png,empty,026
data/squares/empty/001_h1.png,empty,001
data/squares/empty/061_c3.png,empty,061
data/squares/empty/066_g5.png,empty,066
data/synth_squares/img/sq_00661_P.png,P,synth_010
data/synth_squares/img/sq_00685_q.png,q,synth_010
data/synth_squares/img/sq_03144_N.png,N,synth_049
data/squares/empty/001_c6.png,empty,001
data/squares/empty/052_f7.png,empty,052
data/squares/b/054_g1.png,b,054
data/squares/Q/002_c2.png,Q,002
data/synth_squares/img/sq_01854_n.png,n,synth_028
data/synth_squares/img/sq_02138_q.png,q,synth_033
data/squares/empty/029_f8.png,empty,029
data/synth_squares/img/sq_02278_p.png,p,synth_035
data/squares/empty/053_f4.png,empty,053
data/synth_squares/img/sq_02948_n.png,n,synth_046
data/squares/empty/004_d7.png,empty,004
data/squares/empty/019_c1.png,empty,019
data/squares/empty/044_d8.png,empty,044
data/squares/empty/016_c6.png,empty,016
data/synth_squares/img/sq_03032_k.png,k,synth_047
data/squares/empty/074_h7.png,empty,074
data/squares/empty/062_a8.png,empty,062
data/synth_squares/img/sq_01343_k.png,k,synth_020
data/squares/p/006_b7.png,p,006
data/squares/p/034_h3.png,p,034
data/synth_squares/img/sq_00804_r.png,r,synth_012
data/synth_squares/img/sq_01795_r.png,r,synth_028
data/squares/empty/013_h5.png,empty,013
data/synth_squares/img/sq_01005_empty.png,empty,synth_015
data/synth_squares/img/sq_03845_P.png,P,synth_060
data/squares/empty/059_c7.png,empty,059
data/squares/empty/061_g8.png,empty,061
data/squares/K/057_a5.png,K,057
data/synth_squares/img/sq_01762_N.png,N,synth_027
data/synth_squares/img/sq_00218_r.png,r,synth_003
data/synth_squares/img/sq_01262_q.png,q,synth_019
data/synth_squares/img/sq_00779_B.png,B,synth_012
data/squares/empty/067_h7.png,empty,067
data/squares/empty/044_a8.png,empty,044
data/synth_squares/img/sq_02610_N.png,N,synth_040
data/synth_squares/img/sq_02873_r.png,r,synth_044
data/synth_squares/img/sq_02173_N.png,N,synth_033
data/synth_squares/img/sq_00324_empty.png,empty,synth_005
data/synth_squares/img/sq_01088_P.png,P,synth_017
data/squares/empty/059_b1.png,empty,059
data/synth_squares/img/sq_01209_N.png,N,synth_018
data/synth_squares/img/sq_03364_r.png,r,synth_052
data/synth_squares/img/sq_02881_R.png,R,synth_045
data/squares/Q/009_g6.png,Q,009
data/squares/empty/054_e5.png,empty,054
data/synth_squares/img/sq_03603_Q.png,Q,synth_056
data/squares/empty/037_a6.png,empty,037
data/synth_squares/img/sq_00266_N.png,N,synth_004
data/synth_squares/img/sq_01363_Q.png,Q,synth_021
data/synth_squares/img/sq_03286_empty.png,empty,synth_051
data/synth_squares/img/sq_03432_q.png,q,synth_053
data/squares/empty/005_d7.png,empty,005
data/squares/empty/029_d2.png,empty,029
data/synth_squares/img/sq_02781_p.png,p,synth_043
data/squares/empty/001_g3.png,empty,001
data/squares/empty/025_d4.png,empty,025
data/synth_squares/img/sq_02931_k.png,k,synth_045
data/squares/r/027_c3.png,r,027
data/synth_squares/img/sq_02106_K.png,K,synth_032
data/squares/empty/025_f8.png,empty,025
data/synth_squares/img/sq_00776_k.png,k,synth_012
data/squares/empty/001_h7.png,empty,001
data/synth_squares/img/sq_01219_Q.png,Q,synth_019
data/squares/empty/000_d2.png,empty,000
data/synth_squares/img/sq_01289_b.png,b,synth_020
data/synth_squares/img/sq_00249_P.png,P,synth_003
data/squares/empty/011_h3.png,empty,011
data/squares/empty/018_e4.png,empty,018
data/synth_squares/img/sq_00730_Q.png,Q,synth_011
data/squares/N/027_a2.png,N,027
data/squares/empty/034_e7.png,empty,034
data/squares/empty/022_f5.png,empty,022
data/synth_squares/img/sq_00900_B.png,B,synth_014
data/synth_squares/img/sq_01118_q.png,q,synth_017
data/synth_squares/img/sq_01117_Q.png,Q,synth_017
data/squares/K/015_e2.png,K,015
data/synth_squares/img/sq_03354_Q.png,Q,synth_052
data/synth_squares/img/sq_00932_K.png,K,synth_014
data/squares/empty/021_f6.png,empty,021
data/squares/R/020_d8.png,R,020
data/squares/empty/074_a4.png,empty,074
data/synth_squares/img/sq_01273_P.png,P,synth_019
data/squares/empty/037_h7.png,empty,037
data/synth_squares/img/sq_02145_P.png,P,synth_033
data/squares/K/026_e4.png,K,026
data/squares/q/056_g4.png,q,056
data/squares/empty/000_a5.png,empty,000
data/synth_squares/img/sq_00940_p.png,p,synth_014
data/synth_squares/img/sq_01626_q.png,q,synth_025
data/squares/empty/047_c6.png,empty,047
data/squares/R/002_c6.png,R,002
data/synth_squares/img/sq_03307_empty.png,empty,synth_051
data/squares/b/022_a6.png,b,022
data/squares/empty/033_a2.png,empty,033
data/synth_squares/img/sq_01919_p.png,p,synth_029
data/synth_squares/img/sq_01789_r.png,r,synth_027
data/squares/empty/035_a1.png,empty,035
data/squares/empty/070_d2.png,empty,070
data/synth_squares/img/sq_02956_P.png,P,synth_046
data/synth_squares/img/sq_03293_empty.png,empty,synth_051
data/squares/empty/047_h6.png,empty,047
data/synth_squares/img/sq_03213_P.png,P,synth_050
data/squares/empty/042_b3.png,empty,042
data/synth_squares/img/sq_00026_q.png,q,synth_000
data/synth_squares/img/sq_01761_n.png,n,synth_027
data/squares/k/033_h6.png,k,033
data/squares/empty/034_b4.png,empty,034
data/synth_squares/img/sq_00855_p.png,p,synth_013
data/squares/empty/006_a5.png,empty,006
data/squares/empty/023_e5.png,empty,023
data/synth_squares/img/sq_03494_R.png,R,synth_054
data/squares/R/007_e4.png,R,007
data/squares/empty/054_h1.png,empty,054
data/squares/N/003_e5.png,N,003
data/squares/empty/059_d5.png,empty,059
data/squares/B/034_f2.png,B,034
data/synth_squares/img/sq_00945_k.png,k,synth_014
data/squares/B/041_c7.png,B,041
data/synth_squares/img/sq_02653_b.png,b,synth_041
data/synth_squares/img/sq_03486_Q.png,Q,synth_054
data/synth_squares/img/sq_02606_r.png,r,synth_040
data/squares/empty/001_e3.png,empty,001
data/synth_squares/img/sq_00141_Q.png,Q,synth_002
data/squares/b/026_e7.png,b,026
data/squares/empty/007_f8.png,empty,007
data/squares/r/019_g7.png,r,019
data/synth_squares/img/sq_02502_p.png,p,synth_039
data/squares/empty/019_c5.png,empty,019
data/synth_squares/img/sq_02967_P.png,P,synth_046
data/squares/empty/010_d4.png,empty,010
data/synth_squares/img/sq_02403_n.png,n,synth_037
data/squares/empty/046_d8.png,empty,046
data/synth_squares/img/sq_02265_N.png,N,synth_035
data/synth_squares/img/sq_00322_N.png,N,synth_005
data/squares/N/062_a1.png,N,062
data/synth_squares/img/sq_02607_empty.png,empty,synth_040
data/squares/empty/020_h4.png,empty,020
data/synth_squares/img/sq_03647_n.png,n,synth_056
data/synth_squares/img/sq_00976_k.png,k,synth_015
data/synth_squares/img/sq_02353_R.png,R,synth_036
data/synth_squares/img/sq_00879_Q.png,Q,synth_013
data/synth_squares/img/sq_01720_empty.png,empty,synth_026
data/squares/empty/021_g6.png,empty,021
data/squares/empty/027_d2.png,empty,027
data/squares/empty/069_c5.png,empty,069
data/squares/r/026_g5.png,r,026
data/squares/empty/030_g8.png,empty,030
data/squares/empty/054_g6.png,empty,054
data/squares/R/071_e1.png,R,071
data/squares/empty/013_e2.png,empty,013
data/squares/empty/026_d1.png,empty,026
data/squares/b/044_f2.png,b,044
data/synth_squares/img/sq_00972_R.png,R,synth_015
data/squares/r/042_d8.png,r,042
data/squares/empty/043_h8.png,empty,043
data/squares/r/045_d1.png,r,045
data/squares/empty/011_e2.png,empty,011
data/squares/P/003_h4.png,P,003
data/squares/empty/035_d5.png,empty,035
data/squares/empty/006_g8.png,empty,006
data/squares/empty/056_b4.png,empty,056
data/synth_squares/img/sq_02349_p.png,p,synth_036
data/squares/empty/003_b2.png,empty,003
data/squares/B/043_b8.png,B,043
data/squares/empty/028_d2.png,empty,028
data/squares/empty/032_h1.png,empty,032
data/synth_squares/img/sq_02658_B.png,B,synth_041
data/squares/empty/019_h6.png,empty,019
data/squares/empty/004_g3.png,empty,004
data/squares/empty/054_g7.png,empty,054
data/squares/empty/030_f4.png,empty,030
data/squares/empty/045_g1.png,empty,045
data/squares/empty/044_b3.png,empty,044
data/synth_squares/img/sq_02115_B.png,B,synth_033
data/synth_squares/img/sq_02923_r.png,r,synth_045
data/squares/empty/021_b5.png,empty,021
data/squares/empty/018_a6.png,empty,018
data/squares/empty/031_a2.png,empty,031
data/synth_squares/img/sq_01522_n.png,n,synth_023
data/synth_squares/img/sq_00715_K.png,K,synth_011
data/squares/empty/002_e6.png,empty,002
data/squares/empty/031_d6.png,empty,031
data/synth_squares/img/sq_00597_R.png,R,synth_009
data/squares/empty/036_b1.png,empty,036
data/synth_squares/img/sq_02120_q.png,q,synth_033
data/squares/empty/015_d5.png,empty,015
data/squares/empty/052_f4.png,empty,052
data/squares/empty/039_c5.png,empty,039
data/squares/empty/030_f3.png,empty,030
data/squares/empty/054_f6.png,empty,054
data/squares/r/023_g7.png,r,023
data/squares/empty/073_f1.png,empty,073
data/squares/empty/035_a7.png,empty,035
data/squares/empty/048_b6.png,empty,048
data/squares/empty/006_d2.png,empty,006
data/squares/empty/062_a3.png,empty,062
data/squares/B/014_b8.png,B,014
data/squares/empty/066_b2.png,empty,066
data/synth_squares/img/sq_00846_R.png,R,synth_013
data/squares/empty/019_c3.png,empty,019
data/synth_squares/img/sq_01349_k.png,k,synth_021
data/squares/N/069_c2.png,N,069
data/synth_squares/img/sq_03045_K.png,K,synth_047
data/synth_squares/img/sq_00136_empty.png,empty,synth_002
data/synth_squares/img/sq_02772_B.png,B,synth_043
data/squares/R/014_d7.png,R,014
data/synth_squares/img/sq_02243_q.png,q,synth_035
data/synth_squares/img/sq_00474_k.png,k,synth_007
data/synth_squares/img/sq_02628_Q.png,Q,synth_041
data/squares/empty/043_b3.png,empty,043
data/synth_squares/img/sq_00608_p.png,p,synth_009
data/synth_squares/img/sq_00328_K.png,K,synth_005
data/synth_squares/img/sq_03607_q.png,q,synth_056
data/squares/empty/038_c5.png,empty,038
data/squares/r/003_c3.png,r,003
data/synth_squares/img/sq_02164_r.png,r,synth_033
data/synth_squares/img/sq_02556_N.png,N,synth_039
data/squares/empty/023_c8.png,empty,023
data/squares/empty/003_c5.png,empty,003
data/synth_squares/img/sq_03558_r.png,r,synth_055
data/synth_squares/img/sq_01258_B.png,B,synth_019
data/synth_squares/img/sq_02185_b.png,b,synth_034
data/synth_squares/img/sq_00440_p.png,p,synth_006
data/synth_squares/img/sq_00907_P.png,P,synth_014
data/synth_squares/img/sq_01248_N.png,N,synth_019
data/synth_squares/img/sq_00999_k.png,k,synth_015
data/synth_squares/img/sq_00124_k.png,k,synth_001
data/synth_squares/img/sq_01143_K.png,K,synth_017
data/synth_squares/img/sq_01375_n.png,n,synth_021
data/squares/empty/053_a8.png,empty,053
data/squares/empty/063_c3.png,empty,063
data/synth_squares/img/sq_00331_b.png,b,synth_005
data/synth_squares/img/sq_00863_b.png,b,synth_013
data/synth_squares/img/sq_00586_N.png,N,synth_009
data/squares/empty/009_f8.png,empty,009
data/squares/empty/066_a7.png,empty,066
data/squares/empty/064_d4.png,empty,064
data/synth_squares/img/sq_01339_q.png,q,synth_020
data/squares/empty/063_c7.png,empty,063
data/synth_squares/img/sq_01887_b.png,b,synth_029
data/synth_squares/img/sq_03476_q.png,q,synth_054
data/synth_squares/img/sq_02909_N.png,N,synth_045
data/synth_squares/img/sq_02583_empty.png,empty,synth_040
data/synth_squares/img/sq_01889_P.png,P,synth_029
data/synth_squares/img/sq_00957_p.png,p,synth_014
data/synth_squares/img/sq_00992_P.png,P,synth_015
data/synth_squares/img/sq_03858_K.png,K,synth_060
data/synth_squares/img/sq_01168_q.png,q,synth_018
data/synth_squares/img/sq_01654_R.png,R,synth_025
data/squares/empty/027_g3.png,empty,027
data/synth_squares/img/sq_03147_empty.png,empty,synth_049
data/squares/n/015_f3.png,n,015
data/synth_squares/img/sq_03592_R.png,R,synth_056
data/squares/empty/064_f6.png,empty,064
data/squares/empty/024_b1.png,empty,024
data/squares/empty/003_e2.png,empty,003
data/squares/empty/050_h5.png,empty,050
data/synth_squares/img/sq_03376_r.png,r,synth_052
data/squares/empty/069_c1.png,empty,069
data/squares/empty/024_f7.png,empty,024
data/synth_squares/img/sq_02008_r.png,r,synth_031
data/synth_squares/img/sq_03072_n.png,n,synth_048
data/synth_squares/img/sq_02184_Q.png,Q,synth_034
data/synth_squares/img/sq_02270_B.png,B,synth_035
data/synth_squares/img/sq_02871_Q.png,Q,synth_044
data/squares/p/052_d3.png,p,052
data/squares/empty/033_b1.png,empty,033
data/squares/empty/019_h8.png,empty,019
data/synth_squares/img/sq_02897_n.png,n,synth_045
data/synth_squares/img/sq_03078_R.png,R,synth_048
data/synth_squares/img/sq_01347_k.png,k,synth_021
data/squares/empty/046_e7.png,empty,046
data/synth_squares/img/sq_03075_R.png,R,synth_048
data/squares/empty/065_h3.png,empty,065
data/synth_squares/img/sq_02255_Q.png,Q,synth_035
data/squares/empty/066_f3.png,empty,066
data/synth_squares/img/sq_01995_k.png,k,synth_031
data/squares/empty/074_b2.png,empty,074
data/squares/empty/020_f5.png,empty,020
data/squares/R/032_g6.png,R,032
data/squares/empty/029_b4.png,empty,029
data/squares/empty/052_e1.png,empty,052
data/squares/empty/045_g4.png,empty,045
data/synth_squares/img/sq_00903_r.png,r,synth_014
data/synth_squares/img/sq_02183_b.png,b,synth_034
data/synth_squares/img/sq_01470_Q.png,Q,synth_022
data/squares/empty/065_e2.png,empty,065
data/synth_squares/img/sq_01148_r.png,r,synth_017
data/squares/empty/027_f8.png,empty,027
data/synth_squares/img/sq_01424_q.png,q,synth_022
data/squares/empty/003_c1.png,empty,003
data/squares/empty/064_a6.png,empty,064
data/synth_squares/img/sq_00823_K.png,K,synth_012
data/squares/Q/053_e2.png,Q,053
data/squares/empty/045_b1.png,empty,045
data/squares/empty/008_e1.png,empty,008
data/squares/empty/002_d5.png,empty,002
data/squares/empty/023_g8.png,empty,023
data/synth_squares/img/sq_01446_B.png,B,synth_022
data/squares/empty/022_b6.png,empty,022
data/squares/empty/043_a1.png,empty,043
data/squares/empty/023_e6.png,empty,023
data/synth_squares/img/sq_03744_K.png,K,synth_058
data/synth_squares/img/sq_02501_n.png,n,synth_039
data/squares/empty/059_e3.png,empty,059
data/squares/empty/071_a4.png,empty,071
data/synth_squares/img/sq_01152_b.png,b,synth_018
data/squares/empty/004_a1.png,empty,004
data/synth_squares/img/sq_03179_r.png,r,synth_049
data/squares/empty/065_a6.png,empty,065
data/squares/empty/009_g4.png,empty,009
data/squares/empty/003_c2.png,empty,003
data/squares/N/032_b1.png,N,032
data/synth_squares/img/sq_01801_n.png,n,synth_028
data/synth_squares/img/sq_01617_B.png,B,synth_025
data/synth_squares/img/sq_00159_Q.png,Q,synth_002
data/synth_squares/img/sq_00250_b.png,b,synth_003
data/squares/empty/067_g6.png,empty,067
data/synth_squares/img/sq_01400_R.png,R,synth_021
data/squares/R/041_d1.png,R,041
data/synth_squares/img/sq_00946_B.png,B,synth_014
data/synth_squares/img/sq_02759_p.png,p,synth_043
data/synth_squares/img/sq_03200_K.png,K,synth_050
data/squares/empty/025_g8.png,empty,025
data/squares/K/003_e8.png,K,003
data/synth_squares/img/sq_02061_p.png,p,synth_032
data/synth_squares/img/sq_01272_n.png,n,synth_019
data/synth_squares/img/sq_03487_q.png,q,synth_054
data/squares/empty/036_b6.png,empty,036
data/squares/empty/007_c8.png,empty,007
data/synth_squares/img/sq_02325_b.png,b,synth_036
data/squares/empty/019_c4.png,empty,019
data/synth_squares/img/sq_00211_k.png,k,synth_003
data/squares/empty/059_a5.png,empty,059
data/synth_squares/img/sq_01861_empty.png,empty,synth_029
data/synth_squares/img/sq_03043_B.png,B,synth_047
data/synth_squares/img/sq_03475_p.png,p,synth_054
data/synth_squares/img/sq_00628_R.png,R,synth_009
data/synth_squares/img/sq_00448_p.png,p,synth_007
data/squares/empty/064_h8.png,empty,064
data/synth_squares/img/sq_03199_empty.png,empty,synth_049
data/squares/empty/060_b7.png,empty,060
data/squares/K/000_g8.png,K,000
data/synth_squares/img/sq_03762_k.png,k,synth_058
data/synth_squares/img/sq_01160_r.png,r,synth_018
data/squares/empty/007_a3.png,empty,007
data/squares/empty/046_a8.png,empty,046
data/squares/empty/068_b1.png,empty,068
data/synth_squares/img/sq_01949_N.png,N,synth_030
data/squares/empty/056_g7.png,empty,056
data/synth_squares/img/sq_03869_k.png,k,synth_060
data/squares/empty/006_a2.png,empty,006
data/synth_squares/img/sq_02618_K.png,K,synth_040
data/synth_squares/img/sq_03456_B.png,B,synth_054
data/synth_squares/img/sq_01260_b.png,b,synth_019
data/squares/empty/005_a2.png,empty,005
data/synth_squares/img/sq_03714_Q.png,Q,synth_058
data/synth_squares/img/sq_01776_b.png,b,synth_027
data/squares/empty/007_c1.png,empty,007
data/squares/empty/074_d1.png,empty,074
data/squares/empty/047_e1.png,empty,047
data/synth_squares/img/sq_01002_N.png,N,synth_015
data/synth_squares/img/sq_01309_k.png,k,synth_020
data/squares/empty/010_a4.png,empty,010
data/synth_squares/img/sq_03087_R.png,R,synth_048
data/squares/empty/022_c2.png,empty,022
data/squares/empty/066_d3.png,empty,066
data/synth_squares/img/sq_00694_n.png,n,synth_010
data/squares/q/042_h1.png,q,042
data/squares/empty/005_b6.png,empty,005
data/squares/empty/047_c7.png,empty,047
data/synth_squares/img/sq_03470_p.png,p,synth_054
data/squares/empty/008_c6.png,empty,008
data/synth_squares/img/sq_02608_q.png,q,synth_040
data/synth_squares/img/sq_01035_k.png,k,synth_016
data/squares/empty/008_d3.png,empty,008
data/squares/K/007_d8.png,K,007
data/synth_squares/img/sq_01722_n.png,n,synth_026
data/synth_squares/img/sq_03801_q.png,q,synth_059
data/synth_squares/img/sq_03651_R.png,R,synth_057
data/synth_squares/img/sq_01192_p.png,p,synth_018
data/synth_squares/img/sq_02530_K.png,K,synth_039
data/squares/empty/014_e3.png,empty,014
data/squares/empty/023_d1.png,empty,023
data/squares/empty/037_f5.png,empty,037
data/synth_squares/img/sq_01054_P.png,P,synth_016
data/squares/empty/052_e2.png,empty,052
data/squares/empty/057_g5.png,empty,057
data/squares/empty/025_f4.png,empty,025
data/synth_squares/img/sq_00594_Q.png,Q,synth_009
data/squares/empty/032_h3.png,empty,032
data/synth_squares/img/sq_01013_q.png,q,synth_015
data/squares/empty/020_g4.png,empty,020
data/squares/empty/030_g6.png,empty,030
data/synth_squares/img/sq_00499_n.png,n,synth_007
data/squares/empty/046_c1.png,empty,046
data/squares/empty/025_a1.png,empty,025
data/squares/empty/042_e5.png,empty,042
data/squares/empty/049_c4.png,empty,049
data/squares/empty/071_d6.png,empty,071
data/synth_squares/img/sq_02993_b.png,b,synth_046
data/synth_squares/img/sq_01368_Q.png,Q,synth_021
data/squares/empty/064_d2.png,empty,064
data/squares/B/041_b8.png,B,041
data/squares/R/074_c1.png,R,074
data/synth_squares/img/sq_00542_b.png,b,synth_008
data/squares/empty/059_d2.png,empty,059
data/synth_squares/img/sq_03694_n.png,n,synth_057
data/squares/empty/003_g2.png,empty,003
data/synth_squares/img/sq_00279_b.png,b,synth_004
data/squares/empty/032_d2.png,empty,032
data/synth_squares/img/sq_01894_N.png,N,synth_029
data/synth_squares/img/sq_03515_n.png,n,synth_054
data/squares/empty/016_e4.png,empty,016
data/synth_squares/img/sq_03197_r.png,r,synth_049
data/synth_squares/img/sq_02432_R.png,R,synth_038
data/squares/empty/048_f3.png,empty,048
data/squares/empty/000_c3.png,empty,000
data/synth_squares/img/sq_02386_B.png,B,synth_037
data/squares/empty/019_f1.png,empty,019
data/squares/empty/053_h7.png,empty,053
data/squares/empty/071_g1.png,empty,071
data/synth_squares/img/sq_00627_K.png,K,synth_009
data/squares/empty/045_g3.png,empty,045
data/synth_squares/img/sq_02813_B.png,B,synth_043
data/squares/empty/054_a3.png,empty,054
data/synth_squares/img/sq_02717_N.png,N,synth_042
data/squares/empty/005_b4.png,empty,005
data/squares/empty/002_f5.png,empty,002
data/squares/empty/070_c4.png,empty,070
data/squares/empty/055_h2.png,empty,055
data/squares/B/010_b8.png,B,010
data/synth_squares/img/sq_02927_B.png,B,synth_045
data/squares/empty/069_g5.png,empty,069
data/squares/empty/022_c5.png,empty,022
data/squares/empty/053_c4.png,empty,053
data/synth_squares/img/sq_03424_N.png,N,synth_053
data/synth_squares/img/sq_01570_b.png,b,synth_024
data/squares/empty/055_e2.png,empty,055
data/synth_squares/img/sq_02981_r.png,r,synth_046
data/synth_squares/img/sq_03177_B.png,B,synth_049
data/squares/empty/009_f1.png,empty,009
data/synth_squares/img/sq_03582_p.png,p,synth_055
data/squares/b/002_d3.png,b,002
data/synth_squares/img/sq_02986_empty.png,empty,synth_046
data/synth_squares/img/sq_02083_k.png,k,synth_032
data/squares/empty/063_f4.png,empty,063
data/squares/empty/022_a4.png,empty,022
data/synth_squares/img/sq_00055_r.png,r,synth_000
data/synth_squares/img/sq_02418_k.png,k,synth_037
data/squares/empty/061_b6.png,empty,061
data/synth_squares/img/sq_00618_Q.png,Q,synth_009
data/synth_squares/img/sq_02162_Q.png,Q,synth_033
data/synth_squares/img/sq_03443_R.png,R,synth_053
data/synth_squares/img/sq_01139_P.png,P,synth_017
data/synth_squares/img/sq_02351_K.png,K,synth_036
data/squares/empty/052_h3.png,empty,052
data/synth_squares/img/sq_03843_Q.png,Q,synth_060
data/synth_squares/img/sq_01520_R.png,R,synth_023
data/synth_squares/img/sq_02806_N.png,N,synth_043
data/squares/empty/068_h5.png,empty,068
data/squares/B/046_h3.png,B,046
data/squares/empty/057_g6.png,empty,057
data/squares/empty/029_a3.png,empty,029
data/synth_squares/img/sq_02230_b.png,b,synth_034
data/synth_squares/img/sq_03482_p.png,p,synth_054
data/squares/empty/046_f6.png,empty,046
data/squares/R/005_f5.png,R,005
data/squares/empty/022_b4.png,empty,022
data/squares/empty/000_a3.png,empty,000
data/squares/K/068_h6.png,K,068
data/squares/N/014_d8.png,N,014
data/synth_squares/img/sq_00580_q.png,q,synth_009
data/squares/p/003_c4.png,p,003
data/synth_squares/img/sq_02599_N.png,N,synth_040
data/synth_squares/img/sq_02940_K.png,K,synth_045
data/synth_squares/img/sq_00058_Q.png,Q,synth_000
data/squares/empty/050_h8.png,empty,050
data/synth_squares/img/sq_00242_R.png,R,synth_003
data/synth_squares/img/sq_02280_k.png,k,synth_035
data/synth_squares/img/sq_02127_p.png,p,synth_033
data/synth_squares/img/sq_03437_q.png,q,synth_053
data/synth_squares/img/sq_00204_B.png,B,synth_003
data/synth_squares/img/sq_03285_r.png,r,synth_051
data/squares/empty/028_b2.png,empty,028
data/squares/empty/061_h5.png,empty,061
data/synth_squares/img/sq_01122_q.png,q,synth_017
data/squares/empty/059_e7.png,empty,059
data/synth_squares/img/sq_01948_q.png,q,synth_030
data/synth_squares/img/sq_03737_q.png,q,synth_058
data/synth_squares/img/sq_01355_R.png,R,synth_021
data/synth_squares/img/sq_03606_Q.png,Q,synth_056
data/synth_squares/img/sq_01955_r.png,r,synth_030
data/synth_squares/img/sq_01196_n.png,n,synth_018
data/squares/empty/041_e2.png,empty,041
data/squares/P/058_a3.png,P,058
data/squares/empty/040_b5.png,empty,040
data/synth_squares/img/sq_00919_b.png,b,synth_014
data/squares/n/024_d7.png,n,024
data/squares/empty/050_b7.png,empty,050
data/synth_squares/img/sq_00383_R.png,R,synth_005
data/squares/empty/062_e5.png,empty,062
data/synth_squares/img/sq_02574_P.png,P,synth_040
data/squares/empty/038_b4.png,empty,038
data/synth_squares/img/sq_00746_n.png,n,synth_011
data/synth_squares/img/sq_00930_empty.png,empty,synth_014
data/squares/empty/027_a7.png,empty,027
data/squares/empty/062_d2.png,empty,062
data/synth_squares/img/sq_03763_b.png,b,synth_058
data/squares/empty/063_h4.png,empty,063
data/synth_squares/img/sq_02329_p.png,p,synth_036
data/squares/empty/025_b4.png,empty,025
data/synth_squares/img/sq_01515_n.png,n,synth_023
data/squares/empty/060_b5.png,empty,060
data/synth_squares/img/sq_02929_q.png,q,synth_045
data/synth_squares/img/sq_01166_n.png,n,synth_018
data/synth_squares/img/sq_01797_N.png,N,synth_028
data/synth_squares/img/sq_03680_Q.png,Q,synth_057
data/squares/b/032_c5.png,b,032
data/squares/empty/028_c4.png,empty,028
data/squares/empty/054_d4.png,empty,054
data/squares/empty/027_e7.png,empty,027
data/synth_squares/img/sq_00301_b.png,b,synth_004
data/squares/empty/005_c5.png,empty,005
data/squares/empty/060_f1.png,empty,060
data/squares/empty/010_f4.png,empty,010
data/synth_squares/img/sq_00842_p.png,p,synth_013
data/synth_squares/img/sq_01601_r.png,r,synth_025
data/squares/r/030_f8.png,r,030
data/squares/empty/066_f7.png,empty,066
data/synth_squares/img/sq_01441_n.png,n,synth_022
data/synth_squares/img/sq_01788_B.png,B,synth_027
data/squares/empty/041_a3.png,empty,041
data/squares/empty/000_g6.png,empty,000
data/synth_squares/img/sq_02762_N.png,N,synth_043
data/synth_squares/img/sq_01018_K.png,K,synth_015
data/squares/empty/023_f5.png,empty,023
data/squares/empty/068_a2.png,empty,068
data/synth_squares/img/sq_00819_k.png,k,synth_012
data/squares/empty/030_h8.png,empty,030
data/synth_squares/img/sq_03096_P.png,P,synth_048
data/squares/empty/032_e1.png,empty,032
data/squares/empty/005_c1.png,empty,005
data/synth_squares/img/sq_01728_Q.png,Q,synth_027
data/squares/N/015_h6.png,N,015
data/synth_squares/img/sq_02933_N.png,N,synth_045
data/synth_squares/img/sq_03165_P.png,P,synth_049
data/squares/empty/031_c3.png,empty,031
data/synth_squares/img/sq_03773_b.png,b,synth_058
data/synth_squares/img/sq_01065_R.png,R,synth_016
data/synth_squares/img/sq_00235_N.png,N,synth_003
data/squares/empty/062_f4.png,empty,062
data/squares/empty/006_f2.png,empty,006
data/squares/empty/026_b2.png,empty,026
data/synth_squares/img/sq_02481_r.png,r,synth_038
data/synth_squares/img/sq_00728_Q.png,Q,synth_011
data/synth_squares/img/sq_00595_b.png,b,synth_009
data/squares/empty/018_b1.png,empty,018
data/squares/empty/063_d1.png,empty,063
data/squares/empty/063_c8.png,empty,063
data/squares/empty/059_g6.png,empty,059
data/squares/empty/065_a8.png,empty,065
data/synth_squares/img/sq_02692_q.png,q,synth_042
data/synth_squares/img/sq_02707_K.png,K,synth_042
data/squares/P/061_e5.png,P,061
data/squares/K/032_c6.png,K,032
data/squares/empty/027_h1.png,empty,027
data/squares/empty/003_a3.png,empty,003
data/synth_squares/img/sq_03538_q.png,q,synth_055
data/squares/empty/035_a5.png,empty,035
data/synth_squares/img/sq_02693_empty.png,empty,synth_042
data/synth_squares/img/sq_01050_p.png,p,synth_016
data/synth_squares/img/sq_02935_r.png,r,synth_045
data/squares/empty/032_b7.png,empty,032
data/synth_squares/img/sq_00713_B.png,B,synth_011
data/squares/empty/073_h7.png,empty,073
data/synth_squares/img/sq_01952_Q.png,Q,synth_030
data/synth_squares/img/sq_01793_R.png,R,synth_028
data/synth_squares/img/sq_00048_p.png,p,synth_000
data/squares/empty/026_h8.png,empty,026
data/synth_squares/img/sq_00561_n.png,n,synth_008
data/synth_squares/img/sq_01274_b.png,b,synth_019
data/squares/empty/052_h2.png,empty,052
data/synth_squares/img/sq_03305_R.png,R,synth_051
data/synth_squares/img/sq_02394_b.png,b,synth_037
data/synth_squares/img/sq_02400_r.png,r,synth_037
data/synth_squares/img/sq_01308_N.png,N,synth_020
data/squares/empty/041_e4.png,empty,041
data/squares/N/063_f6.png,N,063
data/synth_squares/img/sq_02068_q.png,q,synth_032
data/squares/empty/039_f1.png,empty,039
data/squares/empty/041_e7.png,empty,041
data/squares/empty/040_f1.png,empty,040
data/squares/empty/039_a4.png,empty,039
data/squares/empty/056_f1.png,empty,056
data/synth_squares/img/sq_00532_n.png,n,synth_008
data/squares/B/073_b8.png,B,073
data/synth_squares/img/sq_03872_N.png,N,synth_060
data/squares/empty/020_a3.png,empty,020
data/squares/empty/033_f4.png,empty,033
data/squares/P/046_e6.png,P,046
data/synth_squares/img/sq_00467_k.png,k,synth_007
data/synth_squares/img/sq_03092_Q.png,Q,synth_048
data/squares/empty/011_h7.png,empty,011
data/squares/empty/006_e6.png,empty,006
data/synth_squares/img/sq_02654_q.png,q,synth_041
data/squares/empty/064_f7.png,empty,064
data/synth_squares/img/sq_03270_N.png,N,synth_051
data/synth_squares/img/sq_02287_k.png,k,synth_035
data/synth_squares/img/sq_01489_empty.png,empty,synth_023
data/synth_squares/img/sq_02041_N.png,N,synth_031
data/synth_squares/img/sq_01978_empty.png,empty,synth_030
data/synth_squares/img/sq_02520_N.png,N,synth_039
data/synth_squares/img/sq_02312_N.png,N,synth_036
data/synth_squares/img/sq_02542_R.png,R,synth_039
data/squares/empty/036_f5.png,empty,036
data/squares/K/030_c1.png,K,030
data/squares/K/045_a5.png,K,045
data/squares/empty/010_f6.png,empty,010
data/squares/empty/049_b6.png,empty,049
data/synth_squares/img/sq_03894_q.png,q,synth_060
data/squares/empty/010_e7.png,empty,010
data/squares/empty/041_a1.png,empty,041
data/squares/empty/055_d8.png,empty,055
data/synth_squares/img/sq_00351_b.png,b,synth_005
data/synth_squares/img/sq_03829_N.png,N,synth_059
data/squares/empty/067_c7.png,empty,067
data/squares/empty/039_b7.png,empty,039
data/squares/empty/040_d1.png,empty,040
data/squares/empty/002_e5.png,empty,002
data/synth_squares/img/sq_03765_q.png,q,synth_058
data/squares/empty/012_b3.png,empty,012
data/synth_squares/img/sq_00814_R.png,R,synth_012
data/synth_squares/img/sq_02641_P.png,P,synth_041
data/squares/empty/066_e5.png,empty,066
data/synth_squares/img/sq_02310_k.png,k,synth_036
data/synth_squares/img/sq_00691_P.png,P,synth_010
data/squares/n/030_d8.png,n,030
data/squares/empty/058_a6.png,empty,058
data/synth_squares/img/sq_01374_n.png,n,synth_021
data/squares/empty/027_b1.png,empty,027
data/squares/empty/037_e2.png,empty,037
data/squares/empty/011_c1.png,empty,011
data/squares/empty/054_b7.png,empty,054
data/squares/empty/018_e6.png,empty,018
data/synth_squares/img/sq_00669_K.png,K,synth_010
data/synth_squares/img/sq_00602_N.png,N,synth_009
data/squares/empty/061_d5.png,empty,061
data/squares/empty/008_c7.png,empty,008
data/synth_squares/img/sq_02128_n.png,n,synth_033
data/synth_squares/img/sq_02690_empty.png,empty,synth_042
data/squares/p/056_g2.png,p,056
data/squares/empty/067_f7.png,empty,067
data/squares/empty/028_f3.png,empty,028
data/squares/empty/026_a7.png,empty,026
data/squares/empty/019_a5.png,empty,019
data/synth_squares/img/sq_01690_b.png,b,synth_026
data/synth_squares/img/sq_02792_r.png,r,synth_043
data/squares/B/047_b8.png,B,047
data/squares/empty/065_h7.png,empty,065
data/synth_squares/img/sq_02201_R.png,R,synth_034
data/squares/empty/026_a3.png,empty,026
data/synth_squares/img/sq_00822_K.png,K,synth_012
data/squares/empty/046_g8.png,empty,046
data/squares/empty/071_h8.png,empty,071
data/synth_squares/img/sq_02564_p.png,p,synth_040
data/synth_squares/img/sq_00021_empty.png,empty,synth_000
data/squares/empty/012_b2.png,empty,012
data/squares/empty/054_f1.png,empty,054
data/squares/empty/026_h1.png,empty,026
data/squares/empty/066_d2.png,empty,066
data/squares/B/015_d1.png,B,015
data/synth_squares/img/sq_03837_B.png,B,synth_059
data/squares/empty/001_d4.png,empty,001
data/synth_squares/img/sq_02427_Q.png,Q,synth_037
data/squares/empty/002_c3.png,empty,002
data/squares/empty/015_d2.png,empty,015
data/squares/B/031_a3.png,B,031
data/squares/b/056_e8.png,b,056
data/squares/K/059_a6.png,K,059
data/squares/empty/019_g5.png,empty,019
data/squares/empty/048_b4.png,empty,048
data/squares/B/067_b7.png,B,067
data/synth_squares/img/sq_02221_Q.png,Q,synth_034
data/synth_squares/img/sq_03721_p.png,p,synth_058
data/synth_squares/img/sq_01633_p.png,p,synth_025
data/synth_squares/img/sq_03194_Q.png,Q,synth_049
data/squares/R/034_b5.png,R,034
data/synth_squares/img/sq_02294_K.png,K,synth_035
data/synth_squares/img/sq_03398_Q.png,Q,synth_053
data/synth_squares/img/sq_02824_n.png,n,synth_044
data/squares/empty/018_c8.png,empty,018
data/synth_squares/img/sq_00873_R.png,R,synth_013
data/synth_squares/img/sq_00949_k.png,k,synth_014
data/squares/k/046_h6.png,k,046
data/squares/K/013_e7.png,K,013
data/synth_squares/img/sq_00829_B.png,B,synth_012
data/synth_squares/img/sq_01539_k.png,k,synth_024
data/synth_squares/img/sq_03361_p.png,p,synth_052
data/synth_squares/img/sq_00465_q.png,q,synth_007
data/squares/empty/040_h4.png,empty,040
data/synth_squares/img/sq_00584_empty.png,empty,synth_009
data/synth_squares/img/sq_02980_Q.png,Q,synth_046
data/synth_squares/img/sq_01305_b.png,b,synth_020
data/synth_squares/img/sq_02250_k.png,k,synth_035
data/squares/empty/047_h3.png,empty,047
data/synth_squares/img/sq_00717_k.png,k,synth_011
data/squares/empty/000_d3.png,empty,000
data/synth_squares/img/sq_00958_r.png,r,synth_014
data/squares/empty/046_h8.png,empty,046
data/squares/N/050_e8.png,N,050
data/synth_squares/img/sq_01982_P.png,P,synth_030
data/synth_squares/img/sq_00754_q.png,q,synth_011
data/synth_squares/img/sq_02359_N.png,N,synth_036
data/squares/empty/069_f1.png,empty,069
data/synth_squares/img/sq_01600_q.png,q,synth_025
data/squares/empty/032_d3.png,empty,032
data/synth_squares/img/sq_01097_N.png,N,synth_017
data/synth_squares/img/sq_02302_r.png,r,synth_035
data/synth_squares/img/sq_03687_n.png,n,synth_057
data/squares/empty/040_a7.png,empty,040
data/synth_squares/img/sq_03792_B.png,B,synth_059
data/squares/empty/021_f1.png,empty,021
