path,label,photo_id
data/squares/empty/000_a8.png,empty,000
data/squares/B/000_b8.png,B,000
data/squares/empty/000_c8.png,empty,000
data/squares/B/000_d8.png,B,000
data/squares/empty/000_e8.png,empty,000
data/squares/empty/000_f8.png,empty,000
data/squares/K/000_g8.png,K,000
data/squares/empty/000_h8.png,empty,000
data/squares/empty/000_a7.png,empty,000
data/squares/B/000_b7.png,B,000
data/squares/empty/000_c7.png,empty,000
data/squares/empty/000_d7.png,empty,000
data/squares/empty/000_e7.png,empty,000
data/squares/empty/000_f7.png,empty,000
data/squares/empty/000_g7.png,empty,000
data/squares/empty/000_h7.png,empty,000
data/squares/empty/000_a6.png,empty,000
data/squares/empty/000_b6.png,empty,000
data/squares/empty/000_c6.png,empty,000
data/squares/empty/000_d6.png,empty,000
data/squares/empty/000_e6.png,empty,000
data/squares/N/000_f6.png,N,000
data/squares/empty/000_g6.png,empty,000
data/squares/empty/000_h6.png,empty,000
data/squares/empty/000_a5.png,empty,000
data/squares/empty/000_b5.png,empty,000
data/squares/empty/000_c5.png,empty,000
data/squares/empty/000_d5.png,empty,000
data/squares/empty/000_e5.png,empty,000
data/squares/empty/000_f5.png,empty,000
data/squares/k/000_g5.png,k,000
data/squares/empty/000_h5.png,empty,000
data/squares/empty/000_a4.png,empty,000
data/squares/empty/000_b4.png,empty,000
data/squares/empty/000_c4.png,empty,000
data/squares/empty/000_d4.png,empty,000
data/squares/empty/000_e4.png,empty,000
data/squares/empty/000_f4.png,empty,000
data/squares/empty/000_g4.png,empty,000
data/squares/empty/000_h4.png,empty,000
data/squares/empty/000_a3.png,empty,000
data/squares/empty/000_b3.png,empty,000
data/squares/empty/000_c3.png,empty,000
data/squares/empty/000_d3.png,empty,000
data/squares/empty/000_e3.png,empty,000
data/squares/empty/000_f3.png,empty,000
data/squares/empty/000_g3.png,empty,000
data/squares/empty/000_h3.png,empty,000
data/squares/empty/000_a2.png,empty,000
data/squares/empty/000_b2.png,empty,000
data/squares/empty/000_c2.png,empty,000
data/squares/empty/000_d2.png,empty,000
data/squares/empty/000_e2.png,empty,000
data/squares/empty/000_f2.png,empty,000
data/squares/empty/000_g2.png,empty,000
data/squares/empty/000_h2.png,empty,000
data/squares/empty/000_a1.png,empty,000
data/squares/empty/000_b1.png,empty,000
data/squares/empty/000_c1.png,empty,000
data/squares/empty/000_d1.png,empty,000
data/squares/n/000_e1.png,n,000
data/squares/q/000_f1.png,q,000
data/squares/empty/000_g1.png,empty,000
data/squares/empty/000_h1.png,empty,000
data/squares/empty/001_a8.png,empty,001
data/squares/B/001_b8.png,B,001
data/squares/empty/001_c8.png,empty,001
data/squares/B/001_d8.png,B,001
data/squares/empty/001_e8.png,empty,001
data/squares/empty/001_f8.png,empty,001
data/squares/empty/001_g8.png,empty,001
data/squares/R/001_h8.png,R,001
data/squares/empty/001_a7.png,empty,001
data/squares/empty/001_b7.png,empty,001
data/squares/empty/001_c7.png,empty,001
data/squares/empty/001_d7.png,empty,001
data/squares/empty/001_e7.png,empty,001
data/squares/empty/001_f7.png,empty,001
data/squares/empty/001_g7.png,empty,001
data/squares/empty/001_h7.png,empty,001
data/squares/empty/001_a6.png,empty,001
data/squares/b/001_b6.png,b,001
data/squares/empty/001_c6.png,empty,001
data/squares/empty/001_d6.png,empty,001
data/squares/k/001_e6.png,k,001
data/squares/empty/001_f6.png,empty,001
data/squares/empty/001_g6.png,empty,001
data/squares/empty/001_h6.png,empty,001
data/squares/empty/001_a5.png,empty,001
data/squares/empty/001_b5.png,empty,001
data/squares/empty/001_c5.png,empty,001
data/squares/empty/001_d5.png,empty,001
data/squares/empty/001_e5.png,empty,001
data/squares/empty/001_f5.png,empty,001
data/squares/empty/001_g5.png,empty,001
data/squares/empty/001_h5.png,empty,001
data/squares/empty/001_a4.png,empty,001
data/squares/empty/001_b4.png,empty,001
data/squares/n/001_c4.png,n,001
data/squares/empty/001_d4.png,empty,001
data/squares/empty/001_e4.png,empty,001
data/squares/empty/001_f4.png,empty,001
data/squares/empty/001_g4.png,empty,001
data/squares/empty/001_h4.png,empty,001
data/squares/empty/001_a3.png,empty,001
data/squares/r/001_b3.png,r,001
data/squares/K/001_c3.png,K,001
data/squares/empty/001_d3.png,empty,001
data/squares/empty/001_e3.png,empty,001
data/squares/empty/001_f3.png,empty,001
data/squares/empty/001_g3.png,empty,001
data/squares/empty/001_h3.png,empty,001
data/squares/b/001_a2.png,b,001
data/squares/empty/001_b2.png,empty,001
data/squares/empty/001_c2.png,empty,001
data/squares/empty/001_d2.png,empty,001
data/squares/empty/001_e2.png,empty,001
data/squares/empty/001_f2.png,empty,001
data/squares/empty/001_g2.png,empty,001
data/squares/empty/001_h2.png,empty,001
data/squares/empty/001_a1.png,empty,001
data/squares/empty/001_b1.png,empty,001
data/squares/empty/001_c1.png,empty,001
data/squares/empty/001_d1.png,empty,001
data/squares/empty/001_e1.png,empty,001
data/squares/empty/001_f1.png,empty,001
data/squares/empty/001_g1.png,empty,001
data/squares/empty/001_h1.png,empty,001
data/squares/empty/002_a8.png,empty,002
data/squares/B/002_b8.png,B,002
data/squares/empty/002_c8.png,empty,002
data/squares/B/002_d8.png,B,002
data/squares/empty/002_e8.png,empty,002
data/squares/empty/002_f8.png,empty,002
data/squares/empty/002_g8.png,empty,002
data/squares/empty/002_h8.png,empty,002
data/squares/empty/002_a7.png,empty,002
data/squares/empty/002_b7.png,empty,002
data/squares/empty/002_c7.png,empty,002
data/squares/empty/002_d7.png,empty,002
data/squares/R/002_e7.png,R,002
data/squares/empty/002_f7.png,empty,002
data/squares/empty/002_g7.png,empty,002
data/squares/empty/002_h7.png,empty,002
data/squares/empty/002_a6.png,empty,002
data/squares/empty/002_b6.png,empty,002
data/squares/R/002_c6.png,R,002
data/squares/empty/002_d6.png,empty,002
data/squares/empty/002_e6.png,empty,002
data/squares/p/002_f6.png,p,002
data/squares/empty/002_g6.png,empty,002
data/squares/empty/002_h6.png,empty,002
data/squares/K/002_a5.png,K,002
data/squares/empty/002_b5.png,empty,002
data/squares/empty/002_c5.png,empty,002
data/squares/empty/002_d5.png,empty,002
data/squares/empty/002_e5.png,empty,002
data/squares/empty/002_f5.png,empty,002
data/squares/empty/002_g5.png,empty,002
data/squares/empty/002_h5.png,empty,002
data/squares/empty/002_a4.png,empty,002
data/squares/empty/002_b4.png,empty,002
data/squares/empty/002_c4.png,empty,002
data/squares/empty/002_d4.png,empty,002
data/squares/empty/002_e4.png,empty,002
data/squares/empty/002_f4.png,empty,002
data/squares/empty/002_g4.png,empty,002
data/squares/empty/002_h4.png,empty,002
data/squares/empty/002_a3.png,empty,002
data/squares/empty/002_b3.png,empty,002
data/squares/empty/002_c3.png,empty,002
data/squares/b/002_d3.png,b,002
data/squares/empty/002_e3.png,empty,002
data/squares/empty/002_f3.png,empty,002
data/squares/empty/002_g3.png,empty,002
data/squares/r/002_h3.png,r,002
data/squares/empty/002_a2.png,empty,002
data/squares/empty/002_b2.png,empty,002
data/squares/Q/002_c2.png,Q,002
data/squares/empty/002_d2.png,empty,002
data/squares/empty/002_e2.png,empty,002
data/squares/empty/002_f2.png,empty,002
data/squares/empty/002_g2.png,empty,002
data/squares/P/002_h2.png,P,002
data/squares/R/002_a1.png,R,002
data/squares/empty/002_b1.png,empty,002
data/squares/empty/002_c1.png,empty,002
data/squares/k/002_d1.png,k,002
data/squares/empty/002_e1.png,empty,002
data/squares/empty/002_f1.png,empty,002
data/squares/empty/002_g1.png,empty,002
data/squares/empty/002_h1.png,empty,002
data/squares/empty/003_a8.png,empty,003
data/squares/B/003_b8.png,B,003
data/squares/empty/003_c8.png,empty,003
data/squares/B/003_d8.png,B,003
data/squares/K/003_e8.png,K,003
data/squares/empty/003_f8.png,empty,003
data/squares/empty/003_g8.png,empty,003
data/squares/empty/003_h8.png,empty,003
data/squares/empty/003_a7.png,empty,003
data/squares/empty/003_b7.png,empty,003
data/squares/empty/003_c7.png,empty,003
data/squares/empty/003_d7.png,empty,003
data/squares/empty/003_e7.png,empty,003
data/squares/empty/003_f7.png,empty,003
data/squares/empty/003_g7.png,empty,003
data/squares/b/003_h7.png,b,003
data/squares/empty/003_a6.png,empty,003
data/squares/empty/003_b6.png,empty,003
data/squares/empty/003_c6.png,empty,003
data/squares/N/003_d6.png,N,003
data/squares/p/003_e6.png,p,003
data/squares/empty/003_f6.png,empty,003
data/squares/empty/003_g6.png,empty,003
data/squares/empty/003_h6.png,empty,003
data/squares/empty/003_a5.png,empty,003
data/squares/empty/003_b5.png,empty,003
data/squares/empty/003_c5.png,empty,003
data/squares/empty/003_d5.png,empty,003
data/squares/N/003_e5.png,N,003
data/squares/empty/003_f5.png,empty,003
data/squares/empty/003_g5.png,empty,003
data/squares/empty/003_h5.png,empty,003
data/squares/empty/003_a4.png,empty,003
data/squares/empty/003_b4.png,empty,003
data/squares/p/003_c4.png,p,003
data/squares/empty/003_d4.png,empty,003
data/squares/r/003_e4.png,r,003
data/squares/empty/003_f4.png,empty,003
data/squares/empty/003_g4.png,empty,003
data/squares/P/003_h4.png,P,003
data/squares/empty/003_a3.png,empty,003
data/squares/empty/003_b3.png,empty,003
data/squares/r/003_c3.png,r,003
data/squares/empty/003_d3.png,empty,003
data/squares/empty/003_e3.png,empty,003
data/squares/empty/003_f3.png,empty,003
data/squares/empty/003_g3.png,empty,003
data/squares/empty/003_h3.png,empty,003
data/squares/empty/003_a2.png,empty,003
data/squares/empty/003_b2.png,empty,003
data/squares/empty/003_c2.png,empty,003
data/squares/empty/003_d2.png,empty,003
data/squares/empty/003_e2.png,empty,003
data/squares/empty/003_f2.png,empty,003
data/squares/empty/003_g2.png,empty,003
data/squares/empty/003_h2.png,empty,003
data/squares/empty/003_a1.png,empty,003
data/squares/empty/003_b1.png,empty,003
data/squares/empty/003_c1.png,empty,003
data/squares/empty/003_d1.png,empty,003
data/squares/empty/003_e1.png,empty,003
data/squares/k/003_f1.png,k,003
data/squares/empty/003_g1.png,empty,003
data/squares/b/003_h1.png,b,003
data/squares/empty/004_a8.png,empty,004
data/squares/B/004_b8.png,B,004
data/squares/empty/004_c8.png,empty,004
data/squares/K/004_d8.png,K,004
data/squares/empty/004_e8.png,empty,004
data/squares/empty/004_f8.png,empty,004
data/squares/empty/004_g8.png,empty,004
data/squares/k/004_h8.png,k,004
data/squares/empty/004_a7.png,empty,004
data/squares/empty/004_b7.png,empty,004
data/squares/empty/004_c7.png,empty,004
data/squares/empty/004_d7.png,empty,004
data/squares/empty/004_e7.png,empty,004
data/squares/empty/004_f7.png,empty,004
data/squares/empty/004_g7.png,empty,004
data/squares/empty/004_h7.png,empty,004
data/squares/empty/004_a6.png,empty,004
data/squares/empty/004_b6.png,empty,004
data/squares/empty/004_c6.png,empty,004
data/squares/empty/004_d6.png,empty,004
data/squares/empty/004_e6.png,empty,004
data/squares/empty/004_f6.png,empty,004
data/squares/empty/004_g6.png,empty,004
data/squares/empty/004_h6.png,empty,004
data/squares/empty/004_a5.png,empty,004
data/squares/empty/004_b5.png,empty,004
data/squares/r/004_c5.png,r,004
data/squares/empty/004_d5.png,empty,004
data/squares/empty/004_e5.png,empty,004
data/squares/empty/004_f5.png,empty,004
data/squares/empty/004_g5.png,empty,004
data/squares/R/004_h5.png,R,004
data/squares/empty/004_a4.png,empty,004
data/squares/empty/004_b4.png,empty,004
data/squares/b/004_c4.png,b,004
data/squares/empty/004_d4.png,empty,004
data/squares/empty/004_e4.png,empty,004
data/squares/empty/004_f4.png,empty,004
data/squares/empty/004_g4.png,empty,004
data/squares/empty/004_h4.png,empty,004
data/squares/empty/004_a3.png,empty,004
data/squares/empty/004_b3.png,empty,004
data/squares/empty/004_c3.png,empty,004
data/squares/empty/004_d3.png,empty,004
data/squares/empty/004_e3.png,empty,004
data/squares/empty/004_f3.png,empty,004
data/squares/empty/004_g3.png,empty,004
data/squares/empty/004_h3.png,empty,004
data/squares/empty/004_a2.png,empty,004
data/squares/empty/004_b2.png,empty,004
data/squares/empty/004_c2.png,empty,004
data/squares/empty/004_d2.png,empty,004
data/squares/empty/004_e2.png,empty,004
data/squares/empty/004_f2.png,empty,004
data/squares/empty/004_g2.png,empty,004
data/squares/b/004_h2.png,b,004
data/squares/empty/004_a1.png,empty,004
data/squares/empty/004_b1.png,empty,004
data/squares/empty/004_c1.png,empty,004
data/squares/empty/004_d1.png,empty,004
data/squares/empty/004_e1.png,empty,004
data/squares/empty/004_f1.png,empty,004
data/squares/empty/004_g1.png,empty,004
data/squares/empty/004_h1.png,empty,004
data/squares/empty/005_a8.png,empty,005
data/squares/B/005_b8.png,B,005
data/squares/empty/005_c8.png,empty,005
data/squares/K/005_d8.png,K,005
data/squares/empty/005_e8.png,empty,005
data/squares/empty/005_f8.png,empty,005
data/squares/empty/005_g8.png,empty,005
data/squares/empty/005_h8.png,empty,005
data/squares/empty/005_a7.png,empty,005
data/squares/b/005_b7.png,b,005
data/squares/b/005_c7.png,b,005
data/squares/empty/005_d7.png,empty,005
data/squares/empty/005_e7.png,empty,005
data/squares/empty/005_f7.png,empty,005
data/squares/B/005_g7.png,B,005
data/squares/b/005_h7.png,b,005
data/squares/empty/005_a6.png,empty,005
data/squares/empty/005_b6.png,empty,005
data/squares/empty/005_c6.png,empty,005
data/squares/empty/005_d6.png,empty,005
data/squares/P/005_e6.png,P,005
data/squares/empty/005_f6.png,empty,005
data/squares/empty/005_g6.png,empty,005
data/squares/empty/005_h6.png,empty,005
data/squares/empty/005_a5.png,empty,005
data/squares/empty/005_b5.png,empty,005
data/squares/empty/005_c5.png,empty,005
data/squares/empty/005_d5.png,empty,005
data/squares/empty/005_e5.png,empty,005
data/squares/R/005_f5.png,R,005
data/squares/empty/005_g5.png,empty,005
data/squares/empty/005_h5.png,empty,005
data/squares/R/005_a4.png,R,005
data/squares/empty/005_b4.png,empty,005
data/squares/empty/005_c4.png,empty,005
data/squares/empty/005_d4.png,empty,005
data/squares/empty/005_e4.png,empty,005
data/squares/empty/005_f4.png,empty,005
data/squares/empty/005_g4.png,empty,005
data/squares/empty/005_h4.png,empty,005
data/squares/empty/005_a3.png,empty,005
data/squares/empty/005_b3.png,empty,005
data/squares/empty/005_c3.png,empty,005
data/squares/empty/005_d3.png,empty,005
data/squares/empty/005_e3.png,empty,005
data/squares/empty/005_f3.png,empty,005
data/squares/empty/005_g3.png,empty,005
data/squares/empty/005_h3.png,empty,005
data/squares/empty/005_a2.png,empty,005
data/squares/empty/005_b2.png,empty,005
data/squares/empty/005_c2.png,empty,005
data/squares/empty/005_d2.png,empty,005
data/squares/empty/005_e2.png,empty,005
data/squares/empty/005_f2.png,empty,005
data/squares/empty/005_g2.png,empty,005
data/squares/empty/005_h2.png,empty,005
data/squares/empty/005_a1.png,empty,005
data/squares/empty/005_b1.png,empty,005
data/squares/empty/005_c1.png,empty,005
data/squares/empty/005_d1.png,empty,005
data/squares/empty/005_e1.png,empty,005
data/squares/empty/005_f1.png,empty,005
data/squares/k/005_g1.png,k,005
data/squares/empty/005_h1.png,empty,005
data/squares/empty/006_a8.png,empty,006
data/squares/B/006_b8.png,B,006
data/squares/empty/006_c8.png,empty,006
data/squares/K/006_d8.png,K,006
data/squares/empty/006_e8.png,empty,006
data/squares/empty/006_f8.png,empty,006
data/squares/empty/006_g8.png,empty,006
data/squares/empty/006_h8.png,empty,006
data/squares/empty/006_a7.png,empty,006
data/squares/p/006_b7.png,p,006
data/squares/empty/006_c7.png,empty,006
data/squares/empty/006_d7.png,empty,006
data/squares/empty/006_e7.png,empty,006
data/squares/empty/006_f7.png,empty,006
data/squares/empty/006_g7.png,empty,006
data/squares/N/006_h7.png,N,006
data/squares/empty/006_a6.png,empty,006
data/squares/empty/006_b6.png,empty,006
data/squares/empty/006_c6.png,empty,006
data/squares/empty/006_d6.png,empty,006
data/squares/empty/006_e6.png,empty,006
data/squares/empty/006_f6.png,empty,006
data/squares/empty/006_g6.png,empty,006
data/squares/p/006_h6.png,p,006
data/squares/empty/006_a5.png,empty,006
data/squares/q/006_b5.png,q,006
data/squares/p/006_c5.png,p,006
data/squares/empty/006_d5.png,empty,006
data/squares/empty/006_e5.png,empty,006
data/squares/empty/006_f5.png,empty,006
data/squares/empty/006_g5.png,empty,006
data/squares/empty/006_h5.png,empty,006
data/squares/n/006_a4.png,n,006
data/squares/empty/006_b4.png,empty,006
data/squares/P/006_c4.png,P,006
data/squares/empty/006_d4.png,empty,006
data/squares/empty/006_e4.png,empty,006
data/squares/empty/006_f4.png,empty,006
data/squares/empty/006_g4.png,empty,006
data/squares/empty/006_h4.png,empty,006
data/squares/empty/006_a3.png,empty,006
data/squares/empty/006_b3.png,empty,006
data/squares/empty/006_c3.png,empty,006
data/squares/empty/006_d3.png,empty,006
data/squares/empty/006_e3.png,empty,006
data/squares/empty/006_f3.png,empty,006
data/squares/empty/006_g3.png,empty,006
data/squares/empty/006_h3.png,empty,006
data/squares/empty/006_a2.png,empty,006
data/squares/empty/006_b2.png,empty,006
data/squares/empty/006_c2.png,empty,006
data/squares/empty/006_d2.png,empty,006
data/squares/empty/006_e2.png,empty,006
data/squares/empty/006_f2.png,empty,006
data/squares/k/006_g2.png,k,006
data/squares/empty/006_h2.png,empty,006
data/squares/b/006_a1.png,b,006
data/squares/empty/006_b1.png,empty,006
data/squares/empty/006_c1.png,empty,006
data/squares/empty/006_d1.png,empty,006
data/squares/empty/006_e1.png,empty,006
data/squares/empty/006_f1.png,empty,006
data/squares/empty/006_g1.png,empty,006
data/squares/empty/006_h1.png,empty,006
data/squares/empty/007_a8.png,empty,007
data/squares/B/007_b8.png,B,007
data/squares/empty/007_c8.png,empty,007
data/squares/K/007_d8.png,K,007
data/squares/empty/007_e8.png,empty,007
data/squares/empty/007_f8.png,empty,007
data/squares/empty/007_g8.png,empty,007
data/squares/empty/007_h8.png,empty,007
data/squares/empty/007_a7.png,empty,007
data/squares/empty/007_b7.png,empty,007
data/squares/b/007_c7.png,b,007
data/squares/empty/007_d7.png,empty,007
data/squares/empty/007_e7.png,empty,007
data/squares/empty/007_f7.png,empty,007
data/squares/empty/007_g7.png,empty,007
data/squares/empty/007_h7.png,empty,007
data/squares/empty/007_a6.png,empty,007
data/squares/empty/007_b6.png,empty,007
data/squares/empty/007_c6.png,empty,007
data/squares/empty/007_d6.png,empty,007
data/squares/empty/007_e6.png,empty,007
data/squares/empty/007_f6.png,empty,007
data/squares/empty/007_g6.png,empty,007
data/squares/empty/007_h6.png,empty,007
data/squares/empty/007_a5.png,empty,007
data/squares/empty/007_b5.png,empty,007
data/squares/empty/007_c5.png,empty,007
data/squares/empty/007_d5.png,empty,007
data/squares/empty/007_e5.png,empty,007
data/squares/empty/007_f5.png,empty,007
data/squares/empty/007_g5.png,empty,007
data/squares/empty/007_h5.png,empty,007
data/squares/R/007_a4.png,R,007
data/squares/empty/007_b4.png,empty,007
data/squares/empty/007_c4.png,empty,007
data/squares/empty/007_d4.png,empty,007
data/squares/R/007_e4.png,R,007
data/squares/empty/007_f4.png,empty,007
data/squares/empty/007_g4.png,empty,007
data/squares/P/007_h4.png,P,007
data/squares/empty/007_a3.png,empty,007
data/squares/empty/007_b3.png,empty,007
data/squares/empty/007_c3.png,empty,007
data/squares/empty/007_d3.png,empty,007
data/squares/empty/007_e3.png,empty,007
data/squares/k/007_f3.png,k,007
data/squares/empty/007_g3.png,empty,007
data/squares/empty/007_h3.png,empty,007
data/squares/N/007_a2.png,N,007
data/squares/empty/007_b2.png,empty,007
data/squares/empty/007_c2.png,empty,007
data/squares/empty/007_d2.png,empty,007
data/squares/R/007_e2.png,R,007
data/squares/empty/007_f2.png,empty,007
data/squares/r/007_g2.png,r,007
data/squares/empty/007_h2.png,empty,007
data/squares/empty/007_a1.png,empty,007
data/squares/r/007_b1.png,r,007
data/squares/empty/007_c1.png,empty,007
data/squares/empty/007_d1.png,empty,007
data/squares/R/007_e1.png,R,007
data/squares/R/007_f1.png,R,007
data/squares/empty/007_g1.png,empty,007
data/squares/empty/007_h1.png,empty,007
data/squares/empty/008_a8.png,empty,008
data/squares/B/008_b8.png,B,008
data/squares/empty/008_c8.png,empty,008
data/squares/K/008_d8.png,K,008
data/squares/empty/008_e8.png,empty,008
data/squares/empty/008_f8.png,empty,008
data/squares/empty/008_g8.png,empty,008
data/squares/empty/008_h8.png,empty,008
data/squares/empty/008_a7.png,empty,008
data/squares/empty/008_b7.png,empty,008
data/squares/empty/008_c7.png,empty,008
data/squares/B/008_d7.png,B,008
data/squares/empty/008_e7.png,empty,008
data/squares/empty/008_f7.png,empty,008
data/squares/empty/008_g7.png,empty,008
data/squares/empty/008_h7.png,empty,008
data/squares/empty/008_a6.png,empty,008
data/squares/empty/008_b6.png,empty,008
data/squares/empty/008_c6.png,empty,008
data/squares/p/008_d6.png,p,008
data/squares/empty/008_e6.png,empty,008
data/squares/empty/008_f6.png,empty,008
data/squares/empty/008_g6.png,empty,008
data/squares/empty/008_h6.png,empty,008
data/squares/empty/008_a5.png,empty,008
data/squares/empty/008_b5.png,empty,008
data/squares/empty/008_c5.png,empty,008
data/squares/empty/008_d5.png,empty,008
data/squares/empty/008_e5.png,empty,008
data/squares/empty/008_f5.png,empty,008
data/squares/empty/008_g5.png,empty,008
data/squares/empty/008_h5.png,empty,008
data/squares/empty/008_a4.png,empty,008
data/squares/empty/008_b4.png,empty,008
data/squares/empty/008_c4.png,empty,008
data/squares/empty/008_d4.png,empty,008
data/squares/k/008_e4.png,k,008
data/squares/empty/008_f4.png,empty,008
data/squares/empty/008_g4.png,empty,008
data/squares/empty/008_h4.png,empty,008
data/squares/empty/008_a3.png,empty,008
data/squares/empty/008_b3.png,empty,008
data/squares/empty/008_c3.png,empty,008
data/squares/empty/008_d3.png,empty,008
data/squares/empty/008_e3.png,empty,008
data/squares/empty/008_f3.png,empty,008
data/squares/p/008_g3.png,p,008
data/squares/empty/008_h3.png,empty,008
data/squares/empty/008_a2.png,empty,008
data/squares/empty/008_b2.png,empty,008
data/squares/B/008_c2.png,B,008
data/squares/empty/008_d2.png,empty,008
data/squares/empty/008_e2.png,empty,008
data/squares/empty/008_f2.png,empty,008
data/squares/empty/008_g2.png,empty,008
data/squares/empty/008_h2.png,empty,008
data/squares/n/008_a1.png,n,008
data/squares/q/008_b1.png,q,008
data/squares/empty/008_c1.png,empty,008
data/squares/empty/008_d1.png,empty,008
data/squares/empty/008_e1.png,empty,008
data/squares/empty/008_f1.png,empty,008
data/squares/empty/008_g1.png,empty,008
data/squares/empty/008_h1.png,empty,008
data/squares/empty/009_a8.png,empty,009
data/squares/B/009_b8.png,B,009
data/squares/empty/009_c8.png,empty,009
data/squares/K/009_d8.png,K,009
data/squares/empty/009_e8.png,empty,009
data/squares/empty/009_f8.png,empty,009
data/squares/empty/009_g8.png,empty,009
data/squares/empty/009_h8.png,empty,009
data/squares/empty/009_a7.png,empty,009
data/squares/empty/009_b7.png,empty,009
data/squares/empty/009_c7.png,empty,009
data/squares/N/009_d7.png,N,009
data/squares/empty/009_e7.png,empty,009
data/squares/k/009_f7.png,k,009
data/squares/empty/009_g7.png,empty,009
data/squares/P/009_h7.png,P,009
data/squares/empty/009_a6.png,empty,009
data/squares/empty/009_b6.png,empty,009
data/squares/empty/009_c6.png,empty,009
data/squares/empty/009_d6.png,empty,009
data/squares/empty/009_e6.png,empty,009
data/squares/empty/009_f6.png,empty,009
data/squares/Q/009_g6.png,Q,009
data/squares/empty/009_h6.png,empty,009
data/squares/empty/009_a5.png,empty,009
data/squares/empty/009_b5.png,empty,009
data/squares/empty/009_c5.png,empty,009
data/squares/r/009_d5.png,r,009
data/squares/empty/009_e5.png,empty,009
data/squares/n/009_f5.png,n,009
data/squares/empty/009_g5.png,empty,009
data/squares/empty/009_h5.png,empty,009
data/squares/empty/009_a4.png,empty,009
data/squares/empty/009_b4.png,empty,009
data/squares/empty/009_c4.png,empty,009
data/squares/empty/009_d4.png,empty,009
data/squares/empty/009_e4.png,empty,009
data/squares/empty/009_f4.png,empty,009
data/squares/empty/009_g4.png,empty,009
data/squares/empty/009_h4.png,empty,009
data/squares/empty/009_a3.png,empty,009
data/squares/empty/009_b3.png,empty,009
data/squares/empty/009_c3.png,empty,009
data/squares/p/009_d3.png,p,009
data/squares/empty/009_e3.png,empty,009
data/squares/N/009_f3.png,N,009
data/squares/N/009_g3.png,N,009
data/squares/N/009_h3.png,N,009
data/squares/empty/009_a2.png,empty,009
data/squares/empty/009_b2.png,empty,009
data/squares/empty/009_c2.png,empty,009
data/squares/empty/009_d2.png,empty,009
data/squares/empty/009_e2.png,empty,009
data/squares/empty/009_f2.png,empty,009
data/squares/empty/009_g2.png,empty,009
data/squares/empty/009_h2.png,empty,009
data/squares/empty/009_a1.png,empty,009
data/squares/empty/009_b1.png,empty,009
data/squares/empty/009_c1.png,empty,009
data/squares/b/009_d1.png,b,009
data/squares/empty/009_e1.png,empty,009
data/squares/empty/009_f1.png,empty,009
data/squares/r/009_g1.png,r,009
data/squares/R/009_h1.png,R,009
data/squares/empty/010_a8.png,empty,010
data/squares/B/010_b8.png,B,010
data/squares/empty/010_c8.png,empty,010
data/squares/K/010_d8.png,K,010
data/squares/empty/010_e8.png,empty,010
data/squares/empty/010_f8.png,empty,010
data/squares/empty/010_g8.png,empty,010
data/squares/empty/010_h8.png,empty,010
data/squares/empty/010_a7.png,empty,010
data/squares/empty/010_b7.png,empty,010
data/squares/empty/010_c7.png,empty,010
data/squares/P/010_d7.png,P,010
data/squares/empty/010_e7.png,empty,010
data/squares/empty/010_f7.png,empty,010
data/squares/empty/010_g7.png,empty,010
data/squares/empty/010_h7.png,empty,010
data/squares/empty/010_a6.png,empty,010
data/squares/empty/010_b6.png,empty,010
data/squares/empty/010_c6.png,empty,010
data/squares/empty/010_d6.png,empty,010
data/squares/empty/010_e6.png,empty,010
data/squares/empty/010_f6.png,empty,010
data/squares/k/010_g6.png,k,010
data/squares/empty/010_h6.png,empty,010
data/squares/empty/010_a5.png,empty,010
data/squares/p/010_b5.png,p,010
data/squares/empty/010_c5.png,empty,010
data/squares/empty/010_d5.png,empty,010
data/squares/empty/010_e5.png,empty,010
data/squares/empty/010_f5.png,empty,010
data/squares/empty/010_g5.png,empty,010
data/squares/empty/010_h5.png,empty,010
data/squares/empty/010_a4.png,empty,010
data/squares/empty/010_b4.png,empty,010
data/squares/empty/010_c4.png,empty,010
data/squares/empty/010_d4.png,empty,010
data/squares/empty/010_e4.png,empty,010
data/squares/empty/010_f4.png,empty,010
data/squares/p/010_g4.png,p,010
data/squares/empty/010_h4.png,empty,010
data/squares/empty/010_a3.png,empty,010
data/squares/empty/010_b3.png,empty,010
data/squares/empty/010_c3.png,empty,010
data/squares/empty/010_d3.png,empty,010
data/squares/empty/010_e3.png,empty,010
data/squares/empty/010_f3.png,empty,010
data/squares/empty/010_g3.png,empty,010
data/squares/empty/010_h3.png,empty,010
data/squares/empty/010_a2.png,empty,010
data/squares/empty/010_b2.png,empty,010
data/squares/empty/010_c2.png,empty,010
data/squares/empty/010_d2.png,empty,010
data/squares/empty/010_e2.png,empty,010
data/squares/empty/010_f2.png,empty,010
data/squares/empty/010_g2.png,empty,010
data/squares/p/010_h2.png,p,010
data/squares/empty/010_a1.png,empty,010
data/squares/empty/010_b1.png,empty,010
data/squares/empty/010_c1.png,empty,010
data/squares/B/010_d1.png,B,010
data/squares/empty/010_e1.png,empty,010
data/squares/empty/010_f1.png,empty,010
data/squares/empty/010_g1.png,empty,010
data/squares/empty/010_h1.png,empty,010
data/squares/empty/011_a8.png,empty,011
data/squares/B/011_b8.png,B,011
data/squares/empty/011_c8.png,empty,011
data/squares/K/011_d8.png,K,011
data/squares/empty/011_e8.png,empty,011
data/squares/empty/011_f8.png,empty,011
data/squares/empty/011_g8.png,empty,011
data/squares/empty/011_h8.png,empty,011
data/squares/empty/011_a7.png,empty,011
data/squares/empty/011_b7.png,empty,011
data/squares/empty/011_c7.png,empty,011
data/squares/empty/011_d7.png,empty,011
data/squares/n/011_e7.png,n,011
data/squares/empty/011_f7.png,empty,011
data/squares/empty/011_g7.png,empty,011
data/squares/empty/011_h7.png,empty,011
data/squares/empty/011_a6.png,empty,011
data/squares/empty/011_b6.png,empty,011
data/squares/empty/011_c6.png,empty,011
data/squares/empty/011_d6.png,empty,011
data/squares/P/011_e6.png,P,011
data/squares/empty/011_f6.png,empty,011
data/squares/empty/011_g6.png,empty,011
data/squares/empty/011_h6.png,empty,011
data/squares/empty/011_a5.png,empty,011
data/squares/empty/011_b5.png,empty,011
data/squares/empty/011_c5.png,empty,011
data/squares/empty/011_d5.png,empty,011
data/squares/empty/011_e5.png,empty,011
data/squares/empty/011_f5.png,empty,011
data/squares/empty/011_g5.png,empty,011
data/squares/empty/011_h5.png,empty,011
data/squares/empty/011_a4.png,empty,011
data/squares/empty/011_b4.png,empty,011
data/squares/empty/011_c4.png,empty,011
data/squares/empty/011_d4.png,empty,011
data/squares/Q/011_e4.png,Q,011
data/squares/empty/011_f4.png,empty,011
data/squares/r/011_g4.png,r,011
data/squares/empty/011_h4.png,empty,011
data/squares/empty/011_a3.png,empty,011
data/squares/empty/011_b3.png,empty,011
data/squares/empty/011_c3.png,empty,011
data/squares/n/011_d3.png,n,011
data/squares/k/011_e3.png,k,011
data/squares/empty/011_f3.png,empty,011
data/squares/empty/011_g3.png,empty,011
data/squares/empty/011_h3.png,empty,011
data/squares/r/011_a2.png,r,011
data/squares/empty/011_b2.png,empty,011
data/squares/empty/011_c2.png,empty,011
data/squares/empty/011_d2.png,empty,011
data/squares/empty/011_e2.png,empty,011
data/squares/empty/011_f2.png,empty,011
data/squares/empty/011_g2.png,empty,011
data/squares/empty/011_h2.png,empty,011
data/squares/empty/011_a1.png,empty,011
data/squares/empty/011_b1.png,empty,011
data/squares/empty/011_c1.png,empty,011
data/squares/empty/011_d1.png,empty,011
data/squares/N/011_e1.png,N,011
data/squares/empty/011_f1.png,empty,011
data/squares/empty/011_g1.png,empty,011
data/squares/empty/011_h1.png,empty,011
data/squares/empty/012_a8.png,empty,012
data/squares/B/012_b8.png,B,012
data/squares/empty/012_c8.png,empty,012
data/squares/K/012_d8.png,K,012
data/squares/empty/012_e8.png,empty,012
data/squares/empty/012_f8.png,empty,012
data/squares/empty/012_g8.png,empty,012
data/squares/empty/012_h8.png,empty,012
data/squares/empty/012_a7.png,empty,012
data/squares/empty/012_b7.png,empty,012
data/squares/empty/012_c7.png,empty,012
data/squares/empty/012_d7.png,empty,012
data/squares/empty/012_e7.png,empty,012
data/squares/empty/012_f7.png,empty,012
data/squares/k/012_g7.png,k,012
data/squares/empty/012_h7.png,empty,012
data/squares/empty/012_a6.png,empty,012
data/squares/empty/012_b6.png,empty,012
data/squares/b/012_c6.png,b,012
data/squares/empty/012_d6.png,empty,012
data/squares/empty/012_e6.png,empty,012
data/squares/N/012_f6.png,N,012
data/squares/empty/012_g6.png,empty,012
data/squares/empty/012_h6.png,empty,012
data/squares/empty/012_a5.png,empty,012
data/squares/empty/012_b5.png,empty,012
data/squares/empty/012_c5.png,empty,012
data/squares/empty/012_d5.png,empty,012
data/squares/R/012_e5.png,R,012
data/squares/empty/012_f5.png,empty,012
data/squares/empty/012_g5.png,empty,012
data/squares/empty/012_h5.png,empty,012
data/squares/empty/012_a4.png,empty,012
data/squares/empty/012_b4.png,empty,012
data/squares/empty/012_c4.png,empty,012
data/squares/empty/012_d4.png,empty,012
data/squares/empty/012_e4.png,empty,012
data/squares/empty/012_f4.png,empty,012
data/squares/empty/012_g4.png,empty,012
data/squares/B/012_h4.png,B,012
data/squares/empty/012_a3.png,empty,012
data/squares/empty/012_b3.png,empty,012
data/squares/p/012_c3.png,p,012
data/squares/r/012_d3.png,r,012
data/squares/empty/012_e3.png,empty,012
data/squares/empty/012_f3.png,empty,012
data/squares/empty/012_g3.png,empty,012
data/squares/empty/012_h3.png,empty,012
data/squares/empty/012_a2.png,empty,012
data/squares/empty/012_b2.png,empty,012
data/squares/R/012_c2.png,R,012
data/squares/empty/012_d2.png,empty,012
data/squares/P/012_e2.png,P,012
data/squares/empty/012_f2.png,empty,012
data/squares/empty/012_g2.png,empty,012
data/squares/empty/012_h2.png,empty,012
data/squares/n/012_a1.png,n,012
data/squares/empty/012_b1.png,empty,012
data/squares/empty/012_c1.png,empty,012
data/squares/empty/012_d1.png,empty,012
data/squares/empty/012_e1.png,empty,012
data/squares/n/012_f1.png,n,012
data/squares/empty/012_g1.png,empty,012
data/squares/n/012_h1.png,n,012
data/squares/empty/013_a8.png,empty,013
data/squares/B/013_b8.png,B,013
data/squares/empty/013_c8.png,empty,013
data/squares/N/013_d8.png,N,013
data/squares/empty/013_e8.png,empty,013
data/squares/B/013_f8.png,B,013
data/squares/empty/013_g8.png,empty,013
data/squares/n/013_h8.png,n,013
data/squares/empty/013_a7.png,empty,013
data/squares/empty/013_b7.png,empty,013
data/squares/empty/013_c7.png,empty,013
data/squares/empty/013_d7.png,empty,013
data/squares/K/013_e7.png,K,013
data/squares/empty/013_f7.png,empty,013
data/squares/empty/013_g7.png,empty,013
data/squares/k/013_h7.png,k,013
data/squares/empty/013_a6.png,empty,013
data/squares/empty/013_b6.png,empty,013
data/squares/n/013_c6.png,n,013
data/squares/empty/013_d6.png,empty,013
data/squares/empty/013_e6.png,empty,013
data/squares/empty/013_f6.png,empty,013
data/squares/empty/013_g6.png,empty,013
data/squares/empty/013_h6.png,empty,013
data/squares/empty/013_a5.png,empty,013
data/squares/empty/013_b5.png,empty,013
data/squares/empty/013_c5.png,empty,013
data/squares/P/013_d5.png,P,013
data/squares/empty/013_e5.png,empty,013
data/squares/empty/013_f5.png,empty,013
data/squares/empty/013_g5.png,empty,013
data/squares/empty/013_h5.png,empty,013
data/squares/B/013_a4.png,B,013
data/squares/empty/013_b4.png,empty,013
data/squares/empty/013_c4.png,empty,013
data/squares/empty/013_d4.png,empty,013
data/squares/empty/013_e4.png,empty,013
data/squares/empty/013_f4.png,empty,013
data/squares/empty/013_g4.png,empty,013
data/squares/empty/013_h4.png,empty,013
data/squares/empty/013_a3.png,empty,013
data/squares/empty/013_b3.png,empty,013
data/squares/b/013_c3.png,b,013
data/squares/empty/013_d3.png,empty,013
data/squares/empty/013_e3.png,empty,013
data/squares/empty/013_f3.png,empty,013
data/squares/empty/013_g3.png,empty,013
data/squares/empty/013_h3.png,empty,013
data/squares/empty/013_a2.png,empty,013
data/squares/empty/013_b2.png,empty,013
data/squares/p/013_c2.png,p,013
data/squares/empty/013_d2.png,empty,013
data/squares/empty/013_e2.png,empty,013
data/squares/empty/013_f2.png,empty,013
data/squares/N/013_g2.png,N,013
data/squares/empty/013_h2.png,empty,013
data/squares/r/013_a1.png,r,013
data/squares/N/013_b1.png,N,013
data/squares/empty/013_c1.png,empty,013
data/squares/empty/013_d1.png,empty,013
data/squares/empty/013_e1.png,empty,013
data/squares/empty/013_f1.png,empty,013
data/squares/empty/013_g1.png,empty,013
data/squares/n/013_h1.png,n,013
data/squares/empty/014_a8.png,empty,014
data/squares/B/014_b8.png,B,014
data/squares/empty/014_c8.png,empty,014
data/squares/N/014_d8.png,N,014
data/squares/empty/014_e8.png,empty,014
data/squares/empty/014_f8.png,empty,014
data/squares/empty/014_g8.png,empty,014
data/squares/empty/014_h8.png,empty,014
data/squares/empty/014_a7.png,empty,014
data/squares/empty/014_b7.png,empty,014
data/squares/empty/014_c7.png,empty,014
data/squares/R/014_d7.png,R,014
data/squares/empty/014_e7.png,empty,014
data/squares/empty/014_f7.png,empty,014
data/squares/empty/014_g7.png,empty,014
data/squares/empty/014_h7.png,empty,014
data/squares/n/014_a6.png,n,014
data/squares/empty/014_b6.png,empty,014
data/squares/empty/014_c6.png,empty,014
data/squares/b/014_d6.png,b,014
data/squares/empty/014_e6.png,empty,014
data/squares/empty/014_f6.png,empty,014
data/squares/empty/014_g6.png,empty,014
data/squares/empty/014_h6.png,empty,014
data/squares/empty/014_a5.png,empty,014
data/squares/empty/014_b5.png,empty,014
data/squares/empty/014_c5.png,empty,014
data/squares/empty/014_d5.png,empty,014
data/squares/empty/014_e5.png,empty,014
data/squares/empty/014_f5.png,empty,014
data/squares/empty/014_g5.png,empty,014
data/squares/empty/014_h5.png,empty,014
data/squares/empty/014_a4.png,empty,014
data/squares/empty/014_b4.png,empty,014
data/squares/empty/014_c4.png,empty,014
data/squares/empty/014_d4.png,empty,014
data/squares/empty/014_e4.png,empty,014
data/squares/empty/014_f4.png,empty,014
data/squares/empty/014_g4.png,empty,014
data/squares/empty/014_h4.png,empty,014
data/squares/b/014_a3.png,b,014
data/squares/empty/014_b3.png,empty,014
data/squares/empty/014_c3.png,empty,014
data/squares/P/014_d3.png,P,014
data/squares/empty/014_e3.png,empty,014
data/squares/empty/014_f3.png,empty,014
data/squares/empty/014_g3.png,empty,014
data/squares/empty/014_h3.png,empty,014
data/squares/empty/014_a2.png,empty,014
data/squares/empty/014_b2.png,empty,014
data/squares/empty/014_c2.png,empty,014
data/squares/empty/014_d2.png,empty,014
data/squares/empty/014_e2.png,empty,014
data/squares/b/014_f2.png,b,014
data/squares/empty/014_g2.png,empty,014
data/squares/empty/014_h2.png,empty,014
data/squares/empty/014_a1.png,empty,014
data/squares/empty/014_b1.png,empty,014
data/squares/K/014_c1.png,K,014
data/squares/empty/014_d1.png,empty,014
data/squares/b/014_e1.png,b,014
data/squares/empty/014_f1.png,empty,014
data/squares/empty/014_g1.png,empty,014
data/squares/k/014_h1.png,k,014
data/squares/empty/015_a8.png,empty,015
data/squares/B/015_b8.png,B,015
data/squares/empty/015_c8.png,empty,015
data/squares/N/015_d8.png,N,015
data/squares/empty/015_e8.png,empty,015
data/squares/empty/015_f8.png,empty,015
data/squares/empty/015_g8.png,empty,015
data/squares/empty/015_h8.png,empty,015
data/squares/empty/015_a7.png,empty,015
data/squares/empty/015_b7.png,empty,015
data/squares/empty/015_c7.png,empty,015
data/squares/empty/015_d7.png,empty,015
data/squares/empty/015_e7.png,empty,015
data/squares/empty/015_f7.png,empty,015
data/squares/empty/015_g7.png,empty,015
data/squares/k/015_h7.png,k,015
data/squares/empty/015_a6.png,empty,015
data/squares/r/015_b6.png,r,015
data/squares/P/015_c6.png,P,015
data/squares/empty/015_d6.png,empty,015
data/squares/empty/015_e6.png,empty,015
data/squares/empty/015_f6.png,empty,015
data/squares/empty/015_g6.png,empty,015
data/squares/N/015_h6.png,N,015
data/squares/empty/015_a5.png,empty,015
data/squares/b/015_b5.png,b,015
data/squares/empty/015_c5.png,empty,015
data/squares/empty/015_d5.png,empty,015
data/squares/empty/015_e5.png,empty,015
data/squares/empty/015_f5.png,empty,015
data/squares/empty/015_g5.png,empty,015
data/squares/empty/015_h5.png,empty,015
data/squares/empty/015_a4.png,empty,015
data/squares/empty/015_b4.png,empty,015
data/squares/empty/015_c4.png,empty,015
data/squares/empty/015_d4.png,empty,015
data/squares/empty/015_e4.png,empty,015
data/squares/empty/015_f4.png,empty,015
data/squares/n/015_g4.png,n,015
data/squares/empty/015_h4.png,empty,015
data/squares/empty/015_a3.png,empty,015
data/squares/empty/015_b3.png,empty,015
data/squares/empty/015_c3.png,empty,015
data/squares/empty/015_d3.png,empty,015
data/squares/empty/015_e3.png,empty,015
data/squares/n/015_f3.png,n,015
data/squares/empty/015_g3.png,empty,015
data/squares/empty/015_h3.png,empty,015
data/squares/empty/015_a2.png,empty,015
data/squares/empty/015_b2.png,empty,015
data/squares/Q/015_c2.png,Q,015
data/squares/empty/015_d2.png,empty,015
data/squares/K/015_e2.png,K,015
data/squares/empty/015_f2.png,empty,015
data/squares/empty/015_g2.png,empty,015
data/squares/P/015_h2.png,P,015
data/squares/r/015_a1.png,r,015
data/squares/empty/015_b1.png,empty,015
data/squares/empty/015_c1.png,empty,015
data/squares/B/015_d1.png,B,015
data/squares/empty/015_e1.png,empty,015
data/squares/empty/015_f1.png,empty,015
data/squares/empty/015_g1.png,empty,015
data/squares/empty/015_h1.png,empty,015
data/squares/empty/016_a8.png,empty,016
data/squares/B/016_b8.png,B,016
data/squares/empty/016_c8.png,empty,016
data/squares/N/016_d8.png,N,016
data/squares/empty/016_e8.png,empty,016
data/squares/empty/016_f8.png,empty,016
data/squares/empty/016_g8.png,empty,016
data/squares/empty/016_h8.png,empty,016
data/squares/empty/016_a7.png,empty,016
data/squares/empty/016_b7.png,empty,016
data/squares/empty/016_c7.png,empty,016
data/squares/empty/016_d7.png,empty,016
data/squares/empty/016_e7.png,empty,016
data/squares/empty/016_f7.png,empty,016
data/squares/empty/016_g7.png,empty,016
data/squares/empty/016_h7.png,empty,016
data/squares/empty/016_a6.png,empty,016
data/squares/empty/016_b6.png,empty,016
data/squares/empty/016_c6.png,empty,016
data/squares/empty/016_d6.png,empty,016
data/squares/empty/016_e6.png,empty,016
data/squares/empty/016_f6.png,empty,016
data/squares/empty/016_g6.png,empty,016
data/squares/empty/016_h6.png,empty,016
data/squares/empty/016_a5.png,empty,016
data/squares/K/016_b5.png,K,016
data/squares/empty/016_c5.png,empty,016
data/squares/empty/016_d5.png,empty,016
data/squares/empty/016_e5.png,empty,016
data/squares/empty/016_f5.png,empty,016
data/squares/empty/016_g5.png,empty,016
data/squares/empty/016_h5.png,empty,016
data/squares/empty/016_a4.png,empty,016
data/squares/empty/016_b4.png,empty,016
data/squares/empty/016_c4.png,empty,016
data/squares/empty/016_d4.png,empty,016
data/squares/empty/016_e4.png,empty,016
data/squares/empty/016_f4.png,empty,016
data/squares/empty/016_g4.png,empty,016
data/squares/empty/016_h4.png,empty,016
data/squares/empty/016_a3.png,empty,016
data/squares/empty/016_b3.png,empty,016
data/squares/empty/016_c3.png,empty,016
data/squares/empty/016_d3.png,empty,016
data/squares/empty/016_e3.png,empty,016
data/squares/empty/016_f3.png,empty,016
data/squares/empty/016_g3.png,empty,016
data/squares/empty/016_h3.png,empty,016
data/squares/empty/016_a2.png,empty,016
data/squares/empty/016_b2.png,empty,016
data/squares/empty/016_c2.png,empty,016
data/squares/empty/016_d2.png,empty,016
data/squares/empty/016_e2.png,empty,016
data/squares/N/016_f2.png,N,016
data/squares/empty/016_g2.png,empty,016
data/squares/k/016_h2.png,k,016
data/squares/empty/016_a1.png,empty,016
data/squares/empty/016_b1.png,empty,016
data/squares/empty/016_c1.png,empty,016
data/squares/empty/016_d1.png,empty,016
data/squares/empty/016_e1.png,empty,016
data/squares/empty/016_f1.png,empty,016
data/squares/empty/016_g1.png,empty,016
data/squares/empty/016_h1.png,empty,016
data/squares/empty/017_a8.png,empty,017
data/squares/B/017_b8.png,B,017
data/squares/empty/017_c8.png,empty,017
data/squares/N/017_d8.png,N,017
data/squares/k/017_e8.png,k,017
data/squares/empty/017_f8.png,empty,017
data/squares/empty/017_g8.png,empty,017
data/squares/empty/017_h8.png,empty,017
data/squares/empty/017_a7.png,empty,017
data/squares/empty/017_b7.png,empty,017
data/squares/empty/017_c7.png,empty,017
data/squares/n/017_d7.png,n,017
data/squares/empty/017_e7.png,empty,017
data/squares/empty/017_f7.png,empty,017
data/squares/empty/017_g7.png,empty,017
data/squares/empty/017_h7.png,empty,017
data/squares/empty/017_a6.png,empty,017
data/squares/empty/017_b6.png,empty,017
data/squares/B/017_c6.png,B,017
data/squares/empty/017_d6.png,empty,017
data/squares/empty/017_e6.png,empty,017
data/squares/empty/017_f6.png,empty,017
data/squares/empty/017_g6.png,empty,017
data/squares/empty/017_h6.png,empty,017
data/squares/empty/017_a5.png,empty,017
data/squares/empty/017_b5.png,empty,017
data/squares/empty/017_c5.png,empty,017
data/squares/empty/017_d5.png,empty,017
data/squares/b/017_e5.png,b,017
data/squares/b/017_f5.png,b,017
data/squares/empty/017_g5.png,empty,017
data/squares/empty/017_h5.png,empty,017
data/squares/K/017_a4.png,K,017
data/squares/empty/017_b4.png,empty,017
data/squares/empty/017_c4.png,empty,017
data/squares/empty/017_d4.png,empty,017
data/squares/empty/017_e4.png,empty,017
data/squares/B/017_f4.png,B,017
data/squares/empty/017_g4.png,empty,017
data/squares/empty/017_h4.png,empty,017
data/squares/empty/017_a3.png,empty,017
data/squares/empty/017_b3.png,empty,017
data/squares/empty/017_c3.png,empty,017
data/squares/empty/017_d3.png,empty,017
data/squares/r/017_e3.png,r,017
data/squares/empty/017_f3.png,empty,017
data/squares/empty/017_g3.png,empty,017
data/squares/p/017_h3.png,p,017
data/squares/empty/017_a2.png,empty,017
data/squares/empty/017_b2.png,empty,017
data/squares/empty/017_c2.png,empty,017
data/squares/empty/017_d2.png,empty,017
data/squares/empty/017_e2.png,empty,017
data/squares/empty/017_f2.png,empty,017
data/squares/R/017_g2.png,R,017
data/squares/empty/017_h2.png,empty,017
data/squares/empty/017_a1.png,empty,017
data/squares/r/017_b1.png,r,017
data/squares/empty/017_c1.png,empty,017
data/squares/empty/017_d1.png,empty,017
data/squares/empty/017_e1.png,empty,017
data/squares/empty/017_f1.png,empty,017
data/squares/empty/017_g1.png,empty,017
data/squares/empty/017_h1.png,empty,017
data/squares/empty/018_a8.png,empty,018
data/squares/B/018_b8.png,B,018
data/squares/empty/018_c8.png,empty,018
data/squares/Q/018_d8.png,Q,018
data/squares/empty/018_e8.png,empty,018
data/squares/empty/018_f8.png,empty,018
data/squares/B/018_g8.png,B,018
data/squares/empty/018_h8.png,empty,018
data/squares/empty/018_a7.png,empty,018
data/squares/empty/018_b7.png,empty,018
data/squares/empty/018_c7.png,empty,018
data/squares/empty/018_d7.png,empty,018
data/squares/empty/018_e7.png,empty,018
data/squares/empty/018_f7.png,empty,018
data/squares/empty/018_g7.png,empty,018
data/squares/empty/018_h7.png,empty,018
data/squares/empty/018_a6.png,empty,018
data/squares/K/018_b6.png,K,018
data/squares/empty/018_c6.png,empty,018
data/squares/empty/018_d6.png,empty,018
data/squares/empty/018_e6.png,empty,018
data/squares/empty/018_f6.png,empty,018
data/squares/empty/018_g6.png,empty,018
data/squares/empty/018_h6.png,empty,018
data/squares/empty/018_a5.png,empty,018
data/squares/empty/018_b5.png,empty,018
data/squares/empty/018_c5.png,empty,018
data/squares/empty/018_d5.png,empty,018
data/squares/empty/018_e5.png,empty,018
data/squares/empty/018_f5.png,empty,018
data/squares/empty/018_g5.png,empty,018
data/squares/empty/018_h5.png,empty,018
data/squares/empty/018_a4.png,empty,018
data/squares/empty/018_b4.png,empty,018
data/squares/empty/018_c4.png,empty,018
data/squares/k/018_d4.png,k,018
data/squares/empty/018_e4.png,empty,018
data/squares/empty/018_f4.png,empty,018
data/squares/empty/018_g4.png,empty,018
data/squares/empty/018_h4.png,empty,018
data/squares/empty/018_a3.png,empty,018
data/squares/empty/018_b3.png,empty,018
data/squares/empty/018_c3.png,empty,018
data/squares/empty/018_d3.png,empty,018
data/squares/empty/018_e3.png,empty,018
data/squares/empty/018_f3.png,empty,018
data/squares/B/018_g3.png,B,018
data/squares/empty/018_h3.png,empty,018
data/squares/n/018_a2.png,n,018
data/squares/P/018_b2.png,P,018
data/squares/empty/018_c2.png,empty,018
data/squares/empty/018_d2.png,empty,018
data/squares/empty/018_e2.png,empty,018
data/squares/P/018_f2.png,P,018
data/squares/empty/018_g2.png,empty,018
data/squares/empty/018_h2.png,empty,018
data/squares/empty/018_a1.png,empty,018
data/squares/empty/018_b1.png,empty,018
data/squares/empty/018_c1.png,empty,018
data/squares/empty/018_d1.png,empty,018
data/squares/empty/018_e1.png,empty,018
data/squares/empty/018_f1.png,empty,018
data/squares/empty/018_g1.png,empty,018
data/squares/empty/018_h1.png,empty,018
data/squares/empty/019_a8.png,empty,019
data/squares/B/019_b8.png,B,019
data/squares/empty/019_c8.png,empty,019
data/squares/R/019_d8.png,R,019
data/squares/empty/019_e8.png,empty,019
data/squares/empty/019_f8.png,empty,019
data/squares/N/019_g8.png,N,019
data/squares/empty/019_h8.png,empty,019
data/squares/empty/019_a7.png,empty,019
data/squares/empty/019_b7.png,empty,019
data/squares/empty/019_c7.png,empty,019
data/squares/empty/019_d7.png,empty,019
data/squares/N/019_e7.png,N,019
data/squares/K/019_f7.png,K,019
data/squares/r/019_g7.png,r,019
data/squares/empty/019_h7.png,empty,019
data/squares/P/019_a6.png,P,019
data/squares/empty/019_b6.png,empty,019
data/squares/b/019_c6.png,b,019
data/squares/empty/019_d6.png,empty,019
data/squares/empty/019_e6.png,empty,019
data/squares/empty/019_f6.png,empty,019
data/squares/empty/019_g6.png,empty,019
data/squares/empty/019_h6.png,empty,019
data/squares/empty/019_a5.png,empty,019
data/squares/empty/019_b5.png,empty,019
data/squares/empty/019_c5.png,empty,019
data/squares/empty/019_d5.png,empty,019
data/squares/empty/019_e5.png,empty,019
data/squares/empty/019_f5.png,empty,019
data/squares/empty/019_g5.png,empty,019
data/squares/p/019_h5.png,p,019
data/squares/empty/019_a4.png,empty,019
data/squares/p/019_b4.png,p,019
data/squares/empty/019_c4.png,empty,019
data/squares/empty/019_d4.png,empty,019
data/squares/empty/019_e4.png,empty,019
data/squares/empty/019_f4.png,empty,019
data/squares/empty/019_g4.png,empty,019
data/squares/b/019_h4.png,b,019
data/squares/p/019_a3.png,p,019
data/squares/empty/019_b3.png,empty,019
data/squares/empty/019_c3.png,empty,019
data/squares/empty/019_d3.png,empty,019
data/squares/empty/019_e3.png,empty,019
data/squares/R/019_f3.png,R,019
data/squares/empty/019_g3.png,empty,019
data/squares/empty/019_h3.png,empty,019
data/squares/empty/019_a2.png,empty,019
data/squares/empty/019_b2.png,empty,019
data/squares/empty/019_c2.png,empty,019
data/squares/empty/019_d2.png,empty,019
data/squares/n/019_e2.png,n,019
data/squares/empty/019_f2.png,empty,019
data/squares/empty/019_g2.png,empty,019
data/squares/empty/019_h2.png,empty,019
data/squares/empty/019_a1.png,empty,019
data/squares/empty/019_b1.png,empty,019
data/squares/empty/019_c1.png,empty,019
data/squares/empty/019_d1.png,empty,019
data/squares/empty/019_e1.png,empty,019
data/squares/empty/019_f1.png,empty,019
data/squares/k/019_g1.png,k,019
data/squares/empty/019_h1.png,empty,019
data/squares/empty/020_a8.png,empty,020
data/squares/B/020_b8.png,B,020
data/squares/empty/020_c8.png,empty,020
data/squares/R/020_d8.png,R,020
data/squares/empty/020_e8.png,empty,020
data/squares/empty/020_f8.png,empty,020
data/squares/empty/020_g8.png,empty,020
data/squares/R/020_h8.png,R,020
data/squares/empty/020_a7.png,empty,020
data/squares/empty/020_b7.png,empty,020
data/squares/empty/020_c7.png,empty,020
data/squares/k/020_d7.png,k,020
data/squares/empty/020_e7.png,empty,020
data/squares/empty/020_f7.png,empty,020
data/squares/empty/020_g7.png,empty,020
data/squares/P/020_h7.png,P,020
data/squares/empty/020_a6.png,empty,020
data/squares/empty/020_b6.png,empty,020
data/squares/empty/020_c6.png,empty,020
data/squares/empty/020_d6.png,empty,020
data/squares/empty/020_e6.png,empty,020
data/squares/empty/020_f6.png,empty,020
data/squares/empty/020_g6.png,empty,020
data/squares/R/020_h6.png,R,020
data/squares/b/020_a5.png,b,020
data/squares/empty/020_b5.png,empty,020
data/squares/R/020_c5.png,R,020
data/squares/empty/020_d5.png,empty,020
data/squares/empty/020_e5.png,empty,020
data/squares/empty/020_f5.png,empty,020
data/squares/B/020_g5.png,B,020
data/squares/b/020_h5.png,b,020
data/squares/empty/020_a4.png,empty,020
data/squares/Q/020_b4.png,Q,020
data/squares/empty/020_c4.png,empty,020
data/squares/empty/020_d4.png,empty,020
data/squares/empty/020_e4.png,empty,020
data/squares/empty/020_f4.png,empty,020
data/squares/empty/020_g4.png,empty,020
data/squares/empty/020_h4.png,empty,020
data/squares/empty/020_a3.png,empty,020
data/squares/K/020_b3.png,K,020
data/squares/P/020_c3.png,P,020
data/squares/empty/020_d3.png,empty,020
data/squares/empty/020_e3.png,empty,020
data/squares/empty/020_f3.png,empty,020
data/squares/empty/020_g3.png,empty,020
data/squares/empty/020_h3.png,empty,020
data/squares/empty/020_a2.png,empty,020
data/squares/R/020_b2.png,R,020
data/squares/empty/020_c2.png,empty,020
data/squares/empty/020_d2.png,empty,020
data/squares/empty/020_e2.png,empty,020
data/squares/empty/020_f2.png,empty,020
data/squares/q/020_g2.png,q,020
data/squares/empty/020_h2.png,empty,020
data/squares/empty/020_a1.png,empty,020
data/squares/empty/020_b1.png,empty,020
data/squares/empty/020_c1.png,empty,020
data/squares/empty/020_d1.png,empty,020
data/squares/empty/020_e1.png,empty,020
data/squares/empty/020_f1.png,empty,020
data/squares/empty/020_g1.png,empty,020
data/squares/empty/020_h1.png,empty,020
data/squares/empty/021_a8.png,empty,021
data/squares/B/021_b8.png,B,021
data/squares/empty/021_c8.png,empty,021
data/squares/R/021_d8.png,R,021
data/squares/empty/021_e8.png,empty,021
data/squares/empty/021_f8.png,empty,021
data/squares/empty/021_g8.png,empty,021
data/squares/empty/021_h8.png,empty,021
data/squares/empty/021_a7.png,empty,021
data/squares/n/021_b7.png,n,021
data/squares/empty/021_c7.png,empty,021
data/squares/q/021_d7.png,q,021
data/squares/empty/021_e7.png,empty,021
data/squares/empty/021_f7.png,empty,021
data/squares/p/021_g7.png,p,021
data/squares/k/021_h7.png,k,021
data/squares/empty/021_a6.png,empty,021
data/squares/empty/021_b6.png,empty,021
data/squares/empty/021_c6.png,empty,021
data/squares/empty/021_d6.png,empty,021
data/squares/empty/021_e6.png,empty,021
data/squares/empty/021_f6.png,empty,021
data/squares/empty/021_g6.png,empty,021
data/squares/empty/021_h6.png,empty,021
data/squares/empty/021_a5.png,empty,021
data/squares/empty/021_b5.png,empty,021
data/squares/empty/021_c5.png,empty,021
data/squares/empty/021_d5.png,empty,021
data/squares/empty/021_e5.png,empty,021
data/squares/empty/021_f5.png,empty,021
data/squares/B/021_g5.png,B,021
data/squares/R/021_h5.png,R,021
data/squares/empty/021_a4.png,empty,021
data/squares/empty/021_b4.png,empty,021
data/squares/empty/021_c4.png,empty,021
data/squares/empty/021_d4.png,empty,021
data/squares/empty/021_e4.png,empty,021
data/squares/empty/021_f4.png,empty,021
data/squares/N/021_g4.png,N,021
data/squares/b/021_h4.png,b,021
data/squares/empty/021_a3.png,empty,021
data/squares/empty/021_b3.png,empty,021
data/squares/empty/021_c3.png,empty,021
data/squares/empty/021_d3.png,empty,021
data/squares/empty/021_e3.png,empty,021
data/squares/empty/021_f3.png,empty,021
data/squares/empty/021_g3.png,empty,021
data/squares/empty/021_h3.png,empty,021
data/squares/N/021_a2.png,N,021
data/squares/empty/021_b2.png,empty,021
data/squares/empty/021_c2.png,empty,021
data/squares/empty/021_d2.png,empty,021
data/squares/empty/021_e2.png,empty,021
data/squares/empty/021_f2.png,empty,021
data/squares/empty/021_g2.png,empty,021
data/squares/empty/021_h2.png,empty,021
data/squares/empty/021_a1.png,empty,021
data/squares/empty/021_b1.png,empty,021
data/squares/empty/021_c1.png,empty,021
data/squares/K/021_d1.png,K,021
data/squares/empty/021_e1.png,empty,021
data/squares/empty/021_f1.png,empty,021
data/squares/empty/021_g1.png,empty,021
data/squares/empty/021_h1.png,empty,021
data/squares/empty/022_a8.png,empty,022
data/squares/B/022_b8.png,B,022
data/squares/empty/022_c8.png,empty,022
data/squares/R/022_d8.png,R,022
data/squares/empty/022_e8.png,empty,022
data/squares/empty/022_f8.png,empty,022
data/squares/empty/022_g8.png,empty,022
data/squares/empty/022_h8.png,empty,022
data/squares/empty/022_a7.png,empty,022
data/squares/empty/022_b7.png,empty,022
data/squares/empty/022_c7.png,empty,022
data/squares/empty/022_d7.png,empty,022
data/squares/empty/022_e7.png,empty,022
data/squares/empty/022_f7.png,empty,022
data/squares/P/022_g7.png,P,022
data/squares/empty/022_h7.png,empty,022
data/squares/b/022_a6.png,b,022
data/squares/empty/022_b6.png,empty,022
data/squares/empty/022_c6.png,empty,022
data/squares/empty/022_d6.png,empty,022
data/squares/empty/022_e6.png,empty,022
data/squares/K/022_f6.png,K,022
data/squares/empty/022_g6.png,empty,022
data/squares/r/022_h6.png,r,022
data/squares/empty/022_a5.png,empty,022
data/squares/q/022_b5.png,q,022
data/squares/empty/022_c5.png,empty,022
data/squares/empty/022_d5.png,empty,022
data/squares/empty/022_e5.png,empty,022
data/squares/empty/022_f5.png,empty,022
data/squares/empty/022_g5.png,empty,022
data/squares/empty/022_h5.png,empty,022
data/squares/empty/022_a4.png,empty,022
data/squares/empty/022_b4.png,empty,022
data/squares/empty/022_c4.png,empty,022
data/squares/empty/022_d4.png,empty,022
data/squares/b/022_e4.png,b,022
data/squares/P/022_f4.png,P,022
data/squares/r/022_g4.png,r,022
data/squares/empty/022_h4.png,empty,022
data/squares/empty/022_a3.png,empty,022
data/squares/empty/022_b3.png,empty,022
data/squares/empty/022_c3.png,empty,022
data/squares/empty/022_d3.png,empty,022
data/squares/B/022_e3.png,B,022
data/squares/empty/022_f3.png,empty,022
data/squares/k/022_g3.png,k,022
data/squares/empty/022_h3.png,empty,022
data/squares/empty/022_a2.png,empty,022
data/squares/empty/022_b2.png,empty,022
data/squares/empty/022_c2.png,empty,022
data/squares/B/022_d2.png,B,022
data/squares/empty/022_e2.png,empty,022
data/squares/empty/022_f2.png,empty,022
data/squares/P/022_g2.png,P,022
data/squares/empty/022_h2.png,empty,022
data/squares/empty/022_a1.png,empty,022
data/squares/empty/022_b1.png,empty,022
data/squares/empty/022_c1.png,empty,022
data/squares/empty/022_d1.png,empty,022
data/squares/empty/022_e1.png,empty,022
data/squares/empty/022_f1.png,empty,022
data/squares/empty/022_g1.png,empty,022
data/squares/empty/022_h1.png,empty,022
data/squares/empty/023_a8.png,empty,023
data/squares/B/023_b8.png,B,023
data/squares/empty/023_c8.png,empty,023
data/squares/R/023_d8.png,R,023
data/squares/empty/023_e8.png,empty,023
data/squares/empty/023_f8.png,empty,023
data/squares/empty/023_g8.png,empty,023
data/squares/empty/023_h8.png,empty,023
data/squares/empty/023_a7.png,empty,023
data/squares/empty/023_b7.png,empty,023
data/squares/empty/023_c7.png,empty,023
data/squares/empty/023_d7.png,empty,023
data/squares/empty/023_e7.png,empty,023
data/squares/empty/023_f7.png,empty,023
data/squares/r/023_g7.png,r,023
data/squares/empty/023_h7.png,empty,023
data/squares/empty/023_a6.png,empty,023
data/squares/empty/023_b6.png,empty,023
data/squares/empty/023_c6.png,empty,023
data/squares/B/023_d6.png,B,023
data/squares/empty/023_e6.png,empty,023
data/squares/empty/023_f6.png,empty,023
data/squares/k/023_g6.png,k,023
data/squares/empty/023_h6.png,empty,023
data/squares/empty/023_a5.png,empty,023
data/squares/empty/023_b5.png,empty,023
data/squares/empty/023_c5.png,empty,023
data/squares/empty/023_d5.png,empty,023
data/squares/empty/023_e5.png,empty,023
data/squares/empty/023_f5.png,empty,023
data/squares/empty/023_g5.png,empty,023
data/squares/Q/023_h5.png,Q,023
data/squares/R/023_a4.png,R,023
data/squares/empty/023_b4.png,empty,023
data/squares/r/023_c4.png,r,023
data/squares/K/023_d4.png,K,023
data/squares/empty/023_e4.png,empty,023
data/squares/empty/023_f4.png,empty,023
data/squares/empty/023_g4.png,empty,023
data/squares/empty/023_h4.png,empty,023
data/squares/empty/023_a3.png,empty,023
data/squares/p/023_b3.png,p,023
data/squares/empty/023_c3.png,empty,023
data/squares/empty/023_d3.png,empty,023
data/squares/N/023_e3.png,N,023
data/squares/empty/023_f3.png,empty,023
data/squares/empty/023_g3.png,empty,023
data/squares/empty/023_h3.png,empty,023
data/squares/empty/023_a2.png,empty,023
data/squares/empty/023_b2.png,empty,023
data/squares/empty/023_c2.png,empty,023
data/squares/empty/023_d2.png,empty,023
data/squares/empty/023_e2.png,empty,023
data/squares/empty/023_f2.png,empty,023
data/squares/empty/023_g2.png,empty,023
data/squares/empty/023_h2.png,empty,023
data/squares/empty/023_a1.png,empty,023
data/squares/empty/023_b1.png,empty,023
data/squares/n/023_c1.png,n,023
data/squares/empty/023_d1.png,empty,023
data/squares/n/023_e1.png,n,023
data/squares/b/023_f1.png,b,023
data/squares/empty/023_g1.png,empty,023
data/squares/empty/023_h1.png,empty,023
data/squares/empty/024_a8.png,empty,024
data/squares/B/024_b8.png,B,024
data/squares/empty/024_c8.png,empty,024
data/squares/R/024_d8.png,R,024
data/squares/empty/024_e8.png,empty,024
data/squares/empty/024_f8.png,empty,024
data/squares/empty/024_g8.png,empty,024
data/squares/empty/024_h8.png,empty,024
data/squares/r/024_a7.png,r,024
data/squares/empty/024_b7.png,empty,024
data/squares/empty/024_c7.png,empty,024
data/squares/n/024_d7.png,n,024
data/squares/empty/024_e7.png,empty,024
data/squares/empty/024_f7.png,empty,024
data/squares/empty/024_g7.png,empty,024
data/squares/empty/024_h7.png,empty,024
data/squares/r/024_a6.png,r,024
data/squares/empty/024_b6.png,empty,024
data/squares/empty/024_c6.png,empty,024
data/squares/empty/024_d6.png,empty,024
data/squares/empty/024_e6.png,empty,024
data/squares/empty/024_f6.png,empty,024
data/squares/empty/024_g6.png,empty,024
data/squares/empty/024_h6.png,empty,024
data/squares/R/024_a5.png,R,024
data/squares/Q/024_b5.png,Q,024
data/squares/empty/024_c5.png,empty,024
data/squares/empty/024_d5.png,empty,024
data/squares/empty/024_e5.png,empty,024
data/squares/b/024_f5.png,b,024
data/squares/empty/024_g5.png,empty,024
data/squares/empty/024_h5.png,empty,024
data/squares/empty/024_a4.png,empty,024
data/squares/p/024_b4.png,p,024
data/squares/empty/024_c4.png,empty,024
data/squares/empty/024_d4.png,empty,024
data/squares/empty/024_e4.png,empty,024
data/squares/empty/024_f4.png,empty,024
data/squares/empty/024_g4.png,empty,024
data/squares/empty/024_h4.png,empty,024
data/squares/empty/024_a3.png,empty,024
data/squares/empty/024_b3.png,empty,024
data/squares/empty/024_c3.png,empty,024
data/squares/b/024_d3.png,b,024
data/squares/empty/024_e3.png,empty,024
data/squares/empty/024_f3.png,empty,024
data/squares/empty/024_g3.png,empty,024
data/squares/empty/024_h3.png,empty,024
data/squares/empty/024_a2.png,empty,024
data/squares/empty/024_b2.png,empty,024
data/squares/empty/024_c2.png,empty,024
data/squares/k/024_d2.png,k,024
data/squares/empty/024_e2.png,empty,024
data/squares/empty/024_f2.png,empty,024
data/squares/empty/024_g2.png,empty,024
data/squares/empty/024_h2.png,empty,024
data/squares/K/024_a1.png,K,024
data/squares/empty/024_b1.png,empty,024
data/squares/empty/024_c1.png,empty,024
data/squares/empty/024_d1.png,empty,024
data/squares/empty/024_e1.png,empty,024
data/squares/empty/024_f1.png,empty,024
data/squares/empty/024_g1.png,empty,024
data/squares/empty/024_h1.png,empty,024
data/squares/empty/025_a8.png,empty,025
data/squares/B/025_b8.png,B,025
data/squares/empty/025_c8.png,empty,025
data/squares/R/025_d8.png,R,025
data/squares/n/025_e8.png,n,025
data/squares/empty/025_f8.png,empty,025
data/squares/empty/025_g8.png,empty,025
data/squares/q/025_h8.png,q,025
data/squares/empty/025_a7.png,empty,025
data/squares/empty/025_b7.png,empty,025
data/squares/empty/025_c7.png,empty,025
data/squares/empty/025_d7.png,empty,025
data/squares/empty/025_e7.png,empty,025
data/squares/empty/025_f7.png,empty,025
data/squares/empty/025_g7.png,empty,025
data/squares/empty/025_h7.png,empty,025
data/squares/empty/025_a6.png,empty,025
data/squares/p/025_b6.png,p,025
data/squares/empty/025_c6.png,empty,025
data/squares/empty/025_d6.png,empty,025
data/squares/empty/025_e6.png,empty,025
data/squares/empty/025_f6.png,empty,025
data/squares/empty/025_g6.png,empty,025
data/squares/empty/025_h6.png,empty,025
data/squares/empty/025_a5.png,empty,025
data/squares/empty/025_b5.png,empty,025
data/squares/empty/025_c5.png,empty,025
data/squares/empty/025_d5.png,empty,025
data/squares/B/025_e5.png,B,025
data/squares/empty/025_f5.png,empty,025
data/squares/empty/025_g5.png,empty,025
data/squares/empty/025_h5.png,empty,025
data/squares/empty/025_a4.png,empty,025
data/squares/empty/025_b4.png,empty,025
data/squares/empty/025_c4.png,empty,025
data/squares/empty/025_d4.png,empty,025
data/squares/empty/025_e4.png,empty,025
data/squares/empty/025_f4.png,empty,025
data/squares/empty/025_g4.png,empty,025
data/squares/empty/025_h4.png,empty,025
data/squares/empty/025_a3.png,empty,025
data/squares/empty/025_b3.png,empty,025
data/squares/empty/025_c3.png,empty,025
data/squares/n/025_d3.png,n,025
data/squares/empty/025_e3.png,empty,025
data/squares/empty/025_f3.png,empty,025
data/squares/B/025_g3.png,B,025
data/squares/empty/025_h3.png,empty,025
data/squares/P/025_a2.png,P,025
data/squares/r/025_b2.png,r,025
data/squares/empty/025_c2.png,empty,025
data/squares/empty/025_d2.png,empty,025
data/squares/empty/025_e2.png,empty,025
data/squares/empty/025_f2.png,empty,025
data/squares/empty/025_g2.png,empty,025
data/squares/empty/025_h2.png,empty,025
data/squares/empty/025_a1.png,empty,025
data/squares/K/025_b1.png,K,025
data/squares/R/025_c1.png,R,025
data/squares/b/025_d1.png,b,025
data/squares/R/025_e1.png,R,025
data/squares/k/025_f1.png,k,025
data/squares/empty/025_g1.png,empty,025
data/squares/empty/025_h1.png,empty,025
data/squares/empty/026_a8.png,empty,026
data/squares/B/026_b8.png,B,026
data/squares/empty/026_c8.png,empty,026
data/squares/b/026_d8.png,b,026
data/squares/empty/026_e8.png,empty,026
data/squares/empty/026_f8.png,empty,026
data/squares/empty/026_g8.png,empty,026
data/squares/empty/026_h8.png,empty,026
data/squares/empty/026_a7.png,empty,026
data/squares/Q/026_b7.png,Q,026
data/squares/empty/026_c7.png,empty,026
data/squares/empty/026_d7.png,empty,026
data/squares/b/026_e7.png,b,026
data/squares/empty/026_f7.png,empty,026
data/squares/empty/026_g7.png,empty,026
data/squares/empty/026_h7.png,empty,026
data/squares/empty/026_a6.png,empty,026
data/squares/empty/026_b6.png,empty,026
data/squares/empty/026_c6.png,empty,026
data/squares/empty/026_d6.png,empty,026
data/squares/empty/026_e6.png,empty,026
data/squares/empty/026_f6.png,empty,026
data/squares/empty/026_g6.png,empty,026
data/squares/empty/026_h6.png,empty,026
data/squares/empty/026_a5.png,empty,026
data/squares/empty/026_b5.png,empty,026
data/squares/empty/026_c5.png,empty,026
data/squares/empty/026_d5.png,empty,026
data/squares/empty/026_e5.png,empty,026
data/squares/empty/026_f5.png,empty,026
data/squares/r/026_g5.png,r,026
data/squares/n/026_h5.png,n,026
data/squares/empty/026_a4.png,empty,026
data/squares/empty/026_b4.png,empty,026
data/squares/empty/026_c4.png,empty,026
data/squares/N/026_d4.png,N,026
data/squares/K/026_e4.png,K,026
data/squares/empty/026_f4.png,empty,026
data/squares/empty/026_g4.png,empty,026
data/squares/empty/026_h4.png,empty,026
data/squares/empty/026_a3.png,empty,026
data/squares/empty/026_b3.png,empty,026
data/squares/empty/026_c3.png,empty,026
data/squares/empty/026_d3.png,empty,026
data/squares/empty/026_e3.png,empty,026
data/squares/empty/026_f3.png,empty,026
data/squares/empty/026_g3.png,empty,026
data/squares/k/026_h3.png,k,026
data/squares/empty/026_a2.png,empty,026
data/squares/empty/026_b2.png,empty,026
data/squares/r/026_c2.png,r,026
data/squares/empty/026_d2.png,empty,026
data/squares/empty/026_e2.png,empty,026
data/squares/empty/026_f2.png,empty,026
data/squares/empty/026_g2.png,empty,026
data/squares/empty/026_h2.png,empty,026
data/squares/empty/026_a1.png,empty,026
data/squares/empty/026_b1.png,empty,026
data/squares/empty/026_c1.png,empty,026
data/squares/empty/026_d1.png,empty,026
data/squares/empty/026_e1.png,empty,026
data/squares/empty/026_f1.png,empty,026
data/squares/empty/026_g1.png,empty,026
data/squares/empty/026_h1.png,empty,026
data/squares/empty/027_a8.png,empty,027
data/squares/B/027_b8.png,B,027
data/squares/empty/027_c8.png,empty,027
data/squares/b/027_d8.png,b,027
data/squares/empty/027_e8.png,empty,027
data/squares/empty/027_f8.png,empty,027
data/squares/empty/027_g8.png,empty,027
data/squares/empty/027_h8.png,empty,027
data/squares/empty/027_a7.png,empty,027
data/squares/empty/027_b7.png,empty,027
data/squares/empty/027_c7.png,empty,027
data/squares/empty/027_d7.png,empty,027
data/squares/empty/027_e7.png,empty,027
data/squares/empty/027_f7.png,empty,027
data/squares/P/027_g7.png,P,027
data/squares/empty/027_h7.png,empty,027
data/squares/P/027_a6.png,P,027
data/squares/empty/027_b6.png,empty,027
data/squares/empty/027_c6.png,empty,027
data/squares/B/027_d6.png,B,027
data/squares/K/027_e6.png,K,027
data/squares/empty/027_f6.png,empty,027
data/squares/empty/027_g6.png,empty,027
data/squares/empty/027_h6.png,empty,027
data/squares/empty/027_a5.png,empty,027
data/squares/empty/027_b5.png,empty,027
data/squares/empty/027_c5.png,empty,027
data/squares/empty/027_d5.png,empty,027
data/squares/empty/027_e5.png,empty,027
data/squares/empty/027_f5.png,empty,027
data/squares/empty/027_g5.png,empty,027
data/squares/empty/027_h5.png,empty,027
data/squares/empty/027_a4.png,empty,027
data/squares/empty/027_b4.png,empty,027
data/squares/empty/027_c4.png,empty,027
data/squares/empty/027_d4.png,empty,027
data/squares/empty/027_e4.png,empty,027
data/squares/P/027_f4.png,P,027
data/squares/R/027_g4.png,R,027
data/squares/empty/027_h4.png,empty,027
data/squares/n/027_a3.png,n,027
data/squares/P/027_b3.png,P,027
data/squares/r/027_c3.png,r,027
data/squares/empty/027_d3.png,empty,027
data/squares/empty/027_e3.png,empty,027
data/squares/empty/027_f3.png,empty,027
data/squares/empty/027_g3.png,empty,027
data/squares/empty/027_h3.png,empty,027
data/squares/N/027_a2.png,N,027
data/squares/empty/027_b2.png,empty,027
data/squares/empty/027_c2.png,empty,027
data/squares/empty/027_d2.png,empty,027
data/squares/empty/027_e2.png,empty,027
data/squares/k/027_f2.png,k,027
data/squares/empty/027_g2.png,empty,027
data/squares/P/027_h2.png,P,027
data/squares/empty/027_a1.png,empty,027
data/squares/empty/027_b1.png,empty,027
data/squares/empty/027_c1.png,empty,027
data/squares/empty/027_d1.png,empty,027
data/squares/empty/027_e1.png,empty,027
data/squares/empty/027_f1.png,empty,027
data/squares/empty/027_g1.png,empty,027
data/squares/empty/027_h1.png,empty,027
data/squares/empty/028_a8.png,empty,028
data/squares/B/028_b8.png,B,028
data/squares/empty/028_c8.png,empty,028
data/squares/b/028_d8.png,b,028
data/squares/empty/028_e8.png,empty,028
data/squares/empty/028_f8.png,empty,028
data/squares/empty/028_g8.png,empty,028
data/squares/empty/028_h8.png,empty,028
data/squares/empty/028_a7.png,empty,028
data/squares/empty/028_b7.png,empty,028
data/squares/empty/028_c7.png,empty,028
data/squares/empty/028_d7.png,empty,028
data/squares/empty/028_e7.png,empty,028
data/squares/empty/028_f7.png,empty,028
data/squares/empty/028_g7.png,empty,028
data/squares/empty/028_h7.png,empty,028
data/squares/empty/028_a6.png,empty,028
data/squares/empty/028_b6.png,empty,028
data/squares/empty/028_c6.png,empty,028
data/squares/empty/028_d6.png,empty,028
data/squares/empty/028_e6.png,empty,028
data/squares/empty/028_f6.png,empty,028
data/squares/empty/028_g6.png,empty,028
data/squares/empty/028_h6.png,empty,028
data/squares/empty/028_a5.png,empty,028
data/squares/empty/028_b5.png,empty,028
data/squares/B/028_c5.png,B,028
data/squares/empty/028_d5.png,empty,028
data/squares/empty/028_e5.png,empty,028
data/squares/empty/028_f5.png,empty,028
data/squares/empty/028_g5.png,empty,028
data/squares/empty/028_h5.png,empty,028
data/squares/empty/028_a4.png,empty,028
data/squares/empty/028_b4.png,empty,028
data/squares/empty/028_c4.png,empty,028
data/squares/b/028_d4.png,b,028
data/squares/empty/028_e4.png,empty,028
data/squares/empty/028_f4.png,empty,028
data/squares/empty/028_g4.png,empty,028
data/squares/empty/028_h4.png,empty,028
data/squares/empty/028_a3.png,empty,028
data/squares/B/028_b3.png,B,028
data/squares/empty/028_c3.png,empty,028
data/squares/empty/028_d3.png,empty,028
data/squares/p/028_e3.png,p,028
data/squares/empty/028_f3.png,empty,028
data/squares/K/028_g3.png,K,028
data/squares/empty/028_h3.png,empty,028
data/squares/empty/028_a2.png,empty,028
data/squares/empty/028_b2.png,empty,028
data/squares/empty/028_c2.png,empty,028
data/squares/empty/028_d2.png,empty,028
data/squares/empty/028_e2.png,empty,028
data/squares/empty/028_f2.png,empty,028
data/squares/empty/028_g2.png,empty,028
data/squares/empty/028_h2.png,empty,028
data/squares/empty/028_a1.png,empty,028
data/squares/empty/028_b1.png,empty,028
data/squares/empty/028_c1.png,empty,028
data/squares/empty/028_d1.png,empty,028
data/squares/empty/028_e1.png,empty,028
data/squares/empty/028_f1.png,empty,028
data/squares/k/028_g1.png,k,028
data/squares/empty/028_h1.png,empty,028
data/squares/empty/029_a8.png,empty,029
data/squares/B/029_b8.png,B,029
data/squares/empty/029_c8.png,empty,029
data/squares/b/029_d8.png,b,029
data/squares/q/029_e8.png,q,029
data/squares/empty/029_f8.png,empty,029
data/squares/empty/029_g8.png,empty,029
data/squares/B/029_h8.png,B,029
data/squares/empty/029_a7.png,empty,029
data/squares/P/029_b7.png,P,029
data/squares/empty/029_c7.png,empty,029
data/squares/empty/029_d7.png,empty,029
data/squares/R/029_e7.png,R,029
data/squares/empty/029_f7.png,empty,029
data/squares/empty/029_g7.png,empty,029
data/squares/B/029_h7.png,B,029
data/squares/K/029_a6.png,K,029
data/squares/empty/029_b6.png,empty,029
data/squares/empty/029_c6.png,empty,029
data/squares/empty/029_d6.png,empty,029
data/squares/empty/029_e6.png,empty,029
data/squares/empty/029_f6.png,empty,029
data/squares/empty/029_g6.png,empty,029
data/squares/empty/029_h6.png,empty,029
data/squares/empty/029_a5.png,empty,029
data/squares/empty/029_b5.png,empty,029
data/squares/empty/029_c5.png,empty,029
data/squares/empty/029_d5.png,empty,029
data/squares/empty/029_e5.png,empty,029
data/squares/empty/029_f5.png,empty,029
data/squares/B/029_g5.png,B,029
data/squares/empty/029_h5.png,empty,029
data/squares/empty/029_a4.png,empty,029
data/squares/empty/029_b4.png,empty,029
data/squares/N/029_c4.png,N,029
data/squares/empty/029_d4.png,empty,029
data/squares/empty/029_e4.png,empty,029
data/squares/empty/029_f4.png,empty,029
data/squares/empty/029_g4.png,empty,029
data/squares/empty/029_h4.png,empty,029
data/squares/empty/029_a3.png,empty,029
data/squares/empty/029_b3.png,empty,029
data/squares/empty/029_c3.png,empty,029
data/squares/empty/029_d3.png,empty,029
data/squares/empty/029_e3.png,empty,029
data/squares/r/029_f3.png,r,029
data/squares/empty/029_g3.png,empty,029
data/squares/empty/029_h3.png,empty,029
data/squares/N/029_a2.png,N,029
data/squares/empty/029_b2.png,empty,029
data/squares/empty/029_c2.png,empty,029
data/squares/empty/029_d2.png,empty,029
data/squares/empty/029_e2.png,empty,029
data/squares/empty/029_f2.png,empty,029
data/squares/empty/029_g2.png,empty,029
data/squares/empty/029_h2.png,empty,029
data/squares/empty/029_a1.png,empty,029
data/squares/empty/029_b1.png,empty,029
data/squares/empty/029_c1.png,empty,029
data/squares/empty/029_d1.png,empty,029
data/squares/empty/029_e1.png,empty,029
data/squares/R/029_f1.png,R,029
data/squares/k/029_g1.png,k,029
data/squares/empty/029_h1.png,empty,029
data/squares/empty/030_a8.png,empty,030
data/squares/B/030_b8.png,B,030
data/squares/empty/030_c8.png,empty,030
data/squares/n/030_d8.png,n,030
data/squares/empty/030_e8.png,empty,030
data/squares/r/030_f8.png,r,030
data/squares/empty/030_g8.png,empty,030
data/squares/empty/030_h8.png,empty,030
data/squares/empty/030_a7.png,empty,030
data/squares/empty/030_b7.png,empty,030
data/squares/empty/030_c7.png,empty,030
data/squares/empty/030_d7.png,empty,030
data/squares/empty/030_e7.png,empty,030
data/squares/empty/030_f7.png,empty,030
data/squares/empty/030_g7.png,empty,030
data/squares/empty/030_h7.png,empty,030
data/squares/empty/030_a6.png,empty,030
data/squares/empty/030_b6.png,empty,030
data/squares/empty/030_c6.png,empty,030
data/squares/empty/030_d6.png,empty,030
data/squares/empty/030_e6.png,empty,030
data/squares/empty/030_f6.png,empty,030
data/squares/empty/030_g6.png,empty,030
data/squares/empty/030_h6.png,empty,030
data/squares/empty/030_a5.png,empty,030
data/squares/n/030_b5.png,n,030
data/squares/empty/030_c5.png,empty,030
data/squares/empty/030_d5.png,empty,030
data/squares/empty/030_e5.png,empty,030
data/squares/empty/030_f5.png,empty,030
data/squares/empty/030_g5.png,empty,030
data/squares/b/030_h5.png,b,030
data/squares/empty/030_a4.png,empty,030
data/squares/empty/030_b4.png,empty,030
data/squares/empty/030_c4.png,empty,030
data/squares/r/030_d4.png,r,030
data/squares/empty/030_e4.png,empty,030
data/squares/empty/030_f4.png,empty,030
data/squares/empty/030_g4.png,empty,030
data/squares/empty/030_h4.png,empty,030
data/squares/empty/030_a3.png,empty,030
data/squares/empty/030_b3.png,empty,030
data/squares/empty/030_c3.png,empty,030
data/squares/empty/030_d3.png,empty,030
data/squares/empty/030_e3.png,empty,030
data/squares/empty/030_f3.png,empty,030
data/squares/empty/030_g3.png,empty,030
data/squares/empty/030_h3.png,empty,030
data/squares/empty/030_a2.png,empty,030
data/squares/empty/030_b2.png,empty,030
data/squares/empty/030_c2.png,empty,030
data/squares/empty/030_d2.png,empty,030
data/squares/empty/030_e2.png,empty,030
data/squares/k/030_f2.png,k,030
data/squares/empty/030_g2.png,empty,030
data/squares/empty/030_h2.png,empty,030
data/squares/empty/030_a1.png,empty,030
data/squares/empty/030_b1.png,empty,030
data/squares/K/030_c1.png,K,030
data/squares/empty/030_d1.png,empty,030
data/squares/empty/030_e1.png,empty,030
data/squares/empty/030_f1.png,empty,030
data/squares/empty/030_g1.png,empty,030
data/squares/empty/030_h1.png,empty,030
data/squares/empty/031_a8.png,empty,031
data/squares/B/031_b8.png,B,031
data/squares/empty/031_c8.png,empty,031
data/squares/n/031_d8.png,n,031
data/squares/empty/031_e8.png,empty,031
data/squares/empty/031_f8.png,empty,031
data/squares/r/031_g8.png,r,031
data/squares/empty/031_h8.png,empty,031
data/squares/R/031_a7.png,R,031
data/squares/empty/031_b7.png,empty,031
data/squares/empty/031_c7.png,empty,031
data/squares/empty/031_d7.png,empty,031
data/squares/empty/031_e7.png,empty,031
data/squares/empty/031_f7.png,empty,031
data/squares/r/031_g7.png,r,031
data/squares/empty/031_h7.png,empty,031
data/squares/p/031_a6.png,p,031
data/squares/empty/031_b6.png,empty,031
data/squares/empty/031_c6.png,empty,031
data/squares/empty/031_d6.png,empty,031
data/squares/empty/031_e6.png,empty,031
data/squares/P/031_f6.png,P,031
data/squares/empty/031_g6.png,empty,031
data/squares/P/031_h6.png,P,031
data/squares/empty/031_a5.png,empty,031
data/squares/empty/031_b5.png,empty,031
data/squares/empty/031_c5.png,empty,031
data/squares/empty/031_d5.png,empty,031
data/squares/empty/031_e5.png,empty,031
data/squares/p/031_f5.png,p,031
data/squares/empty/031_g5.png,empty,031
data/squares/empty/031_h5.png,empty,031
data/squares/empty/031_a4.png,empty,031
data/squares/empty/031_b4.png,empty,031
data/squares/B/031_c4.png,B,031
data/squares/r/031_d4.png,r,031
data/squares/empty/031_e4.png,empty,031
data/squares/empty/031_f4.png,empty,031
data/squares/empty/031_g4.png,empty,031
data/squares/empty/031_h4.png,empty,031
data/squares/B/031_a3.png,B,031
data/squares/empty/031_b3.png,empty,031
data/squares/empty/031_c3.png,empty,031
data/squares/empty/031_d3.png,empty,031
data/squares/empty/031_e3.png,empty,031
data/squares/empty/031_f3.png,empty,031
data/squares/empty/031_g3.png,empty,031
data/squares/empty/031_h3.png,empty,031
data/squares/empty/031_a2.png,empty,031
data/squares/empty/031_b2.png,empty,031
data/squares/empty/031_c2.png,empty,031
data/squares/empty/031_d2.png,empty,031
data/squares/empty/031_e2.png,empty,031
data/squares/empty/031_f2.png,empty,031
data/squares/empty/031_g2.png,empty,031
data/squares/k/031_h2.png,k,031
data/squares/empty/031_a1.png,empty,031
data/squares/empty/031_b1.png,empty,031
data/squares/empty/031_c1.png,empty,031
data/squares/empty/031_d1.png,empty,031
data/squares/K/031_e1.png,K,031
data/squares/empty/031_f1.png,empty,031
data/squares/B/031_g1.png,B,031
data/squares/empty/031_h1.png,empty,031
data/squares/empty/032_a8.png,empty,032
data/squares/B/032_b8.png,B,032
data/squares/empty/032_c8.png,empty,032
data/squares/n/032_d8.png,n,032
data/squares/empty/032_e8.png,empty,032
data/squares/empty/032_f8.png,empty,032
data/squares/empty/032_g8.png,empty,032
data/squares/empty/032_h8.png,empty,032
data/squares/empty/032_a7.png,empty,032
data/squares/empty/032_b7.png,empty,032
data/squares/p/032_c7.png,p,032
data/squares/empty/032_d7.png,empty,032
data/squares/b/032_e7.png,b,032
data/squares/empty/032_f7.png,empty,032
data/squares/empty/032_g7.png,empty,032
data/squares/empty/032_h7.png,empty,032
data/squares/P/032_a6.png,P,032
data/squares/empty/032_b6.png,empty,032
data/squares/K/032_c6.png,K,032
data/squares/empty/032_d6.png,empty,032
data/squares/P/032_e6.png,P,032
data/squares/B/032_f6.png,B,032
data/squares/R/032_g6.png,R,032
data/squares/empty/032_h6.png,empty,032
data/squares/empty/032_a5.png,empty,032
data/squares/empty/032_b5.png,empty,032
data/squares/b/032_c5.png,b,032
data/squares/empty/032_d5.png,empty,032
data/squares/empty/032_e5.png,empty,032
data/squares/empty/032_f5.png,empty,032
data/squares/empty/032_g5.png,empty,032
data/squares/k/032_h5.png,k,032
data/squares/empty/032_a4.png,empty,032
data/squares/empty/032_b4.png,empty,032
data/squares/empty/032_c4.png,empty,032
data/squares/empty/032_d4.png,empty,032
data/squares/empty/032_e4.png,empty,032
data/squares/empty/032_f4.png,empty,032
data/squares/B/032_g4.png,B,032
data/squares/empty/032_h4.png,empty,032
data/squares/empty/032_a3.png,empty,032
data/squares/empty/032_b3.png,empty,032
data/squares/empty/032_c3.png,empty,032
data/squares/empty/032_d3.png,empty,032
data/squares/empty/032_e3.png,empty,032
data/squares/empty/032_f3.png,empty,032
data/squares/empty/032_g3.png,empty,032
data/squares/empty/032_h3.png,empty,032
data/squares/empty/032_a2.png,empty,032
data/squares/empty/032_b2.png,empty,032
data/squares/empty/032_c2.png,empty,032
data/squares/empty/032_d2.png,empty,032
data/squares/empty/032_e2.png,empty,032
data/squares/empty/032_f2.png,empty,032
data/squares/empty/032_g2.png,empty,032
data/squares/empty/032_h2.png,empty,032
data/squares/B/032_a1.png,B,032
data/squares/N/032_b1.png,N,032
data/squares/empty/032_c1.png,empty,032
data/squares/empty/032_d1.png,empty,032
data/squares/empty/032_e1.png,empty,032
data/squares/empty/032_f1.png,empty,032
data/squares/empty/032_g1.png,empty,032
data/squares/empty/032_h1.png,empty,032
data/squares/empty/033_a8.png,empty,033
data/squares/B/033_b8.png,B,033
data/squares/empty/033_c8.png,empty,033
data/squares/n/033_d8.png,n,033
data/squares/empty/033_e8.png,empty,033
data/squares/empty/033_f8.png,empty,033
data/squares/empty/033_g8.png,empty,033
data/squares/empty/033_h8.png,empty,033
data/squares/empty/033_a7.png,empty,033
data/squares/empty/033_b7.png,empty,033
data/squares/empty/033_c7.png,empty,033
data/squares/Q/033_d7.png,Q,033
data/squares/B/033_e7.png,B,033
data/squares/empty/033_f7.png,empty,033
data/squares/empty/033_g7.png,empty,033
data/squares/R/033_h7.png,R,033
data/squares/R/033_a6.png,R,033
data/squares/empty/033_b6.png,empty,033
data/squares/K/033_c6.png,K,033
data/squares/empty/033_d6.png,empty,033
data/squares/empty/033_e6.png,empty,033
data/squares/empty/033_f6.png,empty,033
data/squares/empty/033_g6.png,empty,033
data/squares/k/033_h6.png,k,033
data/squares/empty/033_a5.png,empty,033
data/squares/empty/033_b5.png,empty,033
data/squares/n/033_c5.png,n,033
data/squares/empty/033_d5.png,empty,033
data/squares/empty/033_e5.png,empty,033
data/squares/empty/033_f5.png,empty,033
data/squares/empty/033_g5.png,empty,033
data/squares/empty/033_h5.png,empty,033
data/squares/empty/033_a4.png,empty,033
data/squares/empty/033_b4.png,empty,033
data/squares/Q/033_c4.png,Q,033
data/squares/empty/033_d4.png,empty,033
data/squares/empty/033_e4.png,empty,033
data/squares/empty/033_f4.png,empty,033
data/squares/empty/033_g4.png,empty,033
data/squares/n/033_h4.png,n,033
data/squares/empty/033_a3.png,empty,033
data/squares/empty/033_b3.png,empty,033
data/squares/empty/033_c3.png,empty,033
data/squares/empty/033_d3.png,empty,033
data/squares/empty/033_e3.png,empty,033
data/squares/empty/033_f3.png,empty,033
data/squares/b/033_g3.png,b,033
data/squares/empty/033_h3.png,empty,033
data/squares/empty/033_a2.png,empty,033
data/squares/P/033_b2.png,P,033
data/squares/empty/033_c2.png,empty,033
data/squares/empty/033_d2.png,empty,033
data/squares/empty/033_e2.png,empty,033
data/squares/empty/033_f2.png,empty,033
data/squares/empty/033_g2.png,empty,033
data/squares/empty/033_h2.png,empty,033
data/squares/empty/033_a1.png,empty,033
data/squares/empty/033_b1.png,empty,033
data/squares/empty/033_c1.png,empty,033
data/squares/empty/033_d1.png,empty,033
data/squares/empty/033_e1.png,empty,033
data/squares/empty/033_f1.png,empty,033
data/squares/B/033_g1.png,B,033
data/squares/empty/033_h1.png,empty,033
data/squares/empty/034_a8.png,empty,034
data/squares/B/034_b8.png,B,034
data/squares/empty/034_c8.png,empty,034
data/squares/n/034_d8.png,n,034
data/squares/R/034_e8.png,R,034
data/squares/empty/034_f8.png,empty,034
data/squares/empty/034_g8.png,empty,034
data/squares/empty/034_h8.png,empty,034
data/squares/empty/034_a7.png,empty,034
data/squares/K/034_b7.png,K,034
data/squares/empty/034_c7.png,empty,034
data/squares/empty/034_d7.png,empty,034
data/squares/empty/034_e7.png,empty,034
data/squares/empty/034_f7.png,empty,034
data/squares/empty/034_g7.png,empty,034
data/squares/empty/034_h7.png,empty,034
data/squares/empty/034_a6.png,empty,034
data/squares/empty/034_b6.png,empty,034
data/squares/empty/034_c6.png,empty,034
data/squares/empty/034_d6.png,empty,034
data/squares/empty/034_e6.png,empty,034
data/squares/empty/034_f6.png,empty,034
data/squares/empty/034_g6.png,empty,034
data/squares/empty/034_h6.png,empty,034
data/squares/empty/034_a5.png,empty,034
data/squares/R/034_b5.png,R,034
data/squares/empty/034_c5.png,empty,034
data/squares/empty/034_d5.png,empty,034
data/squares/empty/034_e5.png,empty,034
data/squares/empty/034_f5.png,empty,034
data/squares/empty/034_g5.png,empty,034
data/squares/empty/034_h5.png,empty,034
data/squares/empty/034_a4.png,empty,034
data/squares/empty/034_b4.png,empty,034
data/squares/P/034_c4.png,P,034
data/squares/empty/034_d4.png,empty,034
data/squares/k/034_e4.png,k,034
data/squares/empty/034_f4.png,empty,034
data/squares/n/034_g4.png,n,034
data/squares/empty/034_h4.png,empty,034
data/squares/empty/034_a3.png,empty,034
data/squares/empty/034_b3.png,empty,034
data/squares/P/034_c3.png,P,034
data/squares/empty/034_d3.png,empty,034
data/squares/empty/034_e3.png,empty,034
data/squares/empty/034_f3.png,empty,034
data/squares/empty/034_g3.png,empty,034
data/squares/p/034_h3.png,p,034
data/squares/empty/034_a2.png,empty,034
data/squares/empty/034_b2.png,empty,034
data/squares/empty/034_c2.png,empty,034
data/squares/empty/034_d2.png,empty,034
data/squares/empty/034_e2.png,empty,034
data/squares/B/034_f2.png,B,034
data/squares/empty/034_g2.png,empty,034
data/squares/empty/034_h2.png,empty,034
data/squares/empty/034_a1.png,empty,034
data/squares/empty/034_b1.png,empty,034
data/squares/empty/034_c1.png,empty,034
data/squares/empty/034_d1.png,empty,034
data/squares/empty/034_e1.png,empty,034
data/squares/empty/034_f1.png,empty,034
data/squares/q/034_g1.png,q,034
data/squares/b/034_h1.png,b,034
data/squares/empty/035_a8.png,empty,035
data/squares/B/035_b8.png,B,035
data/squares/empty/035_c8.png,empty,035
data/squares/n/035_d8.png,n,035
data/squares/k/035_e8.png,k,035
data/squares/B/035_f8.png,B,035
data/squares/empty/035_g8.png,empty,035
data/squares/empty/035_h8.png,empty,035
data/squares/empty/035_a7.png,empty,035
data/squares/K/035_b7.png,K,035
data/squares/empty/035_c7.png,empty,035
data/squares/empty/035_d7.png,empty,035
data/squares/empty/035_e7.png,empty,035
data/squares/empty/035_f7.png,empty,035
data/squares/empty/035_g7.png,empty,035
data/squares/empty/035_h7.png,empty,035
data/squares/empty/035_a6.png,empty,035
data/squares/empty/035_b6.png,empty,035
data/squares/empty/035_c6.png,empty,035
data/squares/p/035_d6.png,p,035
data/squares/empty/035_e6.png,empty,035
data/squares/empty/035_f6.png,empty,035
data/squares/p/035_g6.png,p,035
data/squares/empty/035_h6.png,empty,035
data/squares/empty/035_a5.png,empty,035
data/squares/empty/035_b5.png,empty,035
data/squares/empty/035_c5.png,empty,035
data/squares/empty/035_d5.png,empty,035
data/squares/empty/035_e5.png,empty,035
data/squares/empty/035_f5.png,empty,035
data/squares/empty/035_g5.png,empty,035
data/squares/empty/035_h5.png,empty,035
data/squares/P/035_a4.png,P,035
data/squares/empty/035_b4.png,empty,035
data/squares/empty/035_c4.png,empty,035
data/squares/b/035_d4.png,b,035
data/squares/empty/035_e4.png,empty,035
data/squares/empty/035_f4.png,empty,035
data/squares/empty/035_g4.png,empty,035
data/squares/empty/035_h4.png,empty,035
data/squares/empty/035_a3.png,empty,035
data/squares/empty/035_b3.png,empty,035
data/squares/empty/035_c3.png,empty,035
data/squares/empty/035_d3.png,empty,035
data/squares/empty/035_e3.png,empty,035
data/squares/empty/035_f3.png,empty,035
data/squares/empty/035_g3.png,empty,035
data/squares/empty/035_h3.png,empty,035
data/squares/empty/035_a2.png,empty,035
data/squares/empty/035_b2.png,empty,035
data/squares/empty/035_c2.png,empty,035
data/squares/empty/035_d2.png,empty,035
data/squares/empty/035_e2.png,empty,035
data/squares/empty/035_f2.png,empty,035
data/squares/empty/035_g2.png,empty,035
data/squares/empty/035_h2.png,empty,035
data/squares/empty/035_a1.png,empty,035
data/squares/empty/035_b1.png,empty,035
data/squares/empty/035_c1.png,empty,035
data/squares/N/035_d1.png,N,035
data/squares/empty/035_e1.png,empty,035
data/squares/empty/035_f1.png,empty,035
data/squares/empty/035_g1.png,empty,035
data/squares/empty/035_h1.png,empty,035
data/squares/empty/036_a8.png,empty,036
data/squares/B/036_b8.png,B,036
data/squares/empty/036_c8.png,empty,036
data/squares/q/036_d8.png,q,036
data/squares/R/036_e8.png,R,036
data/squares/empty/036_f8.png,empty,036
data/squares/empty/036_g8.png,empty,036
data/squares/empty/036_h8.png,empty,036
data/squares/empty/036_a7.png,empty,036
data/squares/empty/036_b7.png,empty,036
data/squares/empty/036_c7.png,empty,036
data/squares/empty/036_d7.png,empty,036
data/squares/empty/036_e7.png,empty,036
data/squares/empty/036_f7.png,empty,036
data/squares/empty/036_g7.png,empty,036
data/squares/empty/036_h7.png,empty,036
data/squares/empty/036_a6.png,empty,036
data/squares/empty/036_b6.png,empty,036
data/squares/empty/036_c6.png,empty,036
data/squares/empty/036_d6.png,empty,036
data/squares/empty/036_e6.png,empty,036
data/squares/empty/036_f6.png,empty,036
data/squares/empty/036_g6.png,empty,036
data/squares/empty/036_h6.png,empty,036
data/squares/K/036_a5.png,K,036
data/squares/empty/036_b5.png,empty,036
data/squares/N/036_c5.png,N,036
data/squares/empty/036_d5.png,empty,036
data/squares/empty/036_e5.png,empty,036
data/squares/empty/036_f5.png,empty,036
data/squares/empty/036_g5.png,empty,036
data/squares/empty/036_h5.png,empty,036
data/squares/empty/036_a4.png,empty,036
data/squares/empty/036_b4.png,empty,036
data/squares/empty/036_c4.png,empty,036
data/squares/empty/036_d4.png,empty,036
data/squares/empty/036_e4.png,empty,036
data/squares/empty/036_f4.png,empty,036
data/squares/n/036_g4.png,n,036
data/squares/empty/036_h4.png,empty,036
data/squares/empty/036_a3.png,empty,036
data/squares/empty/036_b3.png,empty,036
data/squares/empty/036_c3.png,empty,036
data/squares/empty/036_d3.png,empty,036
data/squares/empty/036_e3.png,empty,036
data/squares/empty/036_f3.png,empty,036
data/squares/empty/036_g3.png,empty,036
data/squares/empty/036_h3.png,empty,036
data/squares/empty/036_a2.png,empty,036
data/squares/empty/036_b2.png,empty,036
data/squares/empty/036_c2.png,empty,036
data/squares/empty/036_d2.png,empty,036
data/squares/empty/036_e2.png,empty,036
data/squares/empty/036_f2.png,empty,036
data/squares/empty/036_g2.png,empty,036
data/squares/P/036_h2.png,P,036
data/squares/empty/036_a1.png,empty,036
data/squares/empty/036_b1.png,empty,036
data/squares/empty/036_c1.png,empty,036
data/squares/empty/036_d1.png,empty,036
data/squares/empty/036_e1.png,empty,036
data/squares/k/036_f1.png,k,036
data/squares/empty/036_g1.png,empty,036
data/squares/empty/036_h1.png,empty,036
data/squares/empty/037_a8.png,empty,037
data/squares/B/037_b8.png,B,037
data/squares/empty/037_c8.png,empty,037
data/squares/r/037_d8.png,r,037
data/squares/empty/037_e8.png,empty,037
data/squares/r/037_f8.png,r,037
data/squares/empty/037_g8.png,empty,037
data/squares/N/037_h8.png,N,037
data/squares/empty/037_a7.png,empty,037
data/squares/empty/037_b7.png,empty,037
data/squares/empty/037_c7.png,empty,037
data/squares/empty/037_d7.png,empty,037
data/squares/empty/037_e7.png,empty,037
data/squares/R/037_f7.png,R,037
data/squares/empty/037_g7.png,empty,037
data/squares/empty/037_h7.png,empty,037
data/squares/empty/037_a6.png,empty,037
data/squares/empty/037_b6.png,empty,037
data/squares/empty/037_c6.png,empty,037
data/squares/empty/037_d6.png,empty,037
data/squares/empty/037_e6.png,empty,037
data/squares/empty/037_f6.png,empty,037
data/squares/empty/037_g6.png,empty,037
data/squares/empty/037_h6.png,empty,037
data/squares/empty/037_a5.png,empty,037
data/squares/b/037_b5.png,b,037
data/squares/empty/037_c5.png,empty,037
data/squares/p/037_d5.png,p,037
data/squares/empty/037_e5.png,empty,037
data/squares/empty/037_f5.png,empty,037
data/squares/empty/037_g5.png,empty,037
data/squares/empty/037_h5.png,empty,037
data/squares/N/037_a4.png,N,037
data/squares/empty/037_b4.png,empty,037
data/squares/N/037_c4.png,N,037
data/squares/p/037_d4.png,p,037
data/squares/empty/037_e4.png,empty,037
data/squares/empty/037_f4.png,empty,037
data/squares/empty/037_g4.png,empty,037
data/squares/empty/037_h4.png,empty,037
data/squares/empty/037_a3.png,empty,037
data/squares/empty/037_b3.png,empty,037
data/squares/K/037_c3.png,K,037
data/squares/B/037_d3.png,B,037
data/squares/empty/037_e3.png,empty,037
data/squares/empty/037_f3.png,empty,037
data/squares/R/037_g3.png,R,037
data/squares/empty/037_h3.png,empty,037
data/squares/empty/037_a2.png,empty,037
data/squares/empty/037_b2.png,empty,037
data/squares/empty/037_c2.png,empty,037
data/squares/p/037_d2.png,p,037
data/squares/empty/037_e2.png,empty,037
data/squares/empty/037_f2.png,empty,037
data/squares/empty/037_g2.png,empty,037
data/squares/empty/037_h2.png,empty,037
data/squares/empty/037_a1.png,empty,037
data/squares/empty/037_b1.png,empty,037
data/squares/empty/037_c1.png,empty,037
data/squares/empty/037_d1.png,empty,037
data/squares/empty/037_e1.png,empty,037
data/squares/empty/037_f1.png,empty,037
data/squares/empty/037_g1.png,empty,037
data/squares/k/037_h1.png,k,037
data/squares/empty/038_a8.png,empty,038
data/squares/B/038_b8.png,B,038
data/squares/empty/038_c8.png,empty,038
data/squares/r/038_d8.png,r,038
data/squares/empty/038_e8.png,empty,038
data/squares/empty/038_f8.png,empty,038
data/squares/B/038_g8.png,B,038
data/squares/empty/038_h8.png,empty,038
data/squares/empty/038_a7.png,empty,038
data/squares/empty/038_b7.png,empty,038
data/squares/P/038_c7.png,P,038
data/squares/empty/038_d7.png,empty,038
data/squares/empty/038_e7.png,empty,038
data/squares/empty/038_f7.png,empty,038
data/squares/empty/038_g7.png,empty,038
data/squares/empty/038_h7.png,empty,038
data/squares/empty/038_a6.png,empty,038
data/squares/empty/038_b6.png,empty,038
data/squares/empty/038_c6.png,empty,038
data/squares/empty/038_d6.png,empty,038
data/squares/Q/038_e6.png,Q,038
data/squares/empty/038_f6.png,empty,038
data/squares/empty/038_g6.png,empty,038
data/squares/empty/038_h6.png,empty,038
data/squares/empty/038_a5.png,empty,038
data/squares/empty/038_b5.png,empty,038
data/squares/empty/038_c5.png,empty,038
data/squares/empty/038_d5.png,empty,038
data/squares/empty/038_e5.png,empty,038
data/squares/empty/038_f5.png,empty,038
data/squares/r/038_g5.png,r,038
data/squares/N/038_h5.png,N,038
data/squares/empty/038_a4.png,empty,038
data/squares/empty/038_b4.png,empty,038
data/squares/empty/038_c4.png,empty,038
data/squares/empty/038_d4.png,empty,038
data/squares/K/038_e4.png,K,038
data/squares/empty/038_f4.png,empty,038
data/squares/empty/038_g4.png,empty,038
data/squares/B/038_h4.png,B,038
data/squares/empty/038_a3.png,empty,038
data/squares/empty/038_b3.png,empty,038
data/squares/empty/038_c3.png,empty,038
data/squares/empty/038_d3.png,empty,038
data/squares/empty/038_e3.png,empty,038
data/squares/empty/038_f3.png,empty,038
data/squares/empty/038_g3.png,empty,038
data/squares/empty/038_h3.png,empty,038
data/squares/empty/038_a2.png,empty,038
data/squares/empty/038_b2.png,empty,038
data/squares/R/038_c2.png,R,038
data/squares/empty/038_d2.png,empty,038
data/squares/empty/038_e2.png,empty,038
data/squares/empty/038_f2.png,empty,038
data/squares/k/038_g2.png,k,038
data/squares/empty/038_h2.png,empty,038
data/squares/empty/038_a1.png,empty,038
data/squares/empty/038_b1.png,empty,038
data/squares/empty/038_c1.png,empty,038
data/squares/empty/038_d1.png,empty,038
data/squares/R/038_e1.png,R,038
data/squares/empty/038_f1.png,empty,038
data/squares/empty/038_g1.png,empty,038
data/squares/empty/038_h1.png,empty,038
data/squares/empty/039_a8.png,empty,039
data/squares/B/039_b8.png,B,039
data/squares/empty/039_c8.png,empty,039
data/squares/r/039_d8.png,r,039
data/squares/empty/039_e8.png,empty,039
data/squares/empty/039_f8.png,empty,039
data/squares/empty/039_g8.png,empty,039
data/squares/B/039_h8.png,B,039
data/squares/empty/039_a7.png,empty,039
data/squares/empty/039_b7.png,empty,039
data/squares/empty/039_c7.png,empty,039
data/squares/empty/039_d7.png,empty,039
data/squares/empty/039_e7.png,empty,039
data/squares/empty/039_f7.png,empty,039
data/squares/q/039_g7.png,q,039
data/squares/empty/039_h7.png,empty,039
data/squares/empty/039_a6.png,empty,039
data/squares/empty/039_b6.png,empty,039
data/squares/empty/039_c6.png,empty,039
data/squares/empty/039_d6.png,empty,039
data/squares/empty/039_e6.png,empty,039
data/squares/N/039_f6.png,N,039
data/squares/empty/039_g6.png,empty,039
data/squares/empty/039_h6.png,empty,039
data/squares/empty/039_a5.png,empty,039
data/squares/empty/039_b5.png,empty,039
data/squares/empty/039_c5.png,empty,039
data/squares/N/039_d5.png,N,039
data/squares/empty/039_e5.png,empty,039
data/squares/empty/039_f5.png,empty,039
data/squares/n/039_g5.png,n,039
data/squares/empty/039_h5.png,empty,039
data/squares/empty/039_a4.png,empty,039
data/squares/empty/039_b4.png,empty,039
data/squares/empty/039_c4.png,empty,039
data/squares/q/039_d4.png,q,039
data/squares/empty/039_e4.png,empty,039
data/squares/empty/039_f4.png,empty,039
data/squares/empty/039_g4.png,empty,039
data/squares/empty/039_h4.png,empty,039
data/squares/empty/039_a3.png,empty,039
data/squares/empty/039_b3.png,empty,039
data/squares/empty/039_c3.png,empty,039
data/squares/empty/039_d3.png,empty,039
data/squares/K/039_e3.png,K,039
data/squares/empty/039_f3.png,empty,039
data/squares/empty/039_g3.png,empty,039
data/squares/empty/039_h3.png,empty,039
data/squares/empty/039_a2.png,empty,039
data/squares/empty/039_b2.png,empty,039
data/squares/empty/039_c2.png,empty,039
data/squares/empty/039_d2.png,empty,039
data/squares/empty/039_e2.png,empty,039
data/squares/empty/039_f2.png,empty,039
data/squares/k/039_g2.png,k,039
data/squares/empty/039_h2.png,empty,039
data/squares/empty/039_a1.png,empty,039
data/squares/empty/039_b1.png,empty,039
data/squares/empty/039_c1.png,empty,039
data/squares/empty/039_d1.png,empty,039
data/squares/empty/039_e1.png,empty,039
data/squares/empty/039_f1.png,empty,039
data/squares/empty/039_g1.png,empty,039
data/squares/R/039_h1.png,R,039
data/squares/empty/040_a8.png,empty,040
data/squares/B/040_b8.png,B,040
data/squares/empty/040_c8.png,empty,040
data/squares/r/040_d8.png,r,040
data/squares/empty/040_e8.png,empty,040
data/squares/empty/040_f8.png,empty,040
data/squares/empty/040_g8.png,empty,040
data/squares/empty/040_h8.png,empty,040
data/squares/empty/040_a7.png,empty,040
data/squares/n/040_b7.png,n,040
data/squares/empty/040_c7.png,empty,040
data/squares/empty/040_d7.png,empty,040
data/squares/empty/040_e7.png,empty,040
data/squares/empty/040_f7.png,empty,040
data/squares/empty/040_g7.png,empty,040
data/squares/empty/040_h7.png,empty,040
data/squares/empty/040_a6.png,empty,040
data/squares/empty/040_b6.png,empty,040
data/squares/empty/040_c6.png,empty,040
data/squares/empty/040_d6.png,empty,040
data/squares/empty/040_e6.png,empty,040
data/squares/empty/040_f6.png,empty,040
data/squares/empty/040_g6.png,empty,040
data/squares/empty/040_h6.png,empty,040
data/squares/empty/040_a5.png,empty,040
data/squares/empty/040_b5.png,empty,040
data/squares/P/040_c5.png,P,040
data/squares/K/040_d5.png,K,040
data/squares/empty/040_e5.png,empty,040
data/squares/k/040_f5.png,k,040
data/squares/empty/040_g5.png,empty,040
data/squares/empty/040_h5.png,empty,040
data/squares/empty/040_a4.png,empty,040
data/squares/empty/040_b4.png,empty,040
data/squares/B/040_c4.png,B,040
data/squares/empty/040_d4.png,empty,040
data/squares/empty/040_e4.png,empty,040
data/squares/empty/040_f4.png,empty,040
data/squares/empty/040_g4.png,empty,040
data/squares/empty/040_h4.png,empty,040
data/squares/empty/040_a3.png,empty,040
data/squares/empty/040_b3.png,empty,040
data/squares/empty/040_c3.png,empty,040
data/squares/empty/040_d3.png,empty,040
data/squares/empty/040_e3.png,empty,040
data/squares/R/040_f3.png,R,040
data/squares/empty/040_g3.png,empty,040
data/squares/R/040_h3.png,R,040
data/squares/empty/040_a2.png,empty,040
data/squares/empty/040_b2.png,empty,040
data/squares/empty/040_c2.png,empty,040
data/squares/empty/040_d2.png,empty,040
data/squares/empty/040_e2.png,empty,040
data/squares/empty/040_f2.png,empty,040
data/squares/n/040_g2.png,n,040
data/squares/empty/040_h2.png,empty,040
data/squares/empty/040_a1.png,empty,040
data/squares/empty/040_b1.png,empty,040
data/squares/empty/040_c1.png,empty,040
data/squares/empty/040_d1.png,empty,040
data/squares/empty/040_e1.png,empty,040
data/squares/empty/040_f1.png,empty,040
data/squares/empty/040_g1.png,empty,040
data/squares/empty/040_h1.png,empty,040
data/squares/empty/041_a8.png,empty,041
data/squares/B/041_b8.png,B,041
data/squares/empty/041_c8.png,empty,041
data/squares/r/041_d8.png,r,041
data/squares/empty/041_e8.png,empty,041
data/squares/empty/041_f8.png,empty,041
data/squares/empty/041_g8.png,empty,041
data/squares/empty/041_h8.png,empty,041
data/squares/empty/041_a7.png,empty,041
data/squares/empty/041_b7.png,empty,041
data/squares/B/041_c7.png,B,041
data/squares/empty/041_d7.png,empty,041
data/squares/empty/041_e7.png,empty,041
data/squares/empty/041_f7.png,empty,041
data/squares/empty/041_g7.png,empty,041
data/squares/empty/041_h7.png,empty,041
data/squares/empty/041_a6.png,empty,041
data/squares/empty/041_b6.png,empty,041
data/squares/empty/041_c6.png,empty,041
data/squares/empty/041_d6.png,empty,041
data/squares/empty/041_e6.png,empty,041
data/squares/empty/041_f6.png,empty,041
data/squares/empty/041_g6.png,empty,041
data/squares/empty/041_h6.png,empty,041
data/squares/empty/041_a5.png,empty,041
data/squares/empty/041_b5.png,empty,041
data/squares/empty/041_c5.png,empty,041
data/squares/empty/041_d5.png,empty,041
data/squares/empty/041_e5.png,empty,041
data/squares/empty/041_f5.png,empty,041
data/squares/k/041_g5.png,k,041
data/squares/empty/041_h5.png,empty,041
data/squares/empty/041_a4.png,empty,041
data/squares/empty/041_b4.png,empty,041
data/squares/empty/041_c4.png,empty,041
data/squares/empty/041_d4.png,empty,041
data/squares/empty/041_e4.png,empty,041
data/squares/empty/041_f4.png,empty,041
data/squares/empty/041_g4.png,empty,041
data/squares/empty/041_h4.png,empty,041
data/squares/empty/041_a3.png,empty,041
data/squares/empty/041_b3.png,empty,041
data/squares/empty/041_c3.png,empty,041
data/squares/K/041_d3.png,K,041
data/squares/empty/041_e3.png,empty,041
data/squares/empty/041_f3.png,empty,041
data/squares/r/041_g3.png,r,041
data/squares/empty/041_h3.png,empty,041
data/squares/empty/041_a2.png,empty,041
data/squares/empty/041_b2.png,empty,041
data/squares/empty/041_c2.png,empty,041
data/squares/empty/041_d2.png,empty,041
data/squares/empty/041_e2.png,empty,041
data/squares/empty/041_f2.png,empty,041
data/squares/empty/041_g2.png,empty,041
data/squares/empty/041_h2.png,empty,041
data/squares/empty/041_a1.png,empty,041
data/squares/empty/041_b1.png,empty,041
data/squares/empty/041_c1.png,empty,041
data/squares/R/041_d1.png,R,041
data/squares/empty/041_e1.png,empty,041
data/squares/empty/041_f1.png,empty,041
data/squares/empty/041_g1.png,empty,041
data/squares/empty/041_h1.png,empty,041
data/squares/empty/042_a8.png,empty,042
data/squares/B/042_b8.png,B,042
data/squares/empty/042_c8.png,empty,042
data/squares/r/042_d8.png,r,042
data/squares/Q/042_e8.png,Q,042
data/squares/R/042_f8.png,R,042
data/squares/empty/042_g8.png,empty,042
data/squares/empty/042_h8.png,empty,042
data/squares/empty/042_a7.png,empty,042
data/squares/K/042_b7.png,K,042
data/squares/empty/042_c7.png,empty,042
data/squares/empty/042_d7.png,empty,042
data/squares/empty/042_e7.png,empty,042
data/squares/empty/042_f7.png,empty,042
data/squares/empty/042_g7.png,empty,042
data/squares/empty/042_h7.png,empty,042
data/squares/empty/042_a6.png,empty,042
data/squares/p/042_b6.png,p,042
data/squares/empty/042_c6.png,empty,042
data/squares/empty/042_d6.png,empty,042
data/squares/n/042_e6.png,n,042
data/squares/empty/042_f6.png,empty,042
data/squares/empty/042_g6.png,empty,042
data/squares/empty/042_h6.png,empty,042
data/squares/empty/042_a5.png,empty,042
data/squares/empty/042_b5.png,empty,042
data/squares/empty/042_c5.png,empty,042
data/squares/empty/042_d5.png,empty,042
data/squares/empty/042_e5.png,empty,042
data/squares/empty/042_f5.png,empty,042
data/squares/empty/042_g5.png,empty,042
data/squares/empty/042_h5.png,empty,042
data/squares/empty/042_a4.png,empty,042
data/squares/empty/042_b4.png,empty,042
data/squares/empty/042_c4.png,empty,042
data/squares/R/042_d4.png,R,042
data/squares/empty/042_e4.png,empty,042
data/squares/empty/042_f4.png,empty,042
data/squares/p/042_g4.png,p,042
data/squares/empty/042_h4.png,empty,042
data/squares/empty/042_a3.png,empty,042
data/squares/empty/042_b3.png,empty,042
data/squares/empty/042_c3.png,empty,042
data/squares/empty/042_d3.png,empty,042
data/squares/empty/042_e3.png,empty,042
data/squares/empty/042_f3.png,empty,042
data/squares/empty/042_g3.png,empty,042
data/squares/empty/042_h3.png,empty,042
data/squares/empty/042_a2.png,empty,042
data/squares/empty/042_b2.png,empty,042
data/squares/empty/042_c2.png,empty,042
data/squares/empty/042_d2.png,empty,042
data/squares/empty/042_e2.png,empty,042
data/squares/empty/042_f2.png,empty,042
data/squares/empty/042_g2.png,empty,042
data/squares/b/042_h2.png,b,042
data/squares/empty/042_a1.png,empty,042
data/squares/empty/042_b1.png,empty,042
data/squares/k/042_c1.png,k,042
data/squares/empty/042_d1.png,empty,042
data/squares/empty/042_e1.png,empty,042
data/squares/empty/042_f1.png,empty,042
data/squares/empty/042_g1.png,empty,042
data/squares/q/042_h1.png,q,042
data/squares/empty/043_a8.png,empty,043
data/squares/B/043_b8.png,B,043
data/squares/empty/043_c8.png,empty,043
data/squares/empty/043_d8.png,empty,043
data/squares/B/043_e8.png,B,043
data/squares/empty/043_f8.png,empty,043
data/squares/empty/043_g8.png,empty,043
data/squares/empty/043_h8.png,empty,043
data/squares/empty/043_a7.png,empty,043
data/squares/empty/043_b7.png,empty,043
data/squares/empty/043_c7.png,empty,043
data/squares/r/043_d7.png,r,043
data/squares/empty/043_e7.png,empty,043
data/squares/empty/043_f7.png,empty,043
data/squares/empty/043_g7.png,empty,043
data/squares/empty/043_h7.png,empty,043
data/squares/empty/043_a6.png,empty,043
data/squares/empty/043_b6.png,empty,043
data/squares/empty/043_c6.png,empty,043
data/squares/empty/043_d6.png,empty,043
data/squares/empty/043_e6.png,empty,043
data/squares/empty/043_f6.png,empty,043
data/squares/empty/043_g6.png,empty,043
data/squares/empty/043_h6.png,empty,043
data/squares/empty/043_a5.png,empty,043
data/squares/empty/043_b5.png,empty,043
data/squares/empty/043_c5.png,empty,043
data/squares/empty/043_d5.png,empty,043
data/squares/K/043_e5.png,K,043
data/squares/empty/043_f5.png,empty,043
data/squares/empty/043_g5.png,empty,043
data/squares/empty/043_h5.png,empty,043
data/squares/empty/043_a4.png,empty,043
data/squares/N/043_b4.png,N,043
data/squares/empty/043_c4.png,empty,043
data/squares/empty/043_d4.png,empty,043
data/squares/empty/043_e4.png,empty,043
data/squares/empty/043_f4.png,empty,043
data/squares/empty/043_g4.png,empty,043
data/squares/empty/043_h4.png,empty,043
data/squares/empty/043_a3.png,empty,043
data/squares/empty/043_b3.png,empty,043
data/squares/empty/043_c3.png,empty,043
data/squares/empty/043_d3.png,empty,043
data/squares/k/043_e3.png,k,043
data/squares/empty/043_f3.png,empty,043
data/squares/empty/043_g3.png,empty,043
data/squares/empty/043_h3.png,empty,043
data/squares/empty/043_a2.png,empty,043
data/squares/empty/043_b2.png,empty,043
data/squares/empty/043_c2.png,empty,043
data/squares/empty/043_d2.png,empty,043
data/squares/empty/043_e2.png,empty,043
data/squares/empty/043_f2.png,empty,043
data/squares/empty/043_g2.png,empty,043
data/squares/empty/043_h2.png,empty,043
data/squares/empty/043_a1.png,empty,043
data/squares/empty/043_b1.png,empty,043
data/squares/B/043_c1.png,B,043
data/squares/empty/043_d1.png,empty,043
data/squares/empty/043_e1.png,empty,043
data/squares/empty/043_f1.png,empty,043
data/squares/empty/043_g1.png,empty,043
data/squares/empty/043_h1.png,empty,043
data/squares/empty/044_a8.png,empty,044
data/squares/B/044_b8.png,B,044
data/squares/empty/044_c8.png,empty,044
data/squares/empty/044_d8.png,empty,044
data/squares/B/044_e8.png,B,044
data/squares/empty/044_f8.png,empty,044
data/squares/empty/044_g8.png,empty,044
data/squares/empty/044_h8.png,empty,044
data/squares/empty/044_a7.png,empty,044
data/squares/empty/044_b7.png,empty,044
data/squares/empty/044_c7.png,empty,044
data/squares/empty/044_d7.png,empty,044
data/squares/empty/044_e7.png,empty,044
data/squares/N/044_f7.png,N,044
data/squares/empty/044_g7.png,empty,044
data/squares/empty/044_h7.png,empty,044
data/squares/empty/044_a6.png,empty,044
data/squares/b/044_b6.png,b,044
data/squares/empty/044_c6.png,empty,044
data/squares/empty/044_d6.png,empty,044
data/squares/empty/044_e6.png,empty,044
data/squares/empty/044_f6.png,empty,044
data/squares/empty/044_g6.png,empty,044
data/squares/p/044_h6.png,p,044
data/squares/empty/044_a5.png,empty,044
data/squares/empty/044_b5.png,empty,044
data/squares/empty/044_c5.png,empty,044
data/squares/empty/044_d5.png,empty,044
data/squares/empty/044_e5.png,empty,044
data/squares/n/044_f5.png,n,044
data/squares/empty/044_g5.png,empty,044
data/squares/empty/044_h5.png,empty,044
data/squares/empty/044_a4.png,empty,044
data/squares/empty/044_b4.png,empty,044
data/squares/b/044_c4.png,b,044
data/squares/r/044_d4.png,r,044
data/squares/P/044_e4.png,P,044
data/squares/k/044_f4.png,k,044
data/squares/empty/044_g4.png,empty,044
data/squares/empty/044_h4.png,empty,044
data/squares/empty/044_a3.png,empty,044
data/squares/empty/044_b3.png,empty,044
data/squares/empty/044_c3.png,empty,044
data/squares/empty/044_d3.png,empty,044
data/squares/empty/044_e3.png,empty,044
data/squares/empty/044_f3.png,empty,044
data/squares/b/044_g3.png,b,044
data/squares/empty/044_h3.png,empty,044
data/squares/empty/044_a2.png,empty,044
data/squares/empty/044_b2.png,empty,044
data/squares/empty/044_c2.png,empty,044
data/squares/P/044_d2.png,P,044
data/squares/empty/044_e2.png,empty,044
data/squares/b/044_f2.png,b,044
data/squares/empty/044_g2.png,empty,044
data/squares/empty/044_h2.png,empty,044
data/squares/empty/044_a1.png,empty,044
data/squares/empty/044_b1.png,empty,044
data/squares/empty/044_c1.png,empty,044
data/squares/empty/044_d1.png,empty,044
data/squares/K/044_e1.png,K,044
data/squares/empty/044_f1.png,empty,044
data/squares/N/044_g1.png,N,044
data/squares/empty/044_h1.png,empty,044
data/squares/empty/045_a8.png,empty,045
data/squares/B/045_b8.png,B,045
data/squares/empty/045_c8.png,empty,045
data/squares/empty/045_d8.png,empty,045
data/squares/B/045_e8.png,B,045
data/squares/empty/045_f8.png,empty,045
data/squares/empty/045_g8.png,empty,045
data/squares/empty/045_h8.png,empty,045
data/squares/b/045_a7.png,b,045
data/squares/k/045_b7.png,k,045
data/squares/empty/045_c7.png,empty,045
data/squares/empty/045_d7.png,empty,045
data/squares/empty/045_e7.png,empty,045
data/squares/empty/045_f7.png,empty,045
data/squares/empty/045_g7.png,empty,045
data/squares/empty/045_h7.png,empty,045
data/squares/empty/045_a6.png,empty,045
data/squares/empty/045_b6.png,empty,045
data/squares/empty/045_c6.png,empty,045
data/squares/empty/045_d6.png,empty,045
data/squares/empty/045_e6.png,empty,045
data/squares/empty/045_f6.png,empty,045
data/squares/empty/045_g6.png,empty,045
data/squares/empty/045_h6.png,empty,045
data/squares/K/045_a5.png,K,045
data/squares/empty/045_b5.png,empty,045
data/squares/empty/045_c5.png,empty,045
data/squares/empty/045_d5.png,empty,045
data/squares/empty/045_e5.png,empty,045
data/squares/empty/045_f5.png,empty,045
data/squares/empty/045_g5.png,empty,045
data/squares/empty/045_h5.png,empty,045
data/squares/empty/045_a4.png,empty,045
data/squares/P/045_b4.png,P,045
data/squares/empty/045_c4.png,empty,045
data/squares/empty/045_d4.png,empty,045
data/squares/n/045_e4.png,n,045
data/squares/empty/045_f4.png,empty,045
data/squares/empty/045_g4.png,empty,045
data/squares/empty/045_h4.png,empty,045
data/squares/empty/045_a3.png,empty,045
data/squares/empty/045_b3.png,empty,045
data/squares/empty/045_c3.png,empty,045
data/squares/empty/045_d3.png,empty,045
data/squares/empty/045_e3.png,empty,045
data/squares/empty/045_f3.png,empty,045
data/squares/empty/045_g3.png,empty,045
data/squares/empty/045_h3.png,empty,045
data/squares/empty/045_a2.png,empty,045
data/squares/empty/045_b2.png,empty,045
data/squares/empty/045_c2.png,empty,045
data/squares/N/045_d2.png,N,045
data/squares/empty/045_e2.png,empty,045
data/squares/empty/045_f2.png,empty,045
data/squares/empty/045_g2.png,empty,045
data/squares/empty/045_h2.png,empty,045
data/squares/empty/045_a1.png,empty,045
data/squares/empty/045_b1.png,empty,045
data/squares/empty/045_c1.png,empty,045
data/squares/r/045_d1.png,r,045
data/squares/empty/045_e1.png,empty,045
data/squares/empty/045_f1.png,empty,045
data/squares/empty/045_g1.png,empty,045
data/squares/empty/045_h1.png,empty,045
data/squares/empty/046_a8.png,empty,046
data/squares/B/046_b8.png,B,046
data/squares/empty/046_c8.png,empty,046
data/squares/empty/046_d8.png,empty,046
data/squares/K/046_e8.png,K,046
data/squares/empty/046_f8.png,empty,046
data/squares/empty/046_g8.png,empty,046
data/squares/empty/046_h8.png,empty,046
data/squares/empty/046_a7.png,empty,046
data/squares/empty/046_b7.png,empty,046
data/squares/empty/046_c7.png,empty,046
data/squares/empty/046_d7.png,empty,046
data/squares/empty/046_e7.png,empty,046
data/squares/empty/046_f7.png,empty,046
data/squares/empty/046_g7.png,empty,046
data/squares/empty/046_h7.png,empty,046
data/squares/q/046_a6.png,q,046
data/squares/empty/046_b6.png,empty,046
data/squares/empty/046_c6.png,empty,046
data/squares/empty/046_d6.png,empty,046
data/squares/P/046_e6.png,P,046
data/squares/empty/046_f6.png,empty,046
data/squares/p/046_g6.png,p,046
data/squares/k/046_h6.png,k,046
data/squares/empty/046_a5.png,empty,046
data/squares/empty/046_b5.png,empty,046
data/squares/empty/046_c5.png,empty,046
data/squares/empty/046_d5.png,empty,046
data/squares/empty/046_e5.png,empty,046
data/squares/empty/046_f5.png,empty,046
data/squares/empty/046_g5.png,empty,046
data/squares/empty/046_h5.png,empty,046
data/squares/empty/046_a4.png,empty,046
data/squares/empty/046_b4.png,empty,046
data/squares/R/046_c4.png,R,046
data/squares/empty/046_d4.png,empty,046
data/squares/empty/046_e4.png,empty,046
data/squares/b/046_f4.png,b,046
data/squares/R/046_g4.png,R,046
data/squares/Q/046_h4.png,Q,046
data/squares/empty/046_a3.png,empty,046
data/squares/empty/046_b3.png,empty,046
data/squares/empty/046_c3.png,empty,046
data/squares/empty/046_d3.png,empty,046
data/squares/empty/046_e3.png,empty,046
data/squares/empty/046_f3.png,empty,046
data/squares/empty/046_g3.png,empty,046
data/squares/B/046_h3.png,B,046
data/squares/N/046_a2.png,N,046
data/squares/empty/046_b2.png,empty,046
data/squares/q/046_c2.png,q,046
data/squares/empty/046_d2.png,empty,046
data/squares/empty/046_e2.png,empty,046
data/squares/empty/046_f2.png,empty,046
data/squares/empty/046_g2.png,empty,046
data/squares/empty/046_h2.png,empty,046
data/squares/empty/046_a1.png,empty,046
data/squares/empty/046_b1.png,empty,046
data/squares/empty/046_c1.png,empty,046
data/squares/empty/046_d1.png,empty,046
data/squares/empty/046_e1.png,empty,046
data/squares/R/046_f1.png,R,046
data/squares/empty/046_g1.png,empty,046
data/squares/empty/046_h1.png,empty,046
data/squares/empty/047_a8.png,empty,047
data/squares/B/047_b8.png,B,047
data/squares/empty/047_c8.png,empty,047
data/squares/empty/047_d8.png,empty,047
data/squares/K/047_e8.png,K,047
data/squares/B/047_f8.png,B,047
data/squares/empty/047_g8.png,empty,047
data/squares/empty/047_h8.png,empty,047
data/squares/empty/047_a7.png,empty,047
data/squares/empty/047_b7.png,empty,047
data/squares/empty/047_c7.png,empty,047
data/squares/empty/047_d7.png,empty,047
data/squares/empty/047_e7.png,empty,047
data/squares/empty/047_f7.png,empty,047
data/squares/empty/047_g7.png,empty,047
data/squares/empty/047_h7.png,empty,047
data/squares/empty/047_a6.png,empty,047
data/squares/empty/047_b6.png,empty,047
data/squares/empty/047_c6.png,empty,047
data/squares/empty/047_d6.png,empty,047
data/squares/empty/047_e6.png,empty,047
data/squares/empty/047_f6.png,empty,047
data/squares/empty/047_g6.png,empty,047
data/squares/empty/047_h6.png,empty,047
data/squares/empty/047_a5.png,empty,047
data/squares/empty/047_b5.png,empty,047
data/squares/empty/047_c5.png,empty,047
data/squares/empty/047_d5.png,empty,047
data/squares/empty/047_e5.png,empty,047
data/squares/k/047_f5.png,k,047
data/squares/empty/047_g5.png,empty,047
data/squares/empty/047_h5.png,empty,047
data/squares/p/047_a4.png,p,047
data/squares/empty/047_b4.png,empty,047
data/squares/empty/047_c4.png,empty,047
data/squares/empty/047_d4.png,empty,047
data/squares/empty/047_e4.png,empty,047
data/squares/empty/047_f4.png,empty,047
data/squares/empty/047_g4.png,empty,047
data/squares/empty/047_h4.png,empty,047
data/squares/empty/047_a3.png,empty,047
data/squares/empty/047_b3.png,empty,047
data/squares/P/047_c3.png,P,047
data/squares/empty/047_d3.png,empty,047
data/squares/empty/047_e3.png,empty,047
data/squares/empty/047_f3.png,empty,047
data/squares/empty/047_g3.png,empty,047
data/squares/empty/047_h3.png,empty,047
data/squares/empty/047_a2.png,empty,047
data/squares/empty/047_b2.png,empty,047
data/squares/empty/047_c2.png,empty,047
data/squares/p/047_d2.png,p,047
data/squares/empty/047_e2.png,empty,047
data/squares/empty/047_f2.png,empty,047
data/squares/empty/047_g2.png,empty,047
data/squares/empty/047_h2.png,empty,047
data/squares/empty/047_a1.png,empty,047
data/squares/empty/047_b1.png,empty,047
data/squares/empty/047_c1.png,empty,047
data/squares/empty/047_d1.png,empty,047
data/squares/empty/047_e1.png,empty,047
data/squares/empty/047_f1.png,empty,047
data/squares/empty/047_g1.png,empty,047
data/squares/empty/047_h1.png,empty,047
data/squares/empty/048_a8.png,empty,048
data/squares/B/048_b8.png,B,048
data/squares/empty/048_c8.png,empty,048
data/squares/empty/048_d8.png,empty,048
data/squares/N/048_e8.png,N,048
data/squares/empty/048_f8.png,empty,048
data/squares/N/048_g8.png,N,048
data/squares/empty/048_h8.png,empty,048
data/squares/b/048_a7.png,b,048
data/squares/N/048_b7.png,N,048
data/squares/empty/048_c7.png,empty,048
data/squares/empty/048_d7.png,empty,048
data/squares/empty/048_e7.png,empty,048
data/squares/empty/048_f7.png,empty,048
data/squares/empty/048_g7.png,empty,048
data/squares/empty/048_h7.png,empty,048
data/squares/empty/048_a6.png,empty,048
data/squares/empty/048_b6.png,empty,048
data/squares/empty/048_c6.png,empty,048
data/squares/empty/048_d6.png,empty,048
data/squares/empty/048_e6.png,empty,048
data/squares/B/048_f6.png,B,048
data/squares/empty/048_g6.png,empty,048
data/squares/empty/048_h6.png,empty,048
data/squares/empty/048_a5.png,empty,048
data/squares/empty/048_b5.png,empty,048
data/squares/empty/048_c5.png,empty,048
data/squares/empty/048_d5.png,empty,048
data/squares/empty/048_e5.png,empty,048
data/squares/N/048_f5.png,N,048
data/squares/empty/048_g5.png,empty,048
data/squares/empty/048_h5.png,empty,048
data/squares/n/048_a4.png,n,048
data/squares/empty/048_b4.png,empty,048
data/squares/empty/048_c4.png,empty,048
data/squares/empty/048_d4.png,empty,048
data/squares/R/048_e4.png,R,048
data/squares/empty/048_f4.png,empty,048
data/squares/empty/048_g4.png,empty,048
data/squares/empty/048_h4.png,empty,048
data/squares/empty/048_a3.png,empty,048
data/squares/empty/048_b3.png,empty,048
data/squares/empty/048_c3.png,empty,048
data/squares/r/048_d3.png,r,048
data/squares/empty/048_e3.png,empty,048
data/squares/empty/048_f3.png,empty,048
data/squares/empty/048_g3.png,empty,048
data/squares/empty/048_h3.png,empty,048
data/squares/empty/048_a2.png,empty,048
data/squares/empty/048_b2.png,empty,048
data/squares/empty/048_c2.png,empty,048
data/squares/empty/048_d2.png,empty,048
data/squares/empty/048_e2.png,empty,048
data/squares/empty/048_f2.png,empty,048
data/squares/empty/048_g2.png,empty,048
data/squares/empty/048_h2.png,empty,048
data/squares/empty/048_a1.png,empty,048
data/squares/empty/048_b1.png,empty,048
data/squares/empty/048_c1.png,empty,048
data/squares/empty/048_d1.png,empty,048
data/squares/K/048_e1.png,K,048
data/squares/empty/048_f1.png,empty,048
data/squares/b/048_g1.png,b,048
data/squares/k/048_h1.png,k,048
data/squares/empty/049_a8.png,empty,049
data/squares/B/049_b8.png,B,049
data/squares/empty/049_c8.png,empty,049
data/squares/empty/049_d8.png,empty,049
data/squares/N/049_e8.png,N,049
data/squares/empty/049_f8.png,empty,049
data/squares/empty/049_g8.png,empty,049
data/squares/empty/049_h8.png,empty,049
data/squares/empty/049_a7.png,empty,049
data/squares/empty/049_b7.png,empty,049
data/squares/empty/049_c7.png,empty,049
data/squares/empty/049_d7.png,empty,049
data/squares/empty/049_e7.png,empty,049
data/squares/B/049_f7.png,B,049
data/squares/empty/049_g7.png,empty,049
data/squares/empty/049_h7.png,empty,049
data/squares/n/049_a6.png,n,049
data/squares/empty/049_b6.png,empty,049
data/squares/empty/049_c6.png,empty,049
data/squares/P/049_d6.png,P,049
data/squares/empty/049_e6.png,empty,049
data/squares/empty/049_f6.png,empty,049
data/squares/r/049_g6.png,r,049
data/squares/empty/049_h6.png,empty,049
data/squares/empty/049_a5.png,empty,049
data/squares/empty/049_b5.png,empty,049
data/squares/empty/049_c5.png,empty,049
data/squares/empty/049_d5.png,empty,049
data/squares/empty/049_e5.png,empty,049
data/squares/empty/049_f5.png,empty,049
data/squares/empty/049_g5.png,empty,049
data/squares/empty/049_h5.png,empty,049
data/squares/empty/049_a4.png,empty,049
data/squares/empty/049_b4.png,empty,049
data/squares/empty/049_c4.png,empty,049
data/squares/empty/049_d4.png,empty,049
data/squares/Q/049_e4.png,Q,049
data/squares/K/049_f4.png,K,049
data/squares/empty/049_g4.png,empty,049
data/squares/empty/049_h4.png,empty,049
data/squares/empty/049_a3.png,empty,049
data/squares/empty/049_b3.png,empty,049
data/squares/empty/049_c3.png,empty,049
data/squares/empty/049_d3.png,empty,049
data/squares/empty/049_e3.png,empty,049
data/squares/empty/049_f3.png,empty,049
data/squares/empty/049_g3.png,empty,049
data/squares/empty/049_h3.png,empty,049
data/squares/empty/049_a2.png,empty,049
data/squares/P/049_b2.png,P,049
data/squares/empty/049_c2.png,empty,049
data/squares/N/049_d2.png,N,049
data/squares/empty/049_e2.png,empty,049
data/squares/k/049_f2.png,k,049
data/squares/empty/049_g2.png,empty,049
data/squares/empty/049_h2.png,empty,049
data/squares/empty/049_a1.png,empty,049
data/squares/empty/049_b1.png,empty,049
data/squares/empty/049_c1.png,empty,049
data/squares/empty/049_d1.png,empty,049
data/squares/empty/049_e1.png,empty,049
data/squares/empty/049_f1.png,empty,049
data/squares/Q/049_g1.png,Q,049
data/squares/empty/049_h1.png,empty,049
data/squares/empty/050_a8.png,empty,050
data/squares/B/050_b8.png,B,050
data/squares/empty/050_c8.png,empty,050
data/squares/empty/050_d8.png,empty,050
data/squares/N/050_e8.png,N,050
data/squares/empty/050_f8.png,empty,050
data/squares/empty/050_g8.png,empty,050
data/squares/empty/050_h8.png,empty,050
data/squares/empty/050_a7.png,empty,050
data/squares/empty/050_b7.png,empty,050
data/squares/empty/050_c7.png,empty,050
data/squares/empty/050_d7.png,empty,050
data/squares/empty/050_e7.png,empty,050
data/squares/empty/050_f7.png,empty,050
data/squares/empty/050_g7.png,empty,050
data/squares/empty/050_h7.png,empty,050
data/squares/empty/050_a6.png,empty,050
data/squares/r/050_b6.png,r,050
data/squares/empty/050_c6.png,empty,050
data/squares/K/050_d6.png,K,050
data/squares/r/050_e6.png,r,050
data/squares/empty/050_f6.png,empty,050
data/squares/empty/050_g6.png,empty,050
data/squares/empty/050_h6.png,empty,050
data/squares/empty/050_a5.png,empty,050
data/squares/N/050_b5.png,N,050
data/squares/empty/050_c5.png,empty,050
data/squares/empty/050_d5.png,empty,050
data/squares/empty/050_e5.png,empty,050
data/squares/empty/050_f5.png,empty,050
data/squares/r/050_g5.png,r,050
data/squares/empty/050_h5.png,empty,050
data/squares/empty/050_a4.png,empty,050
data/squares/empty/050_b4.png,empty,050
data/squares/empty/050_c4.png,empty,050
data/squares/empty/050_d4.png,empty,050
data/squares/empty/050_e4.png,empty,050
data/squares/empty/050_f4.png,empty,050
data/squares/k/050_g4.png,k,050
data/squares/empty/050_h4.png,empty,050
data/squares/empty/050_a3.png,empty,050
data/squares/empty/050_b3.png,empty,050
data/squares/empty/050_c3.png,empty,050
data/squares/empty/050_d3.png,empty,050
data/squares/empty/050_e3.png,empty,050
data/squares/empty/050_f3.png,empty,050
data/squares/empty/050_g3.png,empty,050
data/squares/empty/050_h3.png,empty,050
data/squares/empty/050_a2.png,empty,050
data/squares/empty/050_b2.png,empty,050
data/squares/empty/050_c2.png,empty,050
data/squares/empty/050_d2.png,empty,050
data/squares/empty/050_e2.png,empty,050
data/squares/empty/050_f2.png,empty,050
data/squares/empty/050_g2.png,empty,050
data/squares/empty/050_h2.png,empty,050
data/squares/empty/050_a1.png,empty,050
data/squares/N/050_b1.png,N,050
data/squares/empty/050_c1.png,empty,050
data/squares/empty/050_d1.png,empty,050
data/squares/empty/050_e1.png,empty,050
data/squares/empty/050_f1.png,empty,050
data/squares/empty/050_g1.png,empty,050
data/squares/R/050_h1.png,R,050
data/squares/empty/052_a8.png,empty,052
data/squares/B/052_b8.png,B,052
data/squares/empty/052_c8.png,empty,052
data/squares/empty/052_d8.png,empty,052
data/squares/R/052_e8.png,R,052
data/squares/empty/052_f8.png,empty,052
data/squares/empty/052_g8.png,empty,052
data/squares/K/052_h8.png,K,052
data/squares/empty/052_a7.png,empty,052
data/squares/empty/052_b7.png,empty,052
data/squares/N/052_c7.png,N,052
data/squares/empty/052_d7.png,empty,052
data/squares/empty/052_e7.png,empty,052
data/squares/empty/052_f7.png,empty,052
data/squares/empty/052_g7.png,empty,052
data/squares/empty/052_h7.png,empty,052
data/squares/empty/052_a6.png,empty,052
data/squares/b/052_b6.png,b,052
data/squares/empty/052_c6.png,empty,052
data/squares/empty/052_d6.png,empty,052
data/squares/empty/052_e6.png,empty,052
data/squares/empty/052_f6.png,empty,052
data/squares/p/052_g6.png,p,052
data/squares/empty/052_h6.png,empty,052
data/squares/empty/052_a5.png,empty,052
data/squares/R/052_b5.png,R,052
data/squares/empty/052_c5.png,empty,052
data/squares/empty/052_d5.png,empty,052
data/squares/empty/052_e5.png,empty,052
data/squares/empty/052_f5.png,empty,052
data/squares/empty/052_g5.png,empty,052
data/squares/empty/052_h5.png,empty,052
data/squares/empty/052_a4.png,empty,052
data/squares/empty/052_b4.png,empty,052
data/squares/empty/052_c4.png,empty,052
data/squares/p/052_d4.png,p,052
data/squares/empty/052_e4.png,empty,052
data/squares/empty/052_f4.png,empty,052
data/squares/p/052_g4.png,p,052
data/squares/empty/052_h4.png,empty,052
data/squares/empty/052_a3.png,empty,052
data/squares/empty/052_b3.png,empty,052
data/squares/empty/052_c3.png,empty,052
data/squares/p/052_d3.png,p,052
data/squares/P/052_e3.png,P,052
data/squares/empty/052_f3.png,empty,052
data/squares/empty/052_g3.png,empty,052
data/squares/empty/052_h3.png,empty,052
data/squares/empty/052_a2.png,empty,052
data/squares/empty/052_b2.png,empty,052
data/squares/empty/052_c2.png,empty,052
data/squares/empty/052_d2.png,empty,052
data/squares/empty/052_e2.png,empty,052
data/squares/empty/052_f2.png,empty,052
data/squares/empty/052_g2.png,empty,052
data/squares/empty/052_h2.png,empty,052
data/squares/empty/052_a1.png,empty,052
data/squares/empty/052_b1.png,empty,052
data/squares/empty/052_c1.png,empty,052
data/squares/empty/052_d1.png,empty,052
data/squares/empty/052_e1.png,empty,052
data/squares/B/052_f1.png,B,052
data/squares/r/052_g1.png,r,052
data/squares/k/052_h1.png,k,052
data/squares/empty/053_a8.png,empty,053
data/squares/B/053_b8.png,B,053
data/squares/empty/053_c8.png,empty,053
data/squares/empty/053_d8.png,empty,053
data/squares/R/053_e8.png,R,053
data/squares/empty/053_f8.png,empty,053
data/squares/empty/053_g8.png,empty,053
data/squares/k/053_h8.png,k,053
data/squares/empty/053_a7.png,empty,053
data/squares/empty/053_b7.png,empty,053
data/squares/empty/053_c7.png,empty,053
data/squares/empty/053_d7.png,empty,053
data/squares/empty/053_e7.png,empty,053
data/squares/b/053_f7.png,b,053
data/squares/empty/053_g7.png,empty,053
data/squares/empty/053_h7.png,empty,053
data/squares/P/053_a6.png,P,053
data/squares/empty/053_b6.png,empty,053
data/squares/empty/053_c6.png,empty,053
data/squares/empty/053_d6.png,empty,053
data/squares/empty/053_e6.png,empty,053
data/squares/empty/053_f6.png,empty,053
data/squares/empty/053_g6.png,empty,053
data/squares/empty/053_h6.png,empty,053
data/squares/empty/053_a5.png,empty,053
data/squares/empty/053_b5.png,empty,053
data/squares/empty/053_c5.png,empty,053
data/squares/K/053_d5.png,K,053
data/squares/empty/053_e5.png,empty,053
data/squares/empty/053_f5.png,empty,053
data/squares/empty/053_g5.png,empty,053
data/squares/empty/053_h5.png,empty,053
data/squares/empty/053_a4.png,empty,053
data/squares/empty/053_b4.png,empty,053
data/squares/empty/053_c4.png,empty,053
data/squares/empty/053_d4.png,empty,053
data/squares/N/053_e4.png,N,053
data/squares/empty/053_f4.png,empty,053
data/squares/empty/053_g4.png,empty,053
data/squares/empty/053_h4.png,empty,053
data/squares/empty/053_a3.png,empty,053
data/squares/empty/053_b3.png,empty,053
data/squares/empty/053_c3.png,empty,053
data/squares/empty/053_d3.png,empty,053
data/squares/B/053_e3.png,B,053
data/squares/empty/053_f3.png,empty,053
data/squares/empty/053_g3.png,empty,053
data/squares/empty/053_h3.png,empty,053
data/squares/empty/053_a2.png,empty,053
data/squares/empty/053_b2.png,empty,053
data/squares/empty/053_c2.png,empty,053
data/squares/Q/053_d2.png,Q,053
data/squares/Q/053_e2.png,Q,053
data/squares/P/053_f2.png,P,053
data/squares/P/053_g2.png,P,053
data/squares/N/053_h2.png,N,053
data/squares/empty/053_a1.png,empty,053
data/squares/empty/053_b1.png,empty,053
data/squares/empty/053_c1.png,empty,053
data/squares/empty/053_d1.png,empty,053
data/squares/B/053_e1.png,B,053
data/squares/empty/053_f1.png,empty,053
data/squares/empty/053_g1.png,empty,053
data/squares/r/053_h1.png,r,053
data/squares/empty/054_a8.png,empty,054
data/squares/B/054_b8.png,B,054
data/squares/empty/054_c8.png,empty,054
data/squares/empty/054_d8.png,empty,054
data/squares/R/054_e8.png,R,054
data/squares/empty/054_f8.png,empty,054
data/squares/empty/054_g8.png,empty,054
data/squares/empty/054_h8.png,empty,054
data/squares/P/054_a7.png,P,054
data/squares/empty/054_b7.png,empty,054
data/squares/empty/054_c7.png,empty,054
data/squares/empty/054_d7.png,empty,054
data/squares/empty/054_e7.png,empty,054
data/squares/empty/054_f7.png,empty,054
data/squares/empty/054_g7.png,empty,054
data/squares/empty/054_h7.png,empty,054
data/squares/empty/054_a6.png,empty,054
data/squares/empty/054_b6.png,empty,054
data/squares/empty/054_c6.png,empty,054
data/squares/empty/054_d6.png,empty,054
data/squares/empty/054_e6.png,empty,054
data/squares/empty/054_f6.png,empty,054
data/squares/empty/054_g6.png,empty,054
data/squares/empty/054_h6.png,empty,054
data/squares/empty/054_a5.png,empty,054
data/squares/empty/054_b5.png,empty,054
data/squares/empty/054_c5.png,empty,054
data/squares/N/054_d5.png,N,054
data/squares/empty/054_e5.png,empty,054
data/squares/empty/054_f5.png,empty,054
data/squares/P/054_g5.png,P,054
data/squares/empty/054_h5.png,empty,054
data/squares/empty/054_a4.png,empty,054
data/squares/empty/054_b4.png,empty,054
data/squares/empty/054_c4.png,empty,054
data/squares/empty/054_d4.png,empty,054
data/squares/empty/054_e4.png,empty,054
data/squares/n/054_f4.png,n,054
data/squares/empty/054_g4.png,empty,054
data/squares/empty/054_h4.png,empty,054
data/squares/empty/054_a3.png,empty,054
data/squares/empty/054_b3.png,empty,054
data/squares/empty/054_c3.png,empty,054
data/squares/empty/054_d3.png,empty,054
data/squares/P/054_e3.png,P,054
data/squares/empty/054_f3.png,empty,054
data/squares/empty/054_g3.png,empty,054
data/squares/empty/054_h3.png,empty,054
data/squares/empty/054_a2.png,empty,054
data/squares/R/054_b2.png,R,054
data/squares/empty/054_c2.png,empty,054
data/squares/empty/054_d2.png,empty,054
data/squares/empty/054_e2.png,empty,054
data/squares/K/054_f2.png,K,054
data/squares/empty/054_g2.png,empty,054
data/squares/k/054_h2.png,k,054
data/squares/empty/054_a1.png,empty,054
data/squares/empty/054_b1.png,empty,054
data/squares/q/054_c1.png,q,054
data/squares/empty/054_d1.png,empty,054
data/squares/empty/054_e1.png,empty,054
data/squares/empty/054_f1.png,empty,054
data/squares/b/054_g1.png,b,054
data/squares/empty/054_h1.png,empty,054
data/squares/empty/055_a8.png,empty,055
data/squares/B/055_b8.png,B,055
data/squares/empty/055_c8.png,empty,055
data/squares/empty/055_d8.png,empty,055
data/squares/b/055_e8.png,b,055
data/squares/empty/055_f8.png,empty,055
data/squares/B/055_g8.png,B,055
data/squares/k/055_h8.png,k,055
data/squares/empty/055_a7.png,empty,055
data/squares/empty/055_b7.png,empty,055
data/squares/empty/055_c7.png,empty,055
data/squares/empty/055_d7.png,empty,055
data/squares/empty/055_e7.png,empty,055
data/squares/empty/055_f7.png,empty,055
data/squares/empty/055_g7.png,empty,055
data/squares/n/055_h7.png,n,055
data/squares/p/055_a6.png,p,055
data/squares/empty/055_b6.png,empty,055
data/squares/empty/055_c6.png,empty,055
data/squares/empty/055_d6.png,empty,055
data/squares/empty/055_e6.png,empty,055
data/squares/empty/055_f6.png,empty,055
data/squares/empty/055_g6.png,empty,055
data/squares/empty/055_h6.png,empty,055
data/squares/K/055_a5.png,K,055
data/squares/empty/055_b5.png,empty,055
data/squares/empty/055_c5.png,empty,055
data/squares/empty/055_d5.png,empty,055
data/squares/empty/055_e5.png,empty,055
data/squares/empty/055_f5.png,empty,055
data/squares/empty/055_g5.png,empty,055
data/squares/empty/055_h5.png,empty,055
data/squares/empty/055_a4.png,empty,055
data/squares/empty/055_b4.png,empty,055
data/squares/empty/055_c4.png,empty,055
data/squares/empty/055_d4.png,empty,055
data/squares/empty/055_e4.png,empty,055
data/squares/empty/055_f4.png,empty,055
data/squares/empty/055_g4.png,empty,055
data/squares/empty/055_h4.png,empty,055
data/squares/empty/055_a3.png,empty,055
data/squares/b/055_b3.png,b,055
data/squares/empty/055_c3.png,empty,055
data/squares/empty/055_d3.png,empty,055
data/squares/empty/055_e3.png,empty,055
data/squares/empty/055_f3.png,empty,055
data/squares/empty/055_g3.png,empty,055
data/squares/empty/055_h3.png,empty,055
data/squares/p/055_a2.png,p,055
data/squares/empty/055_b2.png,empty,055
data/squares/empty/055_c2.png,empty,055
data/squares/empty/055_d2.png,empty,055
data/squares/empty/055_e2.png,empty,055
data/squares/empty/055_f2.png,empty,055
data/squares/empty/055_g2.png,empty,055
data/squares/empty/055_h2.png,empty,055
data/squares/empty/055_a1.png,empty,055
data/squares/empty/055_b1.png,empty,055
data/squares/empty/055_c1.png,empty,055
data/squares/empty/055_d1.png,empty,055
data/squares/empty/055_e1.png,empty,055
data/squares/empty/055_f1.png,empty,055
data/squares/empty/055_g1.png,empty,055
data/squares/empty/055_h1.png,empty,055
data/squares/empty/056_a8.png,empty,056
data/squares/B/056_b8.png,B,056
data/squares/empty/056_c8.png,empty,056
data/squares/empty/056_d8.png,empty,056
data/squares/b/056_e8.png,b,056
data/squares/empty/056_f8.png,empty,056
data/squares/empty/056_g8.png,empty,056
data/squares/R/056_h8.png,R,056
data/squares/empty/056_a7.png,empty,056
data/squares/empty/056_b7.png,empty,056
data/squares/K/056_c7.png,K,056
data/squares/empty/056_d7.png,empty,056
data/squares/empty/056_e7.png,empty,056
data/squares/p/056_f7.png,p,056
data/squares/empty/056_g7.png,empty,056
data/squares/empty/056_h7.png,empty,056
data/squares/P/056_a6.png,P,056
data/squares/empty/056_b6.png,empty,056
data/squares/empty/056_c6.png,empty,056
data/squares/R/056_d6.png,R,056
data/squares/empty/056_e6.png,empty,056
data/squares/empty/056_f6.png,empty,056
data/squares/empty/056_g6.png,empty,056
data/squares/empty/056_h6.png,empty,056
data/squares/empty/056_a5.png,empty,056
data/squares/empty/056_b5.png,empty,056
data/squares/k/056_c5.png,k,056
data/squares/empty/056_d5.png,empty,056
data/squares/empty/056_e5.png,empty,056
data/squares/empty/056_f5.png,empty,056
data/squares/R/056_g5.png,R,056
data/squares/empty/056_h5.png,empty,056
data/squares/empty/056_a4.png,empty,056
data/squares/empty/056_b4.png,empty,056
data/squares/empty/056_c4.png,empty,056
data/squares/empty/056_d4.png,empty,056
data/squares/empty/056_e4.png,empty,056
data/squares/empty/056_f4.png,empty,056
data/squares/q/056_g4.png,q,056
data/squares/empty/056_h4.png,empty,056
data/squares/Q/056_a3.png,Q,056
data/squares/empty/056_b3.png,empty,056
data/squares/empty/056_c3.png,empty,056
data/squares/empty/056_d3.png,empty,056
data/squares/empty/056_e3.png,empty,056
data/squares/empty/056_f3.png,empty,056
data/squares/empty/056_g3.png,empty,056
data/squares/empty/056_h3.png,empty,056
data/squares/empty/056_a2.png,empty,056
data/squares/b/056_b2.png,b,056
data/squares/empty/056_c2.png,empty,056
data/squares/empty/056_d2.png,empty,056
data/squares/empty/056_e2.png,empty,056
data/squares/empty/056_f2.png,empty,056
data/squares/p/056_g2.png,p,056
data/squares/empty/056_h2.png,empty,056
data/squares/n/056_a1.png,n,056
data/squares/empty/056_b1.png,empty,056
data/squares/empty/056_c1.png,empty,056
data/squares/empty/056_d1.png,empty,056
data/squares/empty/056_e1.png,empty,056
data/squares/empty/056_f1.png,empty,056
data/squares/empty/056_g1.png,empty,056
data/squares/empty/056_h1.png,empty,056
data/squares/empty/057_a8.png,empty,057
data/squares/B/057_b8.png,B,057
data/squares/empty/057_c8.png,empty,057
data/squares/empty/057_d8.png,empty,057
data/squares/b/057_e8.png,b,057
data/squares/empty/057_f8.png,empty,057
data/squares/empty/057_g8.png,empty,057
data/squares/empty/057_h8.png,empty,057
data/squares/empty/057_a7.png,empty,057
data/squares/empty/057_b7.png,empty,057
data/squares/empty/057_c7.png,empty,057
data/squares/empty/057_d7.png,empty,057
data/squares/empty/057_e7.png,empty,057
data/squares/empty/057_f7.png,empty,057
data/squares/empty/057_g7.png,empty,057
data/squares/empty/057_h7.png,empty,057
data/squares/empty/057_a6.png,empty,057
data/squares/empty/057_b6.png,empty,057
data/squares/empty/057_c6.png,empty,057
data/squares/empty/057_d6.png,empty,057
data/squares/r/057_e6.png,r,057
data/squares/empty/057_f6.png,empty,057
data/squares/empty/057_g6.png,empty,057
data/squares/empty/057_h6.png,empty,057
data/squares/K/057_a5.png,K,057
data/squares/empty/057_b5.png,empty,057
data/squares/empty/057_c5.png,empty,057
data/squares/empty/057_d5.png,empty,057
data/squares/empty/057_e5.png,empty,057
data/squares/empty/057_f5.png,empty,057
data/squares/empty/057_g5.png,empty,057
data/squares/empty/057_h5.png,empty,057
data/squares/empty/057_a4.png,empty,057
data/squares/empty/057_b4.png,empty,057
data/squares/empty/057_c4.png,empty,057
data/squares/empty/057_d4.png,empty,057
data/squares/k/057_e4.png,k,057
data/squares/empty/057_f4.png,empty,057
data/squares/P/057_g4.png,P,057
data/squares/empty/057_h4.png,empty,057
data/squares/empty/057_a3.png,empty,057
data/squares/empty/057_b3.png,empty,057
data/squares/empty/057_c3.png,empty,057
data/squares/empty/057_d3.png,empty,057
data/squares/empty/057_e3.png,empty,057
data/squares/empty/057_f3.png,empty,057
data/squares/Q/057_g3.png,Q,057
data/squares/empty/057_h3.png,empty,057
data/squares/empty/057_a2.png,empty,057
data/squares/empty/057_b2.png,empty,057
data/squares/empty/057_c2.png,empty,057
data/squares/empty/057_d2.png,empty,057
data/squares/empty/057_e2.png,empty,057
data/squares/empty/057_f2.png,empty,057
data/squares/empty/057_g2.png,empty,057
data/squares/empty/057_h2.png,empty,057
data/squares/empty/057_a1.png,empty,057
data/squares/empty/057_b1.png,empty,057
data/squares/empty/057_c1.png,empty,057
data/squares/empty/057_d1.png,empty,057
data/squares/empty/057_e1.png,empty,057
data/squares/empty/057_f1.png,empty,057
data/squares/empty/057_g1.png,empty,057
data/squares/empty/057_h1.png,empty,057
data/squares/empty/058_a8.png,empty,058
data/squares/B/058_b8.png,B,058
data/squares/empty/058_c8.png,empty,058
data/squares/empty/058_d8.png,empty,058
data/squares/b/058_e8.png,b,058
data/squares/empty/058_f8.png,empty,058
data/squares/empty/058_g8.png,empty,058
data/squares/empty/058_h8.png,empty,058
data/squares/empty/058_a7.png,empty,058
data/squares/empty/058_b7.png,empty,058
data/squares/empty/058_c7.png,empty,058
data/squares/empty/058_d7.png,empty,058
data/squares/empty/058_e7.png,empty,058
data/squares/empty/058_f7.png,empty,058
data/squares/empty/058_g7.png,empty,058
data/squares/empty/058_h7.png,empty,058
data/squares/empty/058_a6.png,empty,058
data/squares/empty/058_b6.png,empty,058
data/squares/empty/058_c6.png,empty,058
data/squares/empty/058_d6.png,empty,058
data/squares/empty/058_e6.png,empty,058
data/squares/empty/058_f6.png,empty,058
data/squares/empty/058_g6.png,empty,058
data/squares/empty/058_h6.png,empty,058
data/squares/empty/058_a5.png,empty,058
data/squares/empty/058_b5.png,empty,058
data/squares/empty/058_c5.png,empty,058
data/squares/empty/058_d5.png,empty,058
data/squares/empty/058_e5.png,empty,058
data/squares/empty/058_f5.png,empty,058
data/squares/r/058_g5.png,r,058
data/squares/empty/058_h5.png,empty,058
data/squares/N/058_a4.png,N,058
data/squares/K/058_b4.png,K,058
data/squares/empty/058_c4.png,empty,058
data/squares/empty/058_d4.png,empty,058
data/squares/empty/058_e4.png,empty,058
data/squares/empty/058_f4.png,empty,058
data/squares/k/058_g4.png,k,058
data/squares/empty/058_h4.png,empty,058
data/squares/P/058_a3.png,P,058
data/squares/empty/058_b3.png,empty,058
data/squares/N/058_c3.png,N,058
data/squares/empty/058_d3.png,empty,058
data/squares/empty/058_e3.png,empty,058
data/squares/empty/058_f3.png,empty,058
data/squares/empty/058_g3.png,empty,058
data/squares/empty/058_h3.png,empty,058
data/squares/empty/058_a2.png,empty,058
data/squares/empty/058_b2.png,empty,058
data/squares/empty/058_c2.png,empty,058
data/squares/empty/058_d2.png,empty,058
data/squares/b/058_e2.png,b,058
data/squares/empty/058_f2.png,empty,058
data/squares/empty/058_g2.png,empty,058
data/squares/P/058_h2.png,P,058
data/squares/n/058_a1.png,n,058
data/squares/empty/058_b1.png,empty,058
data/squares/empty/058_c1.png,empty,058
data/squares/empty/058_d1.png,empty,058
data/squares/empty/058_e1.png,empty,058
data/squares/empty/058_f1.png,empty,058
data/squares/empty/058_g1.png,empty,058
data/squares/empty/058_h1.png,empty,058
data/squares/empty/059_a8.png,empty,059
data/squares/B/059_b8.png,B,059
data/squares/empty/059_c8.png,empty,059
data/squares/empty/059_d8.png,empty,059
data/squares/b/059_e8.png,b,059
data/squares/empty/059_f8.png,empty,059
data/squares/empty/059_g8.png,empty,059
data/squares/empty/059_h8.png,empty,059
data/squares/empty/059_a7.png,empty,059
data/squares/empty/059_b7.png,empty,059
data/squares/empty/059_c7.png,empty,059
data/squares/empty/059_d7.png,empty,059
data/squares/empty/059_e7.png,empty,059
data/squares/empty/059_f7.png,empty,059
data/squares/empty/059_g7.png,empty,059
data/squares/empty/059_h7.png,empty,059
data/squares/K/059_a6.png,K,059
data/squares/empty/059_b6.png,empty,059
data/squares/r/059_c6.png,r,059
data/squares/empty/059_d6.png,empty,059
data/squares/empty/059_e6.png,empty,059
data/squares/empty/059_f6.png,empty,059
data/squares/empty/059_g6.png,empty,059
data/squares/empty/059_h6.png,empty,059
data/squares/empty/059_a5.png,empty,059
data/squares/empty/059_b5.png,empty,059
data/squares/empty/059_c5.png,empty,059
data/squares/empty/059_d5.png,empty,059
data/squares/empty/059_e5.png,empty,059
data/squares/empty/059_f5.png,empty,059
data/squares/p/059_g5.png,p,059
data/squares/empty/059_h5.png,empty,059
data/squares/empty/059_a4.png,empty,059
data/squares/empty/059_b4.png,empty,059
data/squares/empty/059_c4.png,empty,059
data/squares/k/059_d4.png,k,059
data/squares/empty/059_e4.png,empty,059
data/squares/empty/059_f4.png,empty,059
data/squares/r/059_g4.png,r,059
data/squares/empty/059_h4.png,empty,059
data/squares/empty/059_a3.png,empty,059
data/squares/empty/059_b3.png,empty,059
data/squares/p/059_c3.png,p,059
data/squares/empty/059_d3.png,empty,059
data/squares/empty/059_e3.png,empty,059
data/squares/empty/059_f3.png,empty,059
data/squares/empty/059_g3.png,empty,059
data/squares/empty/059_h3.png,empty,059
data/squares/N/059_a2.png,N,059
data/squares/N/059_b2.png,N,059
data/squares/empty/059_c2.png,empty,059
data/squares/empty/059_d2.png,empty,059
data/squares/empty/059_e2.png,empty,059
data/squares/p/059_f2.png,p,059
data/squares/n/059_g2.png,n,059
data/squares/empty/059_h2.png,empty,059
data/squares/empty/059_a1.png,empty,059
data/squares/empty/059_b1.png,empty,059
data/squares/empty/059_c1.png,empty,059
data/squares/R/059_d1.png,R,059
data/squares/empty/059_e1.png,empty,059
data/squares/empty/059_f1.png,empty,059
data/squares/empty/059_g1.png,empty,059
data/squares/empty/059_h1.png,empty,059
data/squares/empty/060_a8.png,empty,060
data/squares/B/060_b8.png,B,060
data/squares/empty/060_c8.png,empty,060
data/squares/empty/060_d8.png,empty,060
data/squares/b/060_e8.png,b,060
data/squares/R/060_f8.png,R,060
data/squares/empty/060_g8.png,empty,060
data/squares/empty/060_h8.png,empty,060
data/squares/K/060_a7.png,K,060
data/squares/empty/060_b7.png,empty,060
data/squares/empty/060_c7.png,empty,060
data/squares/Q/060_d7.png,Q,060
data/squares/empty/060_e7.png,empty,060
data/squares/empty/060_f7.png,empty,060
data/squares/n/060_g7.png,n,060
data/squares/empty/060_h7.png,empty,060
data/squares/Q/060_a6.png,Q,060
data/squares/empty/060_b6.png,empty,060
data/squares/empty/060_c6.png,empty,060
data/squares/empty/060_d6.png,empty,060
data/squares/empty/060_e6.png,empty,060
data/squares/empty/060_f6.png,empty,060
data/squares/empty/060_g6.png,empty,060
data/squares/empty/060_h6.png,empty,060
data/squares/empty/060_a5.png,empty,060
data/squares/empty/060_b5.png,empty,060
data/squares/B/060_c5.png,B,060
data/squares/k/060_d5.png,k,060
data/squares/empty/060_e5.png,empty,060
data/squares/empty/060_f5.png,empty,060
data/squares/empty/060_g5.png,empty,060
data/squares/empty/060_h5.png,empty,060
data/squares/empty/060_a4.png,empty,060
data/squares/empty/060_b4.png,empty,060
data/squares/empty/060_c4.png,empty,060
data/squares/empty/060_d4.png,empty,060
data/squares/empty/060_e4.png,empty,060
data/squares/empty/060_f4.png,empty,060
data/squares/empty/060_g4.png,empty,060
data/squares/empty/060_h4.png,empty,060
data/squares/empty/060_a3.png,empty,060
data/squares/empty/060_b3.png,empty,060
data/squares/N/060_c3.png,N,060
data/squares/empty/060_d3.png,empty,060
data/squares/empty/060_e3.png,empty,060
data/squares/empty/060_f3.png,empty,060
data/squares/empty/060_g3.png,empty,060
data/squares/empty/060_h3.png,empty,060
data/squares/q/060_a2.png,q,060
data/squares/empty/060_b2.png,empty,060
data/squares/n/060_c2.png,n,060
data/squares/empty/060_d2.png,empty,060
data/squares/empty/060_e2.png,empty,060
data/squares/b/060_f2.png,b,060
data/squares/empty/060_g2.png,empty,060
data/squares/empty/060_h2.png,empty,060
data/squares/empty/060_a1.png,empty,060
data/squares/B/060_b1.png,B,060
data/squares/r/060_c1.png,r,060
data/squares/empty/060_d1.png,empty,060
data/squares/empty/060_e1.png,empty,060
data/squares/empty/060_f1.png,empty,060
data/squares/empty/060_g1.png,empty,060
data/squares/empty/060_h1.png,empty,060
data/squares/empty/061_a8.png,empty,061
data/squares/B/061_b8.png,B,061
data/squares/empty/061_c8.png,empty,061
data/squares/empty/061_d8.png,empty,061
data/squares/k/061_e8.png,k,061
data/squares/empty/061_f8.png,empty,061
data/squares/empty/061_g8.png,empty,061
data/squares/empty/061_h8.png,empty,061
data/squares/empty/061_a7.png,empty,061
data/squares/K/061_b7.png,K,061
data/squares/B/061_c7.png,B,061
data/squares/P/061_d7.png,P,061
data/squares/empty/061_e7.png,empty,061
data/squares/empty/061_f7.png,empty,061
data/squares/b/061_g7.png,b,061
data/squares/empty/061_h7.png,empty,061
data/squares/empty/061_a6.png,empty,061
data/squares/empty/061_b6.png,empty,061
data/squares/empty/061_c6.png,empty,061
data/squares/empty/061_d6.png,empty,061
data/squares/empty/061_e6.png,empty,061
data/squares/empty/061_f6.png,empty,061
data/squares/empty/061_g6.png,empty,061
data/squares/empty/061_h6.png,empty,061
data/squares/empty/061_a5.png,empty,061
data/squares/empty/061_b5.png,empty,061
data/squares/empty/061_c5.png,empty,061
data/squares/empty/061_d5.png,empty,061
data/squares/P/061_e5.png,P,061
data/squares/empty/061_f5.png,empty,061
data/squares/empty/061_g5.png,empty,061
data/squares/empty/061_h5.png,empty,061
data/squares/P/061_a4.png,P,061
data/squares/empty/061_b4.png,empty,061
data/squares/empty/061_c4.png,empty,061
data/squares/empty/061_d4.png,empty,061
data/squares/empty/061_e4.png,empty,061
data/squares/empty/061_f4.png,empty,061
data/squares/empty/061_g4.png,empty,061
data/squares/empty/061_h4.png,empty,061
data/squares/empty/061_a3.png,empty,061
data/squares/P/061_b3.png,P,061
data/squares/empty/061_c3.png,empty,061
data/squares/empty/061_d3.png,empty,061
data/squares/empty/061_e3.png,empty,061
data/squares/empty/061_f3.png,empty,061
data/squares/r/061_g3.png,r,061
data/squares/empty/061_h3.png,empty,061
data/squares/empty/061_a2.png,empty,061
data/squares/empty/061_b2.png,empty,061
data/squares/empty/061_c2.png,empty,061
data/squares/empty/061_d2.png,empty,061
data/squares/empty/061_e2.png,empty,061
data/squares/empty/061_f2.png,empty,061
data/squares/empty/061_g2.png,empty,061
data/squares/empty/061_h2.png,empty,061
data/squares/empty/061_a1.png,empty,061
data/squares/empty/061_b1.png,empty,061
data/squares/empty/061_c1.png,empty,061
data/squares/empty/061_d1.png,empty,061
data/squares/empty/061_e1.png,empty,061
data/squares/empty/061_f1.png,empty,061
data/squares/empty/061_g1.png,empty,061
data/squares/empty/061_h1.png,empty,061
data/squares/empty/062_a8.png,empty,062
data/squares/B/062_b8.png,B,062
data/squares/empty/062_c8.png,empty,062
data/squares/empty/062_d8.png,empty,062
data/squares/n/062_e8.png,n,062
data/squares/empty/062_f8.png,empty,062
data/squares/empty/062_g8.png,empty,062
data/squares/empty/062_h8.png,empty,062
data/squares/empty/062_a7.png,empty,062
data/squares/empty/062_b7.png,empty,062
data/squares/empty/062_c7.png,empty,062
data/squares/empty/062_d7.png,empty,062
data/squares/K/062_e7.png,K,062
data/squares/empty/062_f7.png,empty,062
data/squares/empty/062_g7.png,empty,062
data/squares/n/062_h7.png,n,062
data/squares/p/062_a6.png,p,062
data/squares/empty/062_b6.png,empty,062
data/squares/empty/062_c6.png,empty,062
data/squares/empty/062_d6.png,empty,062
data/squares/empty/062_e6.png,empty,062
data/squares/p/062_f6.png,p,062
data/squares/empty/062_g6.png,empty,062
data/squares/empty/062_h6.png,empty,062
data/squares/empty/062_a5.png,empty,062
data/squares/empty/062_b5.png,empty,062
data/squares/empty/062_c5.png,empty,062
data/squares/empty/062_d5.png,empty,062
data/squares/empty/062_e5.png,empty,062
data/squares/empty/062_f5.png,empty,062
data/squares/B/062_g5.png,B,062
data/squares/empty/062_h5.png,empty,062
data/squares/empty/062_a4.png,empty,062
data/squares/empty/062_b4.png,empty,062
data/squares/empty/062_c4.png,empty,062
data/squares/empty/062_d4.png,empty,062
data/squares/empty/062_e4.png,empty,062
data/squares/empty/062_f4.png,empty,062
data/squares/empty/062_g4.png,empty,062
data/squares/empty/062_h4.png,empty,062
data/squares/empty/062_a3.png,empty,062
data/squares/p/062_b3.png,p,062
data/squares/empty/062_c3.png,empty,062
data/squares/empty/062_d3.png,empty,062
data/squares/empty/062_e3.png,empty,062
data/squares/q/062_f3.png,q,062
data/squares/empty/062_g3.png,empty,062
data/squares/k/062_h3.png,k,062
data/squares/empty/062_a2.png,empty,062
data/squares/empty/062_b2.png,empty,062
data/squares/P/062_c2.png,P,062
data/squares/empty/062_d2.png,empty,062
data/squares/empty/062_e2.png,empty,062
data/squares/q/062_f2.png,q,062
data/squares/empty/062_g2.png,empty,062
data/squares/empty/062_h2.png,empty,062
data/squares/N/062_a1.png,N,062
data/squares/empty/062_b1.png,empty,062
data/squares/empty/062_c1.png,empty,062
data/squares/empty/062_d1.png,empty,062
data/squares/empty/062_e1.png,empty,062
data/squares/empty/062_f1.png,empty,062
data/squares/r/062_g1.png,r,062
data/squares/empty/062_h1.png,empty,062
data/squares/empty/063_a8.png,empty,063
data/squares/B/063_b8.png,B,063
data/squares/empty/063_c8.png,empty,063
data/squares/empty/063_d8.png,empty,063
data/squares/n/063_e8.png,n,063
data/squares/n/063_f8.png,n,063
data/squares/empty/063_g8.png,empty,063
data/squares/k/063_h8.png,k,063
data/squares/empty/063_a7.png,empty,063
data/squares/K/063_b7.png,K,063
data/squares/empty/063_c7.png,empty,063
data/squares/empty/063_d7.png,empty,063
data/squares/empty/063_e7.png,empty,063
data/squares/B/063_f7.png,B,063
data/squares/empty/063_g7.png,empty,063
data/squares/P/063_h7.png,P,063
data/squares/empty/063_a6.png,empty,063
data/squares/empty/063_b6.png,empty,063
data/squares/empty/063_c6.png,empty,063
data/squares/empty/063_d6.png,empty,063
data/squares/empty/063_e6.png,empty,063
data/squares/N/063_f6.png,N,063
data/squares/empty/063_g6.png,empty,063
data/squares/R/063_h6.png,R,063
data/squares/empty/063_a5.png,empty,063
data/squares/empty/063_b5.png,empty,063
data/squares/N/063_c5.png,N,063
data/squares/empty/063_d5.png,empty,063
data/squares/empty/063_e5.png,empty,063
data/squares/empty/063_f5.png,empty,063
data/squares/N/063_g5.png,N,063
data/squares/n/063_h5.png,n,063
data/squares/empty/063_a4.png,empty,063
data/squares/empty/063_b4.png,empty,063
data/squares/empty/063_c4.png,empty,063
data/squares/empty/063_d4.png,empty,063
data/squares/empty/063_e4.png,empty,063
data/squares/empty/063_f4.png,empty,063
data/squares/empty/063_g4.png,empty,063
data/squares/empty/063_h4.png,empty,063
data/squares/empty/063_a3.png,empty,063
data/squares/empty/063_b3.png,empty,063
data/squares/empty/063_c3.png,empty,063
data/squares/empty/063_d3.png,empty,063
data/squares/empty/063_e3.png,empty,063
data/squares/empty/063_f3.png,empty,063
data/squares/empty/063_g3.png,empty,063
data/squares/empty/063_h3.png,empty,063
data/squares/empty/063_a2.png,empty,063
data/squares/empty/063_b2.png,empty,063
data/squares/empty/063_c2.png,empty,063
data/squares/empty/063_d2.png,empty,063
data/squares/p/063_e2.png,p,063
data/squares/empty/063_f2.png,empty,063
data/squares/p/063_g2.png,p,063
data/squares/empty/063_h2.png,empty,063
data/squares/empty/063_a1.png,empty,063
data/squares/empty/063_b1.png,empty,063
data/squares/empty/063_c1.png,empty,063
data/squares/empty/063_d1.png,empty,063
data/squares/empty/063_e1.png,empty,063
data/squares/empty/063_f1.png,empty,063
data/squares/empty/063_g1.png,empty,063
data/squares/empty/063_h1.png,empty,063
data/squares/empty/064_a8.png,empty,064
data/squares/B/064_b8.png,B,064
data/squares/empty/064_c8.png,empty,064
data/squares/empty/064_d8.png,empty,064
data/squares/n/064_e8.png,n,064
data/squares/n/064_f8.png,n,064
data/squares/empty/064_g8.png,empty,064
data/squares/empty/064_h8.png,empty,064
data/squares/empty/064_a7.png,empty,064
data/squares/empty/064_b7.png,empty,064
data/squares/empty/064_c7.png,empty,064
data/squares/empty/064_d7.png,empty,064
data/squares/empty/064_e7.png,empty,064
data/squares/empty/064_f7.png,empty,064
data/squares/empty/064_g7.png,empty,064
data/squares/empty/064_h7.png,empty,064
data/squares/empty/064_a6.png,empty,064
data/squares/empty/064_b6.png,empty,064
data/squares/empty/064_c6.png,empty,064
data/squares/empty/064_d6.png,empty,064
data/squares/empty/064_e6.png,empty,064
data/squares/empty/064_f6.png,empty,064
data/squares/empty/064_g6.png,empty,064
data/squares/empty/064_h6.png,empty,064
data/squares/n/064_a5.png,n,064
data/squares/K/064_b5.png,K,064
data/squares/empty/064_c5.png,empty,064
data/squares/empty/064_d5.png,empty,064
data/squares/empty/064_e5.png,empty,064
data/squares/empty/064_f5.png,empty,064
data/squares/n/064_g5.png,n,064
data/squares/empty/064_h5.png,empty,064
data/squares/empty/064_a4.png,empty,064
data/squares/empty/064_b4.png,empty,064
data/squares/empty/064_c4.png,empty,064
data/squares/empty/064_d4.png,empty,064
data/squares/empty/064_e4.png,empty,064
data/squares/empty/064_f4.png,empty,064
data/squares/empty/064_g4.png,empty,064
data/squares/empty/064_h4.png,empty,064
data/squares/empty/064_a3.png,empty,064
data/squares/empty/064_b3.png,empty,064
data/squares/empty/064_c3.png,empty,064
data/squares/empty/064_d3.png,empty,064
data/squares/P/064_e3.png,P,064
data/squares/empty/064_f3.png,empty,064
data/squares/empty/064_g3.png,empty,064
data/squares/empty/064_h3.png,empty,064
data/squares/empty/064_a2.png,empty,064
data/squares/p/064_b2.png,p,064
data/squares/empty/064_c2.png,empty,064
data/squares/empty/064_d2.png,empty,064
data/squares/k/064_e2.png,k,064
data/squares/empty/064_f2.png,empty,064
data/squares/empty/064_g2.png,empty,064
data/squares/empty/064_h2.png,empty,064
data/squares/empty/064_a1.png,empty,064
data/squares/empty/064_b1.png,empty,064
data/squares/empty/064_c1.png,empty,064
data/squares/empty/064_d1.png,empty,064
data/squares/empty/064_e1.png,empty,064
data/squares/empty/064_f1.png,empty,064
data/squares/empty/064_g1.png,empty,064
data/squares/empty/064_h1.png,empty,064
data/squares/empty/065_a8.png,empty,065
data/squares/B/065_b8.png,B,065
data/squares/empty/065_c8.png,empty,065
data/squares/empty/065_d8.png,empty,065
data/squares/q/065_e8.png,q,065
data/squares/q/065_f8.png,q,065
data/squares/empty/065_g8.png,empty,065
data/squares/empty/065_h8.png,empty,065
data/squares/empty/065_a7.png,empty,065
data/squares/empty/065_b7.png,empty,065
data/squares/K/065_c7.png,K,065
data/squares/empty/065_d7.png,empty,065
data/squares/empty/065_e7.png,empty,065
data/squares/empty/065_f7.png,empty,065
data/squares/empty/065_g7.png,empty,065
data/squares/empty/065_h7.png,empty,065
data/squares/empty/065_a6.png,empty,065
data/squares/empty/065_b6.png,empty,065
data/squares/empty/065_c6.png,empty,065
data/squares/empty/065_d6.png,empty,065
data/squares/empty/065_e6.png,empty,065
data/squares/empty/065_f6.png,empty,065
data/squares/empty/065_g6.png,empty,065
data/squares/empty/065_h6.png,empty,065
data/squares/empty/065_a5.png,empty,065
data/squares/empty/065_b5.png,empty,065
data/squares/empty/065_c5.png,empty,065
data/squares/empty/065_d5.png,empty,065
data/squares/empty/065_e5.png,empty,065
data/squares/n/065_f5.png,n,065
data/squares/empty/065_g5.png,empty,065
data/squares/empty/065_h5.png,empty,065
data/squares/empty/065_a4.png,empty,065
data/squares/empty/065_b4.png,empty,065
data/squares/empty/065_c4.png,empty,065
data/squares/empty/065_d4.png,empty,065
data/squares/empty/065_e4.png,empty,065
data/squares/empty/065_f4.png,empty,065
data/squares/empty/065_g4.png,empty,065
data/squares/p/065_h4.png,p,065
data/squares/empty/065_a3.png,empty,065
data/squares/empty/065_b3.png,empty,065
data/squares/empty/065_c3.png,empty,065
data/squares/empty/065_d3.png,empty,065
data/squares/empty/065_e3.png,empty,065
data/squares/empty/065_f3.png,empty,065
data/squares/k/065_g3.png,k,065
data/squares/empty/065_h3.png,empty,065
data/squares/empty/065_a2.png,empty,065
data/squares/empty/065_b2.png,empty,065
data/squares/empty/065_c2.png,empty,065
data/squares/empty/065_d2.png,empty,065
data/squares/empty/065_e2.png,empty,065
data/squares/empty/065_f2.png,empty,065
data/squares/empty/065_g2.png,empty,065
data/squares/empty/065_h2.png,empty,065
data/squares/empty/065_a1.png,empty,065
data/squares/empty/065_b1.png,empty,065
data/squares/empty/065_c1.png,empty,065
data/squares/empty/065_d1.png,empty,065
data/squares/empty/065_e1.png,empty,065
data/squares/empty/065_f1.png,empty,065
data/squares/empty/065_g1.png,empty,065
data/squares/empty/065_h1.png,empty,065
data/squares/empty/066_a8.png,empty,066
data/squares/B/066_b8.png,B,066
data/squares/empty/066_c8.png,empty,066
data/squares/empty/066_d8.png,empty,066
data/squares/r/066_e8.png,r,066
data/squares/empty/066_f8.png,empty,066
data/squares/empty/066_g8.png,empty,066
data/squares/k/066_h8.png,k,066
data/squares/empty/066_a7.png,empty,066
data/squares/empty/066_b7.png,empty,066
data/squares/N/066_c7.png,N,066
data/squares/empty/066_d7.png,empty,066
data/squares/empty/066_e7.png,empty,066
data/squares/empty/066_f7.png,empty,066
data/squares/B/066_g7.png,B,066
data/squares/empty/066_h7.png,empty,066
data/squares/empty/066_a6.png,empty,066
data/squares/empty/066_b6.png,empty,066
data/squares/empty/066_c6.png,empty,066
data/squares/empty/066_d6.png,empty,066
data/squares/empty/066_e6.png,empty,066
data/squares/empty/066_f6.png,empty,066
data/squares/empty/066_g6.png,empty,066
data/squares/empty/066_h6.png,empty,066
data/squares/r/066_a5.png,r,066
data/squares/empty/066_b5.png,empty,066
data/squares/empty/066_c5.png,empty,066
data/squares/empty/066_d5.png,empty,066
data/squares/empty/066_e5.png,empty,066
data/squares/empty/066_f5.png,empty,066
data/squares/empty/066_g5.png,empty,066
data/squares/empty/066_h5.png,empty,066
data/squares/empty/066_a4.png,empty,066
data/squares/p/066_b4.png,p,066
data/squares/empty/066_c4.png,empty,066
data/squares/empty/066_d4.png,empty,066
data/squares/empty/066_e4.png,empty,066
data/squares/N/066_f4.png,N,066
data/squares/empty/066_g4.png,empty,066
data/squares/empty/066_h4.png,empty,066
data/squares/empty/066_a3.png,empty,066
data/squares/empty/066_b3.png,empty,066
data/squares/empty/066_c3.png,empty,066
data/squares/empty/066_d3.png,empty,066
data/squares/empty/066_e3.png,empty,066
data/squares/empty/066_f3.png,empty,066
data/squares/empty/066_g3.png,empty,066
data/squares/empty/066_h3.png,empty,066
data/squares/K/066_a2.png,K,066
data/squares/empty/066_b2.png,empty,066
data/squares/empty/066_c2.png,empty,066
data/squares/empty/066_d2.png,empty,066
data/squares/empty/066_e2.png,empty,066
data/squares/empty/066_f2.png,empty,066
data/squares/empty/066_g2.png,empty,066
data/squares/empty/066_h2.png,empty,066
data/squares/empty/066_a1.png,empty,066
data/squares/empty/066_b1.png,empty,066
data/squares/empty/066_c1.png,empty,066
data/squares/empty/066_d1.png,empty,066
data/squares/empty/066_e1.png,empty,066
data/squares/empty/066_f1.png,empty,066
data/squares/empty/066_g1.png,empty,066
data/squares/empty/066_h1.png,empty,066
data/squares/empty/067_a8.png,empty,067
data/squares/B/067_b8.png,B,067
data/squares/empty/067_c8.png,empty,067
data/squares/empty/067_d8.png,empty,067
data/squares/r/067_e8.png,r,067
data/squares/empty/067_f8.png,empty,067
data/squares/empty/067_g8.png,empty,067
data/squares/empty/067_h8.png,empty,067
data/squares/empty/067_a7.png,empty,067
data/squares/B/067_b7.png,B,067
data/squares/empty/067_c7.png,empty,067
data/squares/empty/067_d7.png,empty,067
data/squares/empty/067_e7.png,empty,067
data/squares/empty/067_f7.png,empty,067
data/squares/empty/067_g7.png,empty,067
data/squares/empty/067_h7.png,empty,067
data/squares/K/067_a6.png,K,067
data/squares/empty/067_b6.png,empty,067
data/squares/empty/067_c6.png,empty,067
data/squares/empty/067_d6.png,empty,067
data/squares/empty/067_e6.png,empty,067
data/squares/empty/067_f6.png,empty,067
data/squares/empty/067_g6.png,empty,067
data/squares/empty/067_h6.png,empty,067
data/squares/empty/067_a5.png,empty,067
data/squares/empty/067_b5.png,empty,067
data/squares/empty/067_c5.png,empty,067
data/squares/empty/067_d5.png,empty,067
data/squares/empty/067_e5.png,empty,067
data/squares/empty/067_f5.png,empty,067
data/squares/empty/067_g5.png,empty,067
data/squares/empty/067_h5.png,empty,067
data/squares/empty/067_a4.png,empty,067
data/squares/empty/067_b4.png,empty,067
data/squares/empty/067_c4.png,empty,067
data/squares/q/067_d4.png,q,067
data/squares/empty/067_e4.png,empty,067
data/squares/empty/067_f4.png,empty,067
data/squares/empty/067_g4.png,empty,067
data/squares/empty/067_h4.png,empty,067
data/squares/empty/067_a3.png,empty,067
data/squares/r/067_b3.png,r,067
data/squares/empty/067_c3.png,empty,067
data/squares/k/067_d3.png,k,067
data/squares/empty/067_e3.png,empty,067
data/squares/empty/067_f3.png,empty,067
data/squares/empty/067_g3.png,empty,067
data/squares/empty/067_h3.png,empty,067
data/squares/empty/067_a2.png,empty,067
data/squares/empty/067_b2.png,empty,067
data/squares/empty/067_c2.png,empty,067
data/squares/empty/067_d2.png,empty,067
data/squares/empty/067_e2.png,empty,067
data/squares/empty/067_f2.png,empty,067
data/squares/empty/067_g2.png,empty,067
data/squares/r/067_h2.png,r,067
data/squares/empty/067_a1.png,empty,067
data/squares/empty/067_b1.png,empty,067
data/squares/R/067_c1.png,R,067
data/squares/empty/067_d1.png,empty,067
data/squares/r/067_e1.png,r,067
data/squares/empty/067_f1.png,empty,067
data/squares/empty/067_g1.png,empty,067
data/squares/empty/067_h1.png,empty,067
data/squares/empty/068_a8.png,empty,068
data/squares/B/068_b8.png,B,068
data/squares/empty/068_c8.png,empty,068
data/squares/empty/068_d8.png,empty,068
data/squares/r/068_e8.png,r,068
data/squares/empty/068_f8.png,empty,068
data/squares/empty/068_g8.png,empty,068
data/squares/empty/068_h8.png,empty,068
data/squares/empty/068_a7.png,empty,068
data/squares/empty/068_b7.png,empty,068
data/squares/empty/068_c7.png,empty,068
data/squares/P/068_d7.png,P,068
data/squares/P/068_e7.png,P,068
data/squares/empty/068_f7.png,empty,068
data/squares/empty/068_g7.png,empty,068
data/squares/empty/068_h7.png,empty,068
data/squares/empty/068_a6.png,empty,068
data/squares/empty/068_b6.png,empty,068
data/squares/empty/068_c6.png,empty,068
data/squares/p/068_d6.png,p,068
data/squares/empty/068_e6.png,empty,068
data/squares/R/068_f6.png,R,068
data/squares/empty/068_g6.png,empty,068
data/squares/K/068_h6.png,K,068
data/squares/P/068_a5.png,P,068
data/squares/empty/068_b5.png,empty,068
data/squares/empty/068_c5.png,empty,068
data/squares/empty/068_d5.png,empty,068
data/squares/empty/068_e5.png,empty,068
data/squares/b/068_f5.png,b,068
data/squares/p/068_g5.png,p,068
data/squares/empty/068_h5.png,empty,068
data/squares/empty/068_a4.png,empty,068
data/squares/empty/068_b4.png,empty,068
data/squares/empty/068_c4.png,empty,068
data/squares/empty/068_d4.png,empty,068
data/squares/empty/068_e4.png,empty,068
data/squares/empty/068_f4.png,empty,068
data/squares/empty/068_g4.png,empty,068
data/squares/empty/068_h4.png,empty,068
data/squares/empty/068_a3.png,empty,068
data/squares/empty/068_b3.png,empty,068
data/squares/empty/068_c3.png,empty,068
data/squares/P/068_d3.png,P,068
data/squares/empty/068_e3.png,empty,068
data/squares/N/068_f3.png,N,068
data/squares/N/068_g3.png,N,068
data/squares/empty/068_h3.png,empty,068
data/squares/empty/068_a2.png,empty,068
data/squares/empty/068_b2.png,empty,068
data/squares/empty/068_c2.png,empty,068
data/squares/empty/068_d2.png,empty,068
data/squares/P/068_e2.png,P,068
data/squares/empty/068_f2.png,empty,068
data/squares/empty/068_g2.png,empty,068
data/squares/empty/068_h2.png,empty,068
data/squares/empty/068_a1.png,empty,068
data/squares/empty/068_b1.png,empty,068
data/squares/empty/068_c1.png,empty,068
data/squares/empty/068_d1.png,empty,068
data/squares/empty/068_e1.png,empty,068
data/squares/empty/068_f1.png,empty,068
data/squares/empty/068_g1.png,empty,068
data/squares/k/068_h1.png,k,068
data/squares/empty/069_a8.png,empty,069
data/squares/B/069_b8.png,B,069
data/squares/empty/069_c8.png,empty,069
data/squares/empty/069_d8.png,empty,069
data/squares/empty/069_e8.png,empty,069
data/squares/B/069_f8.png,B,069
data/squares/empty/069_g8.png,empty,069
data/squares/k/069_h8.png,k,069
data/squares/empty/069_a7.png,empty,069
data/squares/empty/069_b7.png,empty,069
data/squares/empty/069_c7.png,empty,069
data/squares/empty/069_d7.png,empty,069
data/squares/empty/069_e7.png,empty,069
data/squares/empty/069_f7.png,empty,069
data/squares/empty/069_g7.png,empty,069
data/squares/b/069_h7.png,b,069
data/squares/P/069_a6.png,P,069
data/squares/empty/069_b6.png,empty,069
data/squares/empty/069_c6.png,empty,069
data/squares/p/069_d6.png,p,069
data/squares/empty/069_e6.png,empty,069
data/squares/empty/069_f6.png,empty,069
data/squares/empty/069_g6.png,empty,069
data/squares/r/069_h6.png,r,069
data/squares/empty/069_a5.png,empty,069
data/squares/empty/069_b5.png,empty,069
data/squares/empty/069_c5.png,empty,069
data/squares/empty/069_d5.png,empty,069
data/squares/Q/069_e5.png,Q,069
data/squares/empty/069_f5.png,empty,069
data/squares/empty/069_g5.png,empty,069
data/squares/empty/069_h5.png,empty,069
data/squares/empty/069_a4.png,empty,069
data/squares/empty/069_b4.png,empty,069
data/squares/empty/069_c4.png,empty,069
data/squares/empty/069_d4.png,empty,069
data/squares/empty/069_e4.png,empty,069
data/squares/empty/069_f4.png,empty,069
data/squares/empty/069_g4.png,empty,069
data/squares/empty/069_h4.png,empty,069
data/squares/empty/069_a3.png,empty,069
data/squares/n/069_b3.png,n,069
data/squares/empty/069_c3.png,empty,069
data/squares/empty/069_d3.png,empty,069
data/squares/empty/069_e3.png,empty,069
data/squares/empty/069_f3.png,empty,069
data/squares/empty/069_g3.png,empty,069
data/squares/empty/069_h3.png,empty,069
data/squares/empty/069_a2.png,empty,069
data/squares/empty/069_b2.png,empty,069
data/squares/N/069_c2.png,N,069
data/squares/empty/069_d2.png,empty,069
data/squares/empty/069_e2.png,empty,069
data/squares/empty/069_f2.png,empty,069
data/squares/K/069_g2.png,K,069
data/squares/empty/069_h2.png,empty,069
data/squares/empty/069_a1.png,empty,069
data/squares/empty/069_b1.png,empty,069
data/squares/empty/069_c1.png,empty,069
data/squares/empty/069_d1.png,empty,069
data/squares/empty/069_e1.png,empty,069
data/squares/empty/069_f1.png,empty,069
data/squares/empty/069_g1.png,empty,069
data/squares/b/069_h1.png,b,069
data/squares/empty/070_a8.png,empty,070
data/squares/B/070_b8.png,B,070
data/squares/empty/070_c8.png,empty,070
data/squares/empty/070_d8.png,empty,070
data/squares/empty/070_e8.png,empty,070
data/squares/B/070_f8.png,B,070
data/squares/empty/070_g8.png,empty,070
data/squares/empty/070_h8.png,empty,070
data/squares/empty/070_a7.png,empty,070
data/squares/empty/070_b7.png,empty,070
data/squares/b/070_c7.png,b,070
data/squares/empty/070_d7.png,empty,070
data/squares/empty/070_e7.png,empty,070
data/squares/empty/070_f7.png,empty,070
data/squares/empty/070_g7.png,empty,070
data/squares/k/070_h7.png,k,070
data/squares/empty/070_a6.png,empty,070
data/squares/empty/070_b6.png,empty,070
data/squares/empty/070_c6.png,empty,070
data/squares/empty/070_d6.png,empty,070
data/squares/empty/070_e6.png,empty,070
data/squares/empty/070_f6.png,empty,070
data/squares/b/070_g6.png,b,070
data/squares/p/070_h6.png,p,070
data/squares/empty/070_a5.png,empty,070
data/squares/empty/070_b5.png,empty,070
data/squares/B/070_c5.png,B,070
data/squares/n/070_d5.png,n,070
data/squares/empty/070_e5.png,empty,070
data/squares/empty/070_f5.png,empty,070
data/squares/empty/070_g5.png,empty,070
data/squares/empty/070_h5.png,empty,070
data/squares/empty/070_a4.png,empty,070
data/squares/Q/070_b4.png,Q,070
data/squares/empty/070_c4.png,empty,070
data/squares/empty/070_d4.png,empty,070
data/squares/empty/070_e4.png,empty,070
data/squares/empty/070_f4.png,empty,070
data/squares/Q/070_g4.png,Q,070
data/squares/empty/070_h4.png,empty,070
data/squares/empty/070_a3.png,empty,070
data/squares/empty/070_b3.png,empty,070
data/squares/empty/070_c3.png,empty,070
data/squares/empty/070_d3.png,empty,070
data/squares/N/070_e3.png,N,070
data/squares/empty/070_f3.png,empty,070
data/squares/empty/070_g3.png,empty,070
data/squares/empty/070_h3.png,empty,070
data/squares/empty/070_a2.png,empty,070
data/squares/K/070_b2.png,K,070
data/squares/R/070_c2.png,R,070
data/squares/empty/070_d2.png,empty,070
data/squares/empty/070_e2.png,empty,070
data/squares/empty/070_f2.png,empty,070
data/squares/empty/070_g2.png,empty,070
data/squares/empty/070_h2.png,empty,070
data/squares/empty/070_a1.png,empty,070
data/squares/empty/070_b1.png,empty,070
data/squares/empty/070_c1.png,empty,070
data/squares/r/070_d1.png,r,070
data/squares/empty/070_e1.png,empty,070
data/squares/q/070_f1.png,q,070
data/squares/empty/070_g1.png,empty,070
data/squares/empty/070_h1.png,empty,070
data/squares/empty/071_a8.png,empty,071
data/squares/B/071_b8.png,B,071
data/squares/empty/071_c8.png,empty,071
data/squares/empty/071_d8.png,empty,071
data/squares/empty/071_e8.png,empty,071
data/squares/B/071_f8.png,B,071
data/squares/empty/071_g8.png,empty,071
data/squares/empty/071_h8.png,empty,071
data/squares/empty/071_a7.png,empty,071
data/squares/empty/071_b7.png,empty,071
data/squares/empty/071_c7.png,empty,071
data/squares/r/071_d7.png,r,071
data/squares/empty/071_e7.png,empty,071
data/squares/empty/071_f7.png,empty,071
data/squares/empty/071_g7.png,empty,071
data/squares/empty/071_h7.png,empty,071
data/squares/empty/071_a6.png,empty,071
data/squares/empty/071_b6.png,empty,071
data/squares/empty/071_c6.png,empty,071
data/squares/empty/071_d6.png,empty,071
data/squares/empty/071_e6.png,empty,071
data/squares/empty/071_f6.png,empty,071
data/squares/empty/071_g6.png,empty,071
data/squares/empty/071_h6.png,empty,071
data/squares/empty/071_a5.png,empty,071
data/squares/empty/071_b5.png,empty,071
data/squares/empty/071_c5.png,empty,071
data/squares/empty/071_d5.png,empty,071
data/squares/empty/071_e5.png,empty,071
data/squares/empty/071_f5.png,empty,071
data/squares/empty/071_g5.png,empty,071
data/squares/empty/071_h5.png,empty,071
data/squares/empty/071_a4.png,empty,071
data/squares/empty/071_b4.png,empty,071
data/squares/empty/071_c4.png,empty,071
data/squares/empty/071_d4.png,empty,071
data/squares/empty/071_e4.png,empty,071
data/squares/K/071_f4.png,K,071
data/squares/empty/071_g4.png,empty,071
data/squares/empty/071_h4.png,empty,071
data/squares/empty/071_a3.png,empty,071
data/squares/R/071_b3.png,R,071
data/squares/empty/071_c3.png,empty,071
data/squares/empty/071_d3.png,empty,071
data/squares/empty/071_e3.png,empty,071
data/squares/empty/071_f3.png,empty,071
data/squares/empty/071_g3.png,empty,071
data/squares/k/071_h3.png,k,071
data/squares/empty/071_a2.png,empty,071
data/squares/empty/071_b2.png,empty,071
data/squares/empty/071_c2.png,empty,071
data/squares/empty/071_d2.png,empty,071
data/squares/empty/071_e2.png,empty,071
data/squares/empty/071_f2.png,empty,071
data/squares/R/071_g2.png,R,071
data/squares/empty/071_h2.png,empty,071
data/squares/empty/071_a1.png,empty,071
data/squares/empty/071_b1.png,empty,071
data/squares/empty/071_c1.png,empty,071
data/squares/empty/071_d1.png,empty,071
data/squares/R/071_e1.png,R,071
data/squares/empty/071_f1.png,empty,071
data/squares/empty/071_g1.png,empty,071
data/squares/empty/071_h1.png,empty,071
data/squares/empty/073_a8.png,empty,073
data/squares/B/073_b8.png,B,073
data/squares/empty/073_c8.png,empty,073
data/squares/empty/073_d8.png,empty,073
data/squares/empty/073_e8.png,empty,073
data/squares/B/073_f8.png,B,073
data/squares/empty/073_g8.png,empty,073
data/squares/empty/073_h8.png,empty,073
data/squares/empty/073_a7.png,empty,073
data/squares/empty/073_b7.png,empty,073
data/squares/empty/073_c7.png,empty,073
data/squares/empty/073_d7.png,empty,073
data/squares/empty/073_e7.png,empty,073
data/squares/empty/073_f7.png,empty,073
data/squares/empty/073_g7.png,empty,073
data/squares/empty/073_h7.png,empty,073
data/squares/empty/073_a6.png,empty,073
data/squares/empty/073_b6.png,empty,073
data/squares/empty/073_c6.png,empty,073
data/squares/empty/073_d6.png,empty,073
data/squares/empty/073_e6.png,empty,073
data/squares/empty/073_f6.png,empty,073
data/squares/empty/073_g6.png,empty,073
data/squares/empty/073_h6.png,empty,073
data/squares/empty/073_a5.png,empty,073
data/squares/K/073_b5.png,K,073
data/squares/empty/073_c5.png,empty,073
data/squares/empty/073_d5.png,empty,073
data/squares/empty/073_e5.png,empty,073
data/squares/empty/073_f5.png,empty,073
data/squares/k/073_g5.png,k,073
data/squares/empty/073_h5.png,empty,073
data/squares/empty/073_a4.png,empty,073
data/squares/empty/073_b4.png,empty,073
data/squares/empty/073_c4.png,empty,073
data/squares/empty/073_d4.png,empty,073
data/squares/empty/073_e4.png,empty,073
data/squares/empty/073_f4.png,empty,073
data/squares/empty/073_g4.png,empty,073
data/squares/empty/073_h4.png,empty,073
data/squares/empty/073_a3.png,empty,073
data/squares/empty/073_b3.png,empty,073
data/squares/empty/073_c3.png,empty,073
data/squares/empty/073_d3.png,empty,073
data/squares/empty/073_e3.png,empty,073
data/squares/empty/073_f3.png,empty,073
data/squares/empty/073_g3.png,empty,073
data/squares/empty/073_h3.png,empty,073
data/squares/empty/073_a2.png,empty,073
data/squares/empty/073_b2.png,empty,073
data/squares/empty/073_c2.png,empty,073
data/squares/empty/073_d2.png,empty,073
data/squares/empty/073_e2.png,empty,073
data/squares/empty/073_f2.png,empty,073
data/squares/empty/073_g2.png,empty,073
data/squares/empty/073_h2.png,empty,073
data/squares/empty/073_a1.png,empty,073
data/squares/empty/073_b1.png,empty,073
data/squares/empty/073_c1.png,empty,073
data/squares/empty/073_d1.png,empty,073
data/squares/n/073_e1.png,n,073
data/squares/empty/073_f1.png,empty,073
data/squares/n/073_g1.png,n,073
data/squares/B/073_h1.png,B,073
data/squares/empty/074_a8.png,empty,074
data/squares/B/074_b8.png,B,074
data/squares/empty/074_c8.png,empty,074
data/squares/empty/074_d8.png,empty,074
data/squares/empty/074_e8.png,empty,074
data/squares/B/074_f8.png,B,074
data/squares/b/074_g8.png,b,074
data/squares/empty/074_h8.png,empty,074
data/squares/empty/074_a7.png,empty,074
data/squares/empty/074_b7.png,empty,074
data/squares/empty/074_c7.png,empty,074
data/squares/empty/074_d7.png,empty,074
data/squares/empty/074_e7.png,empty,074
data/squares/empty/074_f7.png,empty,074
data/squares/empty/074_g7.png,empty,074
data/squares/empty/074_h7.png,empty,074
data/squares/empty/074_a6.png,empty,074
data/squares/empty/074_b6.png,empty,074
data/squares/K/074_c6.png,K,074
data/squares/empty/074_d6.png,empty,074
data/squares/empty/074_e6.png,empty,074
data/squares/empty/074_f6.png,empty,074
data/squares/k/074_g6.png,k,074
data/squares/empty/074_h6.png,empty,074
data/squares/empty/074_a5.png,empty,074
data/squares/empty/074_b5.png,empty,074
data/squares/empty/074_c5.png,empty,074
data/squares/empty/074_d5.png,empty,074
data/squares/empty/074_e5.png,empty,074
data/squares/empty/074_f5.png,empty,074
data/squares/empty/074_g5.png,empty,074
data/squares/empty/074_h5.png,empty,074
data/squares/empty/074_a4.png,empty,074
data/squares/empty/074_b4.png,empty,074
data/squares/empty/074_c4.png,empty,074
data/squares/P/074_d4.png,P,074
data/squares/empty/074_e4.png,empty,074
data/squares/empty/074_f4.png,empty,074
data/squares/empty/074_g4.png,empty,074
data/squares/empty/074_h4.png,empty,074
data/squares/empty/074_a3.png,empty,074
data/squares/empty/074_b3.png,empty,074
data/squares/empty/074_c3.png,empty,074
data/squares/empty/074_d3.png,empty,074
data/squares/empty/074_e3.png,empty,074
data/squares/empty/074_f3.png,empty,074
data/squares/empty/074_g3.png,empty,074
data/squares/empty/074_h3.png,empty,074
data/squares/empty/074_a2.png,empty,074
data/squares/empty/074_b2.png,empty,074
data/squares/empty/074_c2.png,empty,074
data/squares/empty/074_d2.png,empty,074
data/squares/empty/074_e2.png,empty,074
data/squares/r/074_f2.png,r,074
data/squares/empty/074_g2.png,empty,074
data/squares/empty/074_h2.png,empty,074
data/squares/empty/074_a1.png,empty,074
data/squares/empty/074_b1.png,empty,074
data/squares/R/074_c1.png,R,074
data/squares/empty/074_d1.png,empty,074
data/squares/empty/074_e1.png,empty,074
data/squares/empty/074_f1.png,empty,074
data/squares/N/074_g1.png,N,074
data/squares/empty/074_h1.png,empty,074
